id;vencimento;descricao;fornecedor;obra;origem;status;valor
"570456";"2019-11-21";"OS #5036 — Substituição de amortecedores dianteiros, coxins de amortecedor, reparo de amortecedor, bieletas e kit estabilizador. Serviço executado.";"OS #5036 — Substituição de amortecedores dianteiros, coxins de amortecedor, reparo de amortecedor, bieletas e kit estabilizador. Serviço executado.";"";"frota_manutencao";"a_pagar";"2375,52"
"571742";"2019-11-21";"OS #5036 — Substituição de amortecedores dianteiros, coxins de amortecedor, reparo de amortecedor, bieletas e kit estabilizador. Serviço executado.";"OS #5036 — Substituição de amortecedores dianteiros, coxins de amortecedor, reparo de amortecedor, bieletas e kit estabilizador. Serviço executado.";"";"frota_manutencao";"a_pagar";"2375,52"
"570457";"2019-11-21";"Suspensão dianteira: amortecedores, coxins, reparo, bieletas, kit estabilizador";"Suspensão dianteira: amortecedores, coxins, reparo, bieletas, kit estabilizador";"";"frota_manutencao";"a_pagar";"2375,52"
"571765";"2022-12-18";"OS #6597 — Serviço executado: substituição de pastilha freio, disco freio, cilindro roda (2), fluido freio (2), reservatório d'água, tampa reservatório, aditivo (2), água desmineralizada (8), correia poliv, tensor correia poliv, tensor auxiliar poliv, kit bicos, descarbonizante, óleo motor (4L), filtro ar, filtro óleo, filtro combustível, coxim câmbio, solvente limp radiador (2) e equalização dos bicos (4). Manutenção preventiva geral com revisão de freios, correia e filtros.";"OS #6597 — Serviço executado: substituição de pastilha freio, disco freio, cilindro roda (2), fluido freio (2), reservatório d'água, tampa reservatório, aditivo (2), água desmineralizada (8), correia poliv, tensor correia poliv, tensor auxiliar poliv, kit";"";"frota_manutencao";"a_pagar";"3320,06"
"571924";"2023-01-31";"Ignição/injeção: jogo de velas, bobina, filtro de combustível, kit/limpeza de bicos, descarbonizante";"Ignição/injeção: jogo de velas, bobina, filtro de combustível, kit/limpeza de bicos, descarbonizante";"";"frota_manutencao";"a_pagar";"942,25"
"571925";"2023-01-31";"OS #6664 — Revisão de motor: substituição de retentor motor, jogo retentor válvula, junta motor, anti chama, mangueira anti chama, reservatório, tampa reservatório, aditivo, água desmeralizada, válvula termostática, silicone, hiner, descarbonizante, válvula admissão, válvula escape, sensor temperatura, câmara válvula, kit bico e produto limpeza bicos. Retífica de motor.";"OS #6664 — Revisão de motor: substituição de retentor motor, jogo retentor válvula, junta motor, anti chama, mangueira anti chama, reservatório, tampa reservatório, aditivo, água desmeralizada, válvula termostática, silicone, hiner, descarbonizante, válvu";"";"frota_manutencao";"a_pagar";"3076,49"
"571828";"2023-02-15";"OS #6679 — Serviço executado: kit embreagem, coxim câmbio, cinta plástica";"OS #6679 — Serviço executado: kit embreagem, coxim câmbio, cinta plástica";"";"frota_manutencao";"a_pagar";"2151,74"
"571805";"2023-04-24";"OS #6778 — Substituição de ventuinha e resistência do sistema de arrefecimento/ventilação.";"OS #6778 — Substituição de ventuinha e resistência do sistema de arrefecimento/ventilação.";"";"frota_manutencao";"a_pagar";"1440,00"
"571809";"2023-04-24";"Arrefecimento: ventoinha + resistência";"Arrefecimento: ventoinha + resistência";"";"frota_manutencao";"a_pagar";"1440,00"
"571923";"2023-05-12";"OS #6816 — Substituição de caixa rótula, alavanca de marcha e kit trambulador.";"OS #6816 — Substituição de caixa rótula, alavanca de marcha e kit trambulador.";"";"frota_manutencao";"a_pagar";"703,33"
"571832";"2023-06-23";"OS #6882 — Serviço executado: concerto caixa direção, coxim câmbio, coxim motor, óleo motor";"OS #6882 — Serviço executado: concerto caixa direção, coxim câmbio, coxim motor, óleo motor";"";"frota_manutencao";"a_pagar";"2307,00"
"571762";"2023-06-23";"OS #6880 — Serviço executado: substituição de kit bicos e produto limpeza bicos (4 unid). Atenção: marca registrada na OS como 'GM', possivelmente erro de cadastro.";"OS #6880 — Serviço executado: substituição de kit bicos e produto limpeza bicos (4 unid). Atenção: marca registrada na OS como 'GM', possivelmente erro de cadastro.";"";"frota_manutencao";"a_pagar";"512,00"
"571922";"2023-07-03";"OS #6894 — Revisão de câmbio: substituição de engrenagem da 4ª, rol 4ª engrenagem, espaçador da 4ª engrenagem, rol primário, retentor eixo piloto, luva da 2ª marcha, reten da 2ª marcha, silicone loctatti, óleo câmbio. Inclui serviço câmbio e serviço eletrecista.";"OS #6894 — Revisão de câmbio: substituição de engrenagem da 4ª, rol 4ª engrenagem, espaçador da 4ª engrenagem, rol primário, retentor eixo piloto, luva da 2ª marcha, reten da 2ª marcha, silicone loctatti, óleo câmbio. Inclui serviço câmbio e serviço eletr";"";"frota_manutencao";"a_pagar";"3768,00"
"571898";"2023-07-31";"Suspensão/freios: pivôs, bandejas, amortecedores, buchas, pastilhas/sapatas, cilindros (roda/mestre), fluido de freio";"Suspensão/freios: pivôs, bandejas, amortecedores, buchas, pastilhas/sapatas, cilindros (roda/mestre), fluido de freio";"";"frota_manutencao";"a_pagar";"5360,00"
"571903";"2023-07-31";"OS #6937 — Manutenção corretiva: substituição de pivo, bandeija inferior, amortecedor dianteiro, jogo pastilha, bucha feixe, jogo sapata freio, cilindro roda traseiro, fluido freio, reparo sapata freio e cilindro mestre.";"OS #6937 — Manutenção corretiva: substituição de pivo, bandeija inferior, amortecedor dianteiro, jogo pastilha, bucha feixe, jogo sapata freio, cilindro roda traseiro, fluido freio, reparo sapata freio e cilindro mestre.";"";"frota_manutencao";"a_pagar";"5360,00"
"571837";"2023-08-31";"OS #6973 — Serviço executado: coxim motor";"OS #6973 — Serviço executado: coxim motor";"";"frota_manutencao";"a_pagar";"520,00"
"571760";"2023-12-02";"OS #7102 — Serviço executado: substituição de coxim motor, junta coletor escape, veda escape, anel vedação escape, kit bicos, produto limpeza bicos (4 unid) e retirada catalizador.";"OS #7102 — Serviço executado: substituição de coxim motor, junta coletor escape, veda escape, anel vedação escape, kit bicos, produto limpeza bicos (4 unid) e retirada catalizador.";"";"frota_manutencao";"a_pagar";"1244,00"
"571841";"2023-12-11";"OS #7110 — Serviço executado: terminal direção, kit estabilizador, bieletas, bandeija, jogo vela, trava pastilha, sensor temperatura, descarbonizante, serviço eletrecista";"OS #7110 — Serviço executado: terminal direção, kit estabilizador, bieletas, bandeija, jogo vela, trava pastilha, sensor temperatura, descarbonizante, serviço eletrecista";"";"frota_manutencao";"a_pagar";"2919,00"
"571800";"2023-12-15";"OS #7126 — Troca de correia poly, correia elástica, tensor correia poly, kit correia dentada, retentor comando, aditivo (2), jogo de velas, kit bicos, galão água desmeralizada, coxim motor, produto limpeza bicos (3).";"OS #7126 — Troca de correia poly, correia elástica, tensor correia poly, kit correia dentada, retentor comando, aditivo (2), jogo de velas, kit bicos, galão água desmeralizada, coxim motor, produto limpeza bicos (3).";"";"frota_manutencao";"a_pagar";"2763,00"
"571758";"2023-12-15";"Correias (poly-V, elástica, kit dentada) + tensor, retentor comando, velas, kit bicos, aditivo, coxim motor";"Correias (poly-V, elástica, kit dentada) + tensor, retentor comando, velas, kit bicos, aditivo, coxim motor";"";"frota_manutencao";"a_pagar";"2763,00"
"571848";"2023-12-19";"OS #7134 — Serviço executado: troca óleo motor, filtro óleo, concerto módulo";"OS #7134 — Serviço executado: troca óleo motor, filtro óleo, concerto módulo";"";"frota_manutencao";"a_pagar";"962,00"
"571754";"2024-01-16";"OS #7160 — Serviço executado: concerto módulo (injeção), despesa gasolina e eletrecista.";"OS #7160 — Serviço executado: concerto módulo (injeção), despesa gasolina e eletrecista.";"";"frota_manutencao";"a_pagar";"2800,00"
"571752";"2024-03-27";"Direção hidráulica: conserto da caixa de direção, óleo, lavagem do motor, solda cano de óleo";"Direção hidráulica: conserto da caixa de direção, óleo, lavagem do motor, solda cano de óleo";"";"frota_manutencao";"a_pagar";"3212,00"
"571750";"2024-03-27";"Ignição: bobina de ignição + borrachas de escapamento";"Ignição: bobina de ignição + borrachas de escapamento";"";"frota_manutencao";"a_pagar";"632,00"
"571756";"2024-03-27";"OS #7267 — Serviço executado: substituição de disco freio (2 unid), pastilha freio, trizeta câmbio, tulipa câmbio, abraçadeira universal e coifa trizeta.";"OS #7267 — Serviço executado: substituição de disco freio (2 unid), pastilha freio, trizeta câmbio, tulipa câmbio, abraçadeira universal e coifa trizeta.";"";"frota_manutencao";"a_pagar";"2448,00"
"571901";"2024-03-28";"OS #7263 — Manutenção corretiva: substituição de óleo direção hidráulica, caixa de direção (concerto), lavagem carro/motor, solda cano óleo e óleo diesel.";"OS #7263 — Manutenção corretiva: substituição de óleo direção hidráulica, caixa de direção (concerto), lavagem carro/motor, solda cano óleo e óleo diesel.";"";"frota_manutencao";"a_pagar";"3212,00"
"571781";"2024-04-17";"OS #7295 — Reparo no sistema de arrefecimento: troca de interruptor radiador, abraçadeiras 19x27, óleo motor, mangueira superior e mangueira reservatório. Guincho incluso.";"OS #7295 — Reparo no sistema de arrefecimento: troca de interruptor radiador, abraçadeiras 19x27, óleo motor, mangueira superior e mangueira reservatório. Guincho incluso.";"";"frota_manutencao";"a_pagar";"719,80"
"571784";"2024-04-17";"Arrefecimento: interruptor do radiador, mangueiras (superior/reservatório), abraçadeira, óleo motor";"Arrefecimento: interruptor do radiador, mangueiras (superior/reservatório), abraçadeira, óleo motor";"";"frota_manutencao";"a_pagar";"719,80"
"571802";"2024-06-06";"OS #7384 — Revisão completa: embreagem, suspensão e freios. Peças: sonda lambda, kit embreagem, fluido embreagem (2L), óleo câmbio, coxim amortecedor diant (2), reparo amortecedor diant, mangueira pra mola (3), bieleta (2), jogo pastilha, jogo disco freio, coifa ponteira (2), rolamento roda traseira direito, kit amortecedor traseiro, jogo vela, filtro combustível, descarbonizante, kit TBI, produto limpeza bicos (3). MO R$ 1.500 + Peças R$ 4.153.";"OS #7384 — Revisão completa: embreagem, suspensão e freios. Peças: sonda lambda, kit embreagem, fluido embreagem (2L), óleo câmbio, coxim amortecedor diant (2), reparo amortecedor diant, mangueira pra mola (3), bieleta (2), jogo pastilha, jogo disco freio";"";"frota_manutencao";"a_pagar";"4700,00"
"571793";"2024-06-14";"OS #7393 — Troca de coxim e reparo de amortecedor dianteiro (2 cada), mangueiras para mola (3), bieletas (2), jogo de pastilha, jogo disco freio, coifa ponteira homocinética (2), cubo roda traseiro esq, kit amortecedor traseiro (2), vela, filtro combustível, descarbonizante, kit TBI, produto limpeza bicos (3).";"OS #7393 — Troca de coxim e reparo de amortecedor dianteiro (2 cada), mangueiras para mola (3), bieletas (2), jogo de pastilha, jogo disco freio, coifa ponteira homocinética (2), cubo roda traseiro esq, kit amortecedor traseiro (2), vela, filtro combustív";"";"frota_manutencao";"a_pagar";"3333,00"
"571797";"2024-06-14";"Suspensão e freios: coxim/reparo amortecedor, bieletas, pastilhas, discos, cubo traseiro, kit amortecedor traseiro, ponteira homocinética + velas/filtro/TBI";"Suspensão e freios: coxim/reparo amortecedor, bieletas, pastilhas, discos, cubo traseiro, kit amortecedor traseiro, ponteira homocinética + velas/filtro/TBI";"";"frota_manutencao";"a_pagar";"3333,00"
"571858";"2024-07-24";"OS #7441 — Retífica motor completa. Peças: jogo junta motor, jogo pistão com anel, jogo bronzina biela/mancal, jogo anel encosto, bomba de óleo, pescador bomba óleo, óleo motor, filtro óleo/ar/combustível, kit corrente motor, retentores (traseiro, dianteiro, comando, válvula), kit bicos, jogo vela, jogo válvula escape/admissão, solvente, descarbonizante, aditivo, silicone, cola 3M, cola trava rosca, jogo parafuso cabeçote, correia/tensor poliv, coxim motor/câmbio/câmbio superior, cano/bomba d'água, válvula termostática, produto limpeza bicos. MO R$ 3.000 + Peças R$ 10.886 + Retífica R$ 2.600. Desconto 25% peças.";"OS #7441 — Retífica motor completa. Peças: jogo junta motor, jogo pistão com anel, jogo bronzina biela/mancal, jogo anel encosto, bomba de óleo, pescador bomba óleo, óleo motor, filtro óleo/ar/combustível, kit corrente motor, retentores (traseiro, diantei";"";"frota_manutencao";"a_pagar";"11260,00"
"571854";"2024-07-24";"OS #7441 — Revisão/retífica do motor: jogo pistão, bronzinas, kit corrente, bomba de óleo, filtros, retentores, válvulas, correias, coxins e demais peças para retífica completa";"OS #7441 — Revisão/retífica do motor: jogo pistão, bronzinas, kit corrente, bomba de óleo, filtros, retentores, válvulas, correias, coxins e demais peças para retífica completa";"";"frota_manutencao";"a_pagar";"16486,00"
"861327";"2024-08-09";"Financiamento Retroescavadeira JCB";"Caixa Econômica Federal";"Chlorum Solutions - Uberlândia";"importacao_excel";"a_pagar";"9555,20"
"861326";"2024-08-09";"Financiamento Retroescavadeira JCB";"Caixa Econômica Federal";"Chlorum Solutions - Uberlândia";"importacao_excel";"a_pagar";"9581,70"
"861323";"2024-08-09";"Financiamento Retroescavadeira JCB";"Caixa Econômica Federal";"Chlorum Solutions - Uberlândia";"importacao_excel";"a_pagar";"9561,82"
"861328";"2024-08-09";"Financiamento Retroescavadeira JCB";"Caixa Econômica Federal";"Chlorum Solutions - Uberlândia";"importacao_excel";"a_pagar";"9528,78"
"861321";"2024-08-09";"Financiamento Retroescavadeira JCB";"Caixa Econômica Federal";"Chlorum Solutions - Uberlândia";"importacao_excel";"a_pagar";"9568,44"
"861329";"2024-08-09";"Financiamento Retroescavadeira JCB";"Caixa Econômica Federal";"Chlorum Solutions - Uberlândia";"importacao_excel";"a_pagar";"9588,33"
"861332";"2024-08-09";"Financiamento Retroescavadeira JCB";"Caixa Econômica Federal";"Chlorum Solutions - Uberlândia";"importacao_excel";"a_pagar";"9548,59"
"861331";"2024-08-09";"Financiamento Retroescavadeira JCB";"Caixa Econômica Federal";"Chlorum Solutions - Uberlândia";"importacao_excel";"a_pagar";"9594,97"
"861322";"2024-08-09";"Financiamento Retroescavadeira JCB";"Caixa Econômica Federal";"Chlorum Solutions - Uberlândia";"importacao_excel";"a_pagar";"9522,18"
"861330";"2024-08-09";"Financiamento Retroescavadeira JCB";"Caixa Econômica Federal";"Chlorum Solutions - Uberlândia";"importacao_excel";"a_pagar";"9541,98"
"861325";"2024-08-09";"Financiamento Retroescavadeira JCB";"Caixa Econômica Federal";"Chlorum Solutions - Uberlândia";"importacao_excel";"a_pagar";"9535,38"
"861324";"2024-08-09";"Financiamento Retroescavadeira JCB";"Caixa Econômica Federal";"Chlorum Solutions - Uberlândia";"importacao_excel";"a_pagar";"9575,06"
"571777";"2024-08-20";"OS #7496 — Reparo no sistema de arrefecimento: troca de carcaça d'água, sensor temperatura, válvula termostática, cano d'água, junta coletor admissão, silicone Loctatti, aditivo e galão de água desmineralizada.";"OS #7496 — Reparo no sistema de arrefecimento: troca de carcaça d'água, sensor temperatura, válvula termostática, cano d'água, junta coletor admissão, silicone Loctatti, aditivo e galão de água desmineralizada.";"";"frota_manutencao";"a_pagar";"1005,00"
"571780";"2024-08-20";"Arrefecimento: carcaça/cano d'água, válvula termostática, sensor de temperatura, junta coletor admissão, aditivo";"Arrefecimento: carcaça/cano d'água, válvula termostática, sensor de temperatura, junta coletor admissão, aditivo";"";"frota_manutencao";"a_pagar";"1005,00"
"571887";"2024-10-31";"OS #7626 — Manutenção corretiva: substituição de cano direção hidráulica, reparo parafuso hidráulica, lavagem motor, lambda e óleo direção. Reparo no sistema de direção hidráulica.";"OS #7626 — Manutenção corretiva: substituição de cano direção hidráulica, reparo parafuso hidráulica, lavagem motor, lambda e óleo direção. Reparo no sistema de direção hidráulica.";"";"frota_manutencao";"a_pagar";"937,00"
"571891";"2024-10-31";"Direção hidráulica: cano, reparo parafuso, óleo de direção, sonda lambda, lavagem do motor";"Direção hidráulica: cano, reparo parafuso, óleo de direção, sonda lambda, lavagem do motor";"";"frota_manutencao";"a_pagar";"937,00"
"861530";"2024-11-04";"Contrato elétrico";"MULT LIGHT ENERGIA";"Chlorum Solutions - Uberlândia";"importacao_excel";"a_pagar";"240,00"
"861389";"2024-11-04";"Contrato elétrico";"MULT LIGHT ENERGIA";"Chlorum Solutions - Uberlândia";"importacao_excel";"a_pagar";"480,00"
"861345";"2024-11-04";"Contrato elétrico";"MULT LIGHT ENERGIA";"Chlorum Solutions - Uberlândia";"importacao_excel";"a_pagar";"3936,00"
"861346";"2024-11-04";"Contrato elétrico";"MULT LIGHT ENERGIA";"Chlorum Solutions - Uberlândia";"importacao_excel";"a_pagar";"3216,00"
"861347";"2024-11-04";"Contrato elétrico";"MULT LIGHT ENERGIA";"Chlorum Solutions - Uberlândia";"importacao_excel";"a_pagar";"816,00"
"861360";"2024-11-04";"Contrato elétrico";"MULT LIGHT ENERGIA";"Chlorum Solutions - Uberlândia";"importacao_excel";"a_pagar";"3936,00"
"861367";"2024-11-04";"Contrato elétrico";"MULT LIGHT ENERGIA";"Chlorum Solutions - Uberlândia";"importacao_excel";"a_pagar";"144,00"
"861368";"2024-11-04";"Contrato elétrico";"MULT LIGHT ENERGIA";"Chlorum Solutions - Uberlândia";"importacao_excel";"a_pagar";"336,00"
"861334";"2024-11-04";"Contrato elétrico";"MULT LIGHT ENERGIA";"Chlorum Solutions - Uberlândia";"importacao_excel";"a_pagar";"672,00"
"861336";"2024-11-04";"Contrato elétrico";"MULT LIGHT ENERGIA";"Chlorum Solutions - Uberlândia";"importacao_excel";"a_pagar";"30576,00"
"861337";"2024-11-04";"Contrato elétrico";"MULT LIGHT ENERGIA";"Chlorum Solutions - Uberlândia";"importacao_excel";"a_pagar";"1344,00"
"861340";"2024-11-04";"Contrato elétrico";"MULT LIGHT ENERGIA";"Chlorum Solutions - Uberlândia";"importacao_excel";"a_pagar";"1200,00"
"861341";"2024-11-04";"Contrato elétrico";"MULT LIGHT ENERGIA";"Chlorum Solutions - Uberlândia";"importacao_excel";"a_pagar";"576,00"
"861525";"2024-11-04";"Contrato elétrico";"MULT LIGHT ENERGIA";"Chlorum Solutions - Uberlândia";"importacao_excel";"a_pagar";"12576,00"
"861349";"2024-11-04";"Contrato elétrico";"MULT LIGHT ENERGIA";"Chlorum Solutions - Uberlândia";"importacao_excel";"a_pagar";"96,00"
"861350";"2024-11-04";"Contrato elétrico";"MULT LIGHT ENERGIA";"Chlorum Solutions - Uberlândia";"importacao_excel";"a_pagar";"240,00"
"861352";"2024-11-04";"Contrato elétrico";"MULT LIGHT ENERGIA";"Chlorum Solutions - Uberlândia";"importacao_excel";"a_pagar";"48,00"
"861354";"2024-11-04";"Contrato elétrico";"MULT LIGHT ENERGIA";"Chlorum Solutions - Uberlândia";"importacao_excel";"a_pagar";"192,00"
"861355";"2024-11-04";"Contrato elétrico";"MULT LIGHT ENERGIA";"Chlorum Solutions - Uberlândia";"importacao_excel";"a_pagar";"3936,00"
"861356";"2024-11-04";"Contrato elétrico";"MULT LIGHT ENERGIA";"Chlorum Solutions - Uberlândia";"importacao_excel";"a_pagar";"144,00"
"861357";"2024-11-04";"Contrato elétrico";"MULT LIGHT ENERGIA";"Chlorum Solutions - Uberlândia";"importacao_excel";"a_pagar";"1344,00"
"861361";"2024-11-04";"Contrato elétrico";"MULT LIGHT ENERGIA";"Chlorum Solutions - Uberlândia";"importacao_excel";"a_pagar";"480,00"
"861362";"2024-11-04";"Contrato elétrico";"MULT LIGHT ENERGIA";"Chlorum Solutions - Uberlândia";"importacao_excel";"a_pagar";"48,00"
"861527";"2024-11-04";"Contrato elétrico";"MULT LIGHT ENERGIA";"Chlorum Solutions - Uberlândia";"importacao_excel";"a_pagar";"48,00"
"861363";"2024-11-04";"Contrato elétrico";"MULT LIGHT ENERGIA";"Chlorum Solutions - Uberlândia";"importacao_excel";"a_pagar";"48,00"
"861364";"2024-11-04";"Contrato elétrico";"MULT LIGHT ENERGIA";"Chlorum Solutions - Uberlândia";"importacao_excel";"a_pagar";"96,00"
"861365";"2024-11-04";"Contrato elétrico";"MULT LIGHT ENERGIA";"Chlorum Solutions - Uberlândia";"importacao_excel";"a_pagar";"144,00"
"861366";"2024-11-04";"Contrato elétrico";"MULT LIGHT ENERGIA";"Chlorum Solutions - Uberlândia";"importacao_excel";"a_pagar";"96,00"
"861369";"2024-11-04";"Contrato elétrico";"MULT LIGHT ENERGIA";"Chlorum Solutions - Uberlândia";"importacao_excel";"a_pagar";"960,00"
"861370";"2024-11-04";"Contrato elétrico";"MULT LIGHT ENERGIA";"Chlorum Solutions - Uberlândia";"importacao_excel";"a_pagar";"480,00"
"861371";"2024-11-04";"Contrato elétrico";"MULT LIGHT ENERGIA";"Chlorum Solutions - Uberlândia";"importacao_excel";"a_pagar";"1488,00"
"861372";"2024-11-04";"Contrato elétrico";"MULT LIGHT ENERGIA";"Chlorum Solutions - Uberlândia";"importacao_excel";"a_pagar";"1920,00"
"861373";"2024-11-04";"Contrato elétrico";"MULT LIGHT ENERGIA";"Chlorum Solutions - Uberlândia";"importacao_excel";"a_pagar";"3840,00"
"861374";"2024-11-04";"Contrato elétrico";"MULT LIGHT ENERGIA";"Chlorum Solutions - Uberlândia";"importacao_excel";"a_pagar";"16848,00"
"861375";"2024-11-04";"Contrato elétrico";"MULT LIGHT ENERGIA";"Chlorum Solutions - Uberlândia";"importacao_excel";"a_pagar";"1968,00"
"861376";"2024-11-04";"Contrato elétrico";"MULT LIGHT ENERGIA";"Chlorum Solutions - Uberlândia";"importacao_excel";"a_pagar";"192,00"
"861377";"2024-11-04";"Contrato elétrico";"MULT LIGHT ENERGIA";"Chlorum Solutions - Uberlândia";"importacao_excel";"a_pagar";"288,00"
"861378";"2024-11-04";"Contrato elétrico";"MULT LIGHT ENERGIA";"Chlorum Solutions - Uberlândia";"importacao_excel";"a_pagar";"336,00"
"861379";"2024-11-04";"Contrato elétrico";"MULT LIGHT ENERGIA";"Chlorum Solutions - Uberlândia";"importacao_excel";"a_pagar";"336,00"
"861383";"2024-11-04";"Contrato elétrico";"MULT LIGHT ENERGIA";"Chlorum Solutions - Uberlândia";"importacao_excel";"a_pagar";"336,00"
"861384";"2024-11-04";"Contrato elétrico";"MULT LIGHT ENERGIA";"Chlorum Solutions - Uberlândia";"importacao_excel";"a_pagar";"480,00"
"861385";"2024-11-04";"Contrato elétrico";"MULT LIGHT ENERGIA";"Chlorum Solutions - Uberlândia";"importacao_excel";"a_pagar";"4320,00"
"861386";"2024-11-04";"Contrato elétrico";"MULT LIGHT ENERGIA";"Chlorum Solutions - Uberlândia";"importacao_excel";"a_pagar";"144,00"
"861387";"2024-11-04";"Contrato elétrico";"MULT LIGHT ENERGIA";"Chlorum Solutions - Uberlândia";"importacao_excel";"a_pagar";"144,00"
"861388";"2024-11-04";"Contrato elétrico";"MULT LIGHT ENERGIA";"Chlorum Solutions - Uberlândia";"importacao_excel";"a_pagar";"192,00"
"861390";"2024-11-04";"Contrato elétrico";"MULT LIGHT ENERGIA";"Chlorum Solutions - Uberlândia";"importacao_excel";"a_pagar";"960,00"
"861391";"2024-11-04";"Contrato elétrico";"MULT LIGHT ENERGIA";"Chlorum Solutions - Uberlândia";"importacao_excel";"a_pagar";"2064,00"
"861392";"2024-11-04";"Contrato elétrico";"MULT LIGHT ENERGIA";"Chlorum Solutions - Uberlândia";"importacao_excel";"a_pagar";"5472,00"
"861398";"2024-11-04";"Contrato elétrico";"MULT LIGHT ENERGIA";"Chlorum Solutions - Uberlândia";"importacao_excel";"a_pagar";"3456,00"
"861400";"2024-11-04";"Contrato elétrico";"MULT LIGHT ENERGIA";"Chlorum Solutions - Uberlândia";"importacao_excel";"a_pagar";"2544,00"
"861401";"2024-11-04";"Contrato elétrico";"MULT LIGHT ENERGIA";"Chlorum Solutions - Uberlândia";"importacao_excel";"a_pagar";"624,00"
"861402";"2024-11-04";"Contrato elétrico";"MULT LIGHT ENERGIA";"Chlorum Solutions - Uberlândia";"importacao_excel";"a_pagar";"21600,00"
"861403";"2024-11-04";"Contrato elétrico";"MULT LIGHT ENERGIA";"Chlorum Solutions - Uberlândia";"importacao_excel";"a_pagar";"144,00"
"861404";"2024-11-04";"Contrato elétrico";"MULT LIGHT ENERGIA";"Chlorum Solutions - Uberlândia";"importacao_excel";"a_pagar";"240,00"
"861405";"2024-11-04";"Contrato elétrico";"MULT LIGHT ENERGIA";"Chlorum Solutions - Uberlândia";"importacao_excel";"a_pagar";"912,00"
"861406";"2024-11-04";"Contrato elétrico";"MULT LIGHT ENERGIA";"Chlorum Solutions - Uberlândia";"importacao_excel";"a_pagar";"528,00"
"861407";"2024-11-04";"Contrato elétrico";"MULT LIGHT ENERGIA";"Chlorum Solutions - Uberlândia";"importacao_excel";"a_pagar";"10800,00"
"861408";"2024-11-04";"Contrato elétrico";"MULT LIGHT ENERGIA";"Chlorum Solutions - Uberlândia";"importacao_excel";"a_pagar";"672,00"
"861414";"2024-11-04";"Contrato elétrico";"MULT LIGHT ENERGIA";"Chlorum Solutions - Uberlândia";"importacao_excel";"a_pagar";"144,00"
"861415";"2024-11-04";"Contrato elétrico";"MULT LIGHT ENERGIA";"Chlorum Solutions - Uberlândia";"importacao_excel";"a_pagar";"16848,00"
"861436";"2024-11-04";"Contrato elétrico";"MULT LIGHT ENERGIA";"Chlorum Solutions - Uberlândia";"importacao_excel";"a_pagar";"2976,00"
"861437";"2024-11-04";"Contrato elétrico";"MULT LIGHT ENERGIA";"Chlorum Solutions - Uberlândia";"importacao_excel";"a_pagar";"48,00"
"861438";"2024-11-04";"Contrato elétrico";"MULT LIGHT ENERGIA";"Chlorum Solutions - Uberlândia";"importacao_excel";"a_pagar";"5952,00"
"861439";"2024-11-04";"Contrato elétrico";"MULT LIGHT ENERGIA";"Chlorum Solutions - Uberlândia";"importacao_excel";"a_pagar";"384,00"
"861442";"2024-11-04";"Contrato elétrico";"MULT LIGHT ENERGIA";"Chlorum Solutions - Uberlândia";"importacao_excel";"a_pagar";"2112,00"
"861443";"2024-11-04";"Contrato elétrico";"MULT LIGHT ENERGIA";"Chlorum Solutions - Uberlândia";"importacao_excel";"a_pagar";"48,00"
"861445";"2024-11-04";"Contrato elétrico";"MULT LIGHT ENERGIA";"Chlorum Solutions - Uberlândia";"importacao_excel";"a_pagar";"480,00"
"861446";"2024-11-04";"Contrato elétrico";"MULT LIGHT ENERGIA";"Chlorum Solutions - Uberlândia";"importacao_excel";"a_pagar";"96,00"
"861447";"2024-11-04";"Contrato elétrico";"MULT LIGHT ENERGIA";"Chlorum Solutions - Uberlândia";"importacao_excel";"a_pagar";"480,00"
"861448";"2024-11-04";"Contrato elétrico";"MULT LIGHT ENERGIA";"Chlorum Solutions - Uberlândia";"importacao_excel";"a_pagar";"576,00"
"861449";"2024-11-04";"Contrato elétrico";"MULT LIGHT ENERGIA";"Chlorum Solutions - Uberlândia";"importacao_excel";"a_pagar";"1968,00"
"861450";"2024-11-04";"Contrato elétrico";"MULT LIGHT ENERGIA";"Chlorum Solutions - Uberlândia";"importacao_excel";"a_pagar";"2352,00"
"861451";"2024-11-04";"Contrato elétrico";"MULT LIGHT ENERGIA";"Chlorum Solutions - Uberlândia";"importacao_excel";"a_pagar";"96,00"
"861452";"2024-11-04";"Contrato elétrico";"MULT LIGHT ENERGIA";"Chlorum Solutions - Uberlândia";"importacao_excel";"a_pagar";"1344,00"
"861453";"2024-11-04";"Contrato elétrico";"MULT LIGHT ENERGIA";"Chlorum Solutions - Uberlândia";"importacao_excel";"a_pagar";"240,00"
"861456";"2024-11-04";"Contrato elétrico";"MULT LIGHT ENERGIA";"Chlorum Solutions - Uberlândia";"importacao_excel";"a_pagar";"48,00"
"861457";"2024-11-04";"Contrato elétrico";"MULT LIGHT ENERGIA";"Chlorum Solutions - Uberlândia";"importacao_excel";"a_pagar";"144,00"
"861458";"2024-11-04";"Contrato elétrico";"MULT LIGHT ENERGIA";"Chlorum Solutions - Uberlândia";"importacao_excel";"a_pagar";"144,00"
"861459";"2024-11-04";"Contrato elétrico";"MULT LIGHT ENERGIA";"Chlorum Solutions - Uberlândia";"importacao_excel";"a_pagar";"144,00"
"861460";"2024-11-04";"Contrato elétrico";"MULT LIGHT ENERGIA";"Chlorum Solutions - Uberlândia";"importacao_excel";"a_pagar";"384,00"
"861461";"2024-11-04";"Contrato elétrico";"MULT LIGHT ENERGIA";"Chlorum Solutions - Uberlândia";"importacao_excel";"a_pagar";"1632,00"
"861463";"2024-11-04";"Contrato elétrico";"MULT LIGHT ENERGIA";"Chlorum Solutions - Uberlândia";"importacao_excel";"a_pagar";"4608,00"
"861467";"2024-11-04";"Contrato elétrico";"MULT LIGHT ENERGIA";"Chlorum Solutions - Uberlândia";"importacao_excel";"a_pagar";"6048,00"
"861469";"2024-11-04";"Contrato elétrico";"MULT LIGHT ENERGIA";"Chlorum Solutions - Uberlândia";"importacao_excel";"a_pagar";"1200,00"
"861470";"2024-11-04";"Contrato elétrico";"MULT LIGHT ENERGIA";"Chlorum Solutions - Uberlândia";"importacao_excel";"a_pagar";"9456,00"
"861471";"2024-11-04";"Contrato elétrico";"MULT LIGHT ENERGIA";"Chlorum Solutions - Uberlândia";"importacao_excel";"a_pagar";"240,00"
"861472";"2024-11-04";"Contrato elétrico";"MULT LIGHT ENERGIA";"Chlorum Solutions - Uberlândia";"importacao_excel";"a_pagar";"1200,00"
"861473";"2024-11-04";"Contrato elétrico";"MULT LIGHT ENERGIA";"Chlorum Solutions - Uberlândia";"importacao_excel";"a_pagar";"96,00"
"861476";"2024-11-04";"Contrato elétrico";"MULT LIGHT ENERGIA";"Chlorum Solutions - Uberlândia";"importacao_excel";"a_pagar";"2688,00"
"861477";"2024-11-04";"Contrato elétrico";"MULT LIGHT ENERGIA";"Chlorum Solutions - Uberlândia";"importacao_excel";"a_pagar";"26352,00"
"861478";"2024-11-04";"Contrato elétrico";"MULT LIGHT ENERGIA";"Chlorum Solutions - Uberlândia";"importacao_excel";"a_pagar";"432,00"
"861479";"2024-11-04";"Contrato elétrico";"MULT LIGHT ENERGIA";"Chlorum Solutions - Uberlândia";"importacao_excel";"a_pagar";"576,00"
"861480";"2024-11-04";"Contrato elétrico";"MULT LIGHT ENERGIA";"Chlorum Solutions - Uberlândia";"importacao_excel";"a_pagar";"11760,00"
"861481";"2024-11-04";"Contrato elétrico";"MULT LIGHT ENERGIA";"Chlorum Solutions - Uberlândia";"importacao_excel";"a_pagar";"1536,00"
"861483";"2024-11-04";"Contrato elétrico";"MULT LIGHT ENERGIA";"Chlorum Solutions - Uberlândia";"importacao_excel";"a_pagar";"91200,00"
"861485";"2024-11-04";"Contrato elétrico";"MULT LIGHT ENERGIA";"Chlorum Solutions - Uberlândia";"importacao_excel";"a_pagar";"48,00"
"861486";"2024-11-04";"Contrato elétrico";"MULT LIGHT ENERGIA";"Chlorum Solutions - Uberlândia";"importacao_excel";"a_pagar";"1056,00"
"861487";"2024-11-04";"Contrato elétrico";"MULT LIGHT ENERGIA";"Chlorum Solutions - Uberlândia";"importacao_excel";"a_pagar";"48,00"
"861488";"2024-11-04";"Contrato elétrico";"MULT LIGHT ENERGIA";"Chlorum Solutions - Uberlândia";"importacao_excel";"a_pagar";"240,00"
"861489";"2024-11-04";"Contrato elétrico";"MULT LIGHT ENERGIA";"Chlorum Solutions - Uberlândia";"importacao_excel";"a_pagar";"2112,00"
"861490";"2024-11-04";"Contrato elétrico";"MULT LIGHT ENERGIA";"Chlorum Solutions - Uberlândia";"importacao_excel";"a_pagar";"96,00"
"861491";"2024-11-04";"Contrato elétrico";"MULT LIGHT ENERGIA";"Chlorum Solutions - Uberlândia";"importacao_excel";"a_pagar";"480,00"
"861492";"2024-11-04";"Contrato elétrico";"MULT LIGHT ENERGIA";"Chlorum Solutions - Uberlândia";"importacao_excel";"a_pagar";"96,00"
"861493";"2024-11-04";"Contrato elétrico";"MULT LIGHT ENERGIA";"Chlorum Solutions - Uberlândia";"importacao_excel";"a_pagar";"2304,00"
"861494";"2024-11-04";"Contrato elétrico";"MULT LIGHT ENERGIA";"Chlorum Solutions - Uberlândia";"importacao_excel";"a_pagar";"96,00"
"861506";"2024-11-04";"Contrato elétrico";"MULT LIGHT ENERGIA";"Chlorum Solutions - Uberlândia";"importacao_excel";"a_pagar";"144,00"
"861507";"2024-11-04";"Contrato elétrico";"MULT LIGHT ENERGIA";"Chlorum Solutions - Uberlândia";"importacao_excel";"a_pagar";"1536,00"
"861511";"2024-11-04";"Contrato elétrico";"MULT LIGHT ENERGIA";"Chlorum Solutions - Uberlândia";"importacao_excel";"a_pagar";"3360,00"
"861512";"2024-11-04";"Contrato elétrico";"MULT LIGHT ENERGIA";"Chlorum Solutions - Uberlândia";"importacao_excel";"a_pagar";"4656,00"
"861513";"2024-11-04";"Contrato elétrico";"MULT LIGHT ENERGIA";"Chlorum Solutions - Uberlândia";"importacao_excel";"a_pagar";"96,00"
"861514";"2024-11-04";"Contrato elétrico";"MULT LIGHT ENERGIA";"Chlorum Solutions - Uberlândia";"importacao_excel";"a_pagar";"864,00"
"861515";"2024-11-04";"Contrato elétrico";"MULT LIGHT ENERGIA";"Chlorum Solutions - Uberlândia";"importacao_excel";"a_pagar";"2544,00"
"861516";"2024-11-04";"Contrato elétrico";"MULT LIGHT ENERGIA";"Chlorum Solutions - Uberlândia";"importacao_excel";"a_pagar";"7536,00"
"861518";"2024-11-04";"Contrato elétrico";"MULT LIGHT ENERGIA";"Chlorum Solutions - Uberlândia";"importacao_excel";"a_pagar";"384,00"
"861519";"2024-11-04";"Contrato elétrico";"MULT LIGHT ENERGIA";"Chlorum Solutions - Uberlândia";"importacao_excel";"a_pagar";"2592,00"
"861520";"2024-11-04";"Contrato elétrico";"MULT LIGHT ENERGIA";"Chlorum Solutions - Uberlândia";"importacao_excel";"a_pagar";"48,00"
"861528";"2024-11-04";"Contrato elétrico";"MULT LIGHT ENERGIA";"Chlorum Solutions - Uberlândia";"importacao_excel";"a_pagar";"576,00"
"861529";"2024-11-04";"Contrato elétrico";"MULT LIGHT ENERGIA";"Chlorum Solutions - Uberlândia";"importacao_excel";"a_pagar";"192,00"
"861531";"2024-11-04";"Contrato elétrico";"MULT LIGHT ENERGIA";"Chlorum Solutions - Uberlândia";"importacao_excel";"a_pagar";"240,00"
"861535";"2024-11-04";"Contrato elétrico";"MULT LIGHT ENERGIA";"Chlorum Solutions - Uberlândia";"importacao_excel";"a_pagar";"432,00"
"861536";"2024-11-04";"Contrato elétrico";"MULT LIGHT ENERGIA";"Chlorum Solutions - Uberlândia";"importacao_excel";"a_pagar";"1200,00"
"861537";"2024-11-04";"Contrato elétrico";"MULT LIGHT ENERGIA";"Chlorum Solutions - Uberlândia";"importacao_excel";"a_pagar";"240,00"
"861539";"2024-11-04";"Contrato elétrico";"MULT LIGHT ENERGIA";"Chlorum Solutions - Uberlândia";"importacao_excel";"a_pagar";"48,00"
"861540";"2024-11-04";"Contrato elétrico";"MULT LIGHT ENERGIA";"Chlorum Solutions - Uberlândia";"importacao_excel";"a_pagar";"48,00"
"861541";"2024-11-04";"Contrato elétrico";"MULT LIGHT ENERGIA";"Chlorum Solutions - Uberlândia";"importacao_excel";"a_pagar";"48,00"
"861542";"2024-11-04";"Contrato elétrico";"MULT LIGHT ENERGIA";"Chlorum Solutions - Uberlândia";"importacao_excel";"a_pagar";"144,00"
"861543";"2024-11-04";"Contrato elétrico";"MULT LIGHT ENERGIA";"Chlorum Solutions - Uberlândia";"importacao_excel";"a_pagar";"1056,00"
"861333";"2024-11-04";"Contrato elétrico";"MULT LIGHT ENERGIA";"Chlorum Solutions - Uberlândia";"importacao_excel";"a_pagar";"336,00"
"861339";"2024-11-04";"Contrato elétrico";"MULT LIGHT ENERGIA";"Chlorum Solutions - Uberlândia";"importacao_excel";"a_pagar";"48,00"
"861342";"2024-11-04";"Contrato elétrico";"MULT LIGHT ENERGIA";"Chlorum Solutions - Uberlândia";"importacao_excel";"a_pagar";"480,00"
"861343";"2024-11-04";"Contrato elétrico";"MULT LIGHT ENERGIA";"Chlorum Solutions - Uberlândia";"importacao_excel";"a_pagar";"816,00"
"861344";"2024-11-04";"Contrato elétrico";"MULT LIGHT ENERGIA";"Chlorum Solutions - Uberlândia";"importacao_excel";"a_pagar";"1824,00"
"861348";"2024-11-04";"Contrato elétrico";"MULT LIGHT ENERGIA";"Chlorum Solutions - Uberlândia";"importacao_excel";"a_pagar";"1104,00"
"861353";"2024-11-04";"Contrato elétrico";"MULT LIGHT ENERGIA";"Chlorum Solutions - Uberlândia";"importacao_excel";"a_pagar";"144,00"
"861359";"2024-11-04";"Contrato elétrico";"MULT LIGHT ENERGIA";"Chlorum Solutions - Uberlândia";"importacao_excel";"a_pagar";"5376,00"
"861380";"2024-11-04";"Contrato elétrico";"MULT LIGHT ENERGIA";"Chlorum Solutions - Uberlândia";"importacao_excel";"a_pagar";"2304,00"
"861381";"2024-11-04";"Contrato elétrico";"MULT LIGHT ENERGIA";"Chlorum Solutions - Uberlândia";"importacao_excel";"a_pagar";"4176,00"
"861382";"2024-11-04";"Contrato elétrico";"MULT LIGHT ENERGIA";"Chlorum Solutions - Uberlândia";"importacao_excel";"a_pagar";"3936,00"
"861534";"2024-11-04";"Contrato elétrico";"MULT LIGHT ENERGIA";"Chlorum Solutions - Uberlândia";"importacao_excel";"a_pagar";"48,00"
"861533";"2024-11-04";"Contrato elétrico";"MULT LIGHT ENERGIA";"Chlorum Solutions - Uberlândia";"importacao_excel";"a_pagar";"2352,00"
"861532";"2024-11-04";"Contrato elétrico";"MULT LIGHT ENERGIA";"Chlorum Solutions - Uberlândia";"importacao_excel";"a_pagar";"96,00"
"861524";"2024-11-04";"Contrato elétrico";"MULT LIGHT ENERGIA";"Chlorum Solutions - Uberlândia";"importacao_excel";"a_pagar";"1632,00"
"861522";"2024-11-04";"Contrato elétrico";"MULT LIGHT ENERGIA";"Chlorum Solutions - Uberlândia";"importacao_excel";"a_pagar";"192,00"
"861521";"2024-11-04";"Contrato elétrico";"MULT LIGHT ENERGIA";"Chlorum Solutions - Uberlândia";"importacao_excel";"a_pagar";"1440,00"
"861510";"2024-11-04";"Contrato elétrico";"MULT LIGHT ENERGIA";"Chlorum Solutions - Uberlândia";"importacao_excel";"a_pagar";"768,00"
"861509";"2024-11-04";"Contrato elétrico";"MULT LIGHT ENERGIA";"Chlorum Solutions - Uberlândia";"importacao_excel";"a_pagar";"480,00"
"861508";"2024-11-04";"Contrato elétrico";"MULT LIGHT ENERGIA";"Chlorum Solutions - Uberlândia";"importacao_excel";"a_pagar";"336,00"
"861505";"2024-11-04";"Contrato elétrico";"MULT LIGHT ENERGIA";"Chlorum Solutions - Uberlândia";"importacao_excel";"a_pagar";"7200,00"
"861504";"2024-11-04";"Contrato elétrico";"MULT LIGHT ENERGIA";"Chlorum Solutions - Uberlândia";"importacao_excel";"a_pagar";"1440,00"
"861503";"2024-11-04";"Contrato elétrico";"MULT LIGHT ENERGIA";"Chlorum Solutions - Uberlândia";"importacao_excel";"a_pagar";"48,00"
"861502";"2024-11-04";"Contrato elétrico";"MULT LIGHT ENERGIA";"Chlorum Solutions - Uberlândia";"importacao_excel";"a_pagar";"288,00"
"861501";"2024-11-04";"Contrato elétrico";"MULT LIGHT ENERGIA";"Chlorum Solutions - Uberlândia";"importacao_excel";"a_pagar";"48,00"
"861500";"2024-11-04";"Contrato elétrico";"MULT LIGHT ENERGIA";"Chlorum Solutions - Uberlândia";"importacao_excel";"a_pagar";"96,00"
"861498";"2024-11-04";"Contrato elétrico";"MULT LIGHT ENERGIA";"Chlorum Solutions - Uberlândia";"importacao_excel";"a_pagar";"720,00"
"861497";"2024-11-04";"Contrato elétrico";"MULT LIGHT ENERGIA";"Chlorum Solutions - Uberlândia";"importacao_excel";"a_pagar";"96,00"
"861496";"2024-11-04";"Contrato elétrico";"MULT LIGHT ENERGIA";"Chlorum Solutions - Uberlândia";"importacao_excel";"a_pagar";"192,00"
"861495";"2024-11-04";"Contrato elétrico";"MULT LIGHT ENERGIA";"Chlorum Solutions - Uberlândia";"importacao_excel";"a_pagar";"432,00"
"861482";"2024-11-04";"Contrato elétrico";"MULT LIGHT ENERGIA";"Chlorum Solutions - Uberlândia";"importacao_excel";"a_pagar";"1056,00"
"861475";"2024-11-04";"Contrato elétrico";"MULT LIGHT ENERGIA";"Chlorum Solutions - Uberlândia";"importacao_excel";"a_pagar";"576,00"
"861474";"2024-11-04";"Contrato elétrico";"MULT LIGHT ENERGIA";"Chlorum Solutions - Uberlândia";"importacao_excel";"a_pagar";"96,00"
"861466";"2024-11-04";"Contrato elétrico";"MULT LIGHT ENERGIA";"Chlorum Solutions - Uberlândia";"importacao_excel";"a_pagar";"96,00"
"861465";"2024-11-04";"Contrato elétrico";"MULT LIGHT ENERGIA";"Chlorum Solutions - Uberlândia";"importacao_excel";"a_pagar";"192,00"
"861464";"2024-11-04";"Contrato elétrico";"MULT LIGHT ENERGIA";"Chlorum Solutions - Uberlândia";"importacao_excel";"a_pagar";"1920,00"
"861462";"2024-11-04";"Contrato elétrico";"MULT LIGHT ENERGIA";"Chlorum Solutions - Uberlândia";"importacao_excel";"a_pagar";"48,00"
"861455";"2024-11-04";"Contrato elétrico";"MULT LIGHT ENERGIA";"Chlorum Solutions - Uberlândia";"importacao_excel";"a_pagar";"48,00"
"861441";"2024-11-04";"Contrato elétrico";"MULT LIGHT ENERGIA";"Chlorum Solutions - Uberlândia";"importacao_excel";"a_pagar";"336,00"
"861440";"2024-11-04";"Contrato elétrico";"MULT LIGHT ENERGIA";"Chlorum Solutions - Uberlândia";"importacao_excel";"a_pagar";"1104,00"
"861435";"2024-11-04";"Contrato elétrico";"MULT LIGHT ENERGIA";"Chlorum Solutions - Uberlândia";"importacao_excel";"a_pagar";"1488,00"
"861434";"2024-11-04";"Contrato elétrico";"MULT LIGHT ENERGIA";"Chlorum Solutions - Uberlândia";"importacao_excel";"a_pagar";"3264,00"
"861433";"2024-11-04";"Contrato elétrico";"MULT LIGHT ENERGIA";"Chlorum Solutions - Uberlândia";"importacao_excel";"a_pagar";"1104,00"
"861432";"2024-11-04";"Contrato elétrico";"MULT LIGHT ENERGIA";"Chlorum Solutions - Uberlândia";"importacao_excel";"a_pagar";"96,00"
"861431";"2024-11-04";"Contrato elétrico";"MULT LIGHT ENERGIA";"Chlorum Solutions - Uberlândia";"importacao_excel";"a_pagar";"5760,00"
"861430";"2024-11-04";"Contrato elétrico";"MULT LIGHT ENERGIA";"Chlorum Solutions - Uberlândia";"importacao_excel";"a_pagar";"1632,00"
"861429";"2024-11-04";"Contrato elétrico";"MULT LIGHT ENERGIA";"Chlorum Solutions - Uberlândia";"importacao_excel";"a_pagar";"384,00"
"861428";"2024-11-04";"Contrato elétrico";"MULT LIGHT ENERGIA";"Chlorum Solutions - Uberlândia";"importacao_excel";"a_pagar";"480,00"
"861427";"2024-11-04";"Contrato elétrico";"MULT LIGHT ENERGIA";"Chlorum Solutions - Uberlândia";"importacao_excel";"a_pagar";"336,00"
"861426";"2024-11-04";"Contrato elétrico";"MULT LIGHT ENERGIA";"Chlorum Solutions - Uberlândia";"importacao_excel";"a_pagar";"1056,00"
"861425";"2024-11-04";"Contrato elétrico";"MULT LIGHT ENERGIA";"Chlorum Solutions - Uberlândia";"importacao_excel";"a_pagar";"192,00"
"861422";"2024-11-04";"Contrato elétrico";"MULT LIGHT ENERGIA";"Chlorum Solutions - Uberlândia";"importacao_excel";"a_pagar";"3600,00"
"861421";"2024-11-04";"Contrato elétrico";"MULT LIGHT ENERGIA";"Chlorum Solutions - Uberlândia";"importacao_excel";"a_pagar";"19440,00"
"861420";"2024-11-04";"Contrato elétrico";"MULT LIGHT ENERGIA";"Chlorum Solutions - Uberlândia";"importacao_excel";"a_pagar";"6480,00"
"861419";"2024-11-04";"Contrato elétrico";"MULT LIGHT ENERGIA";"Chlorum Solutions - Uberlândia";"importacao_excel";"a_pagar";"96,00"
"861417";"2024-11-04";"Contrato elétrico";"MULT LIGHT ENERGIA";"Chlorum Solutions - Uberlândia";"importacao_excel";"a_pagar";"2160,00"
"861416";"2024-11-04";"Contrato elétrico";"MULT LIGHT ENERGIA";"Chlorum Solutions - Uberlândia";"importacao_excel";"a_pagar";"240,00"
"861413";"2024-11-04";"Contrato elétrico";"MULT LIGHT ENERGIA";"Chlorum Solutions - Uberlândia";"importacao_excel";"a_pagar";"96,00"
"861412";"2024-11-04";"Contrato elétrico";"MULT LIGHT ENERGIA";"Chlorum Solutions - Uberlândia";"importacao_excel";"a_pagar";"5088,00"
"861411";"2024-11-04";"Contrato elétrico";"MULT LIGHT ENERGIA";"Chlorum Solutions - Uberlândia";"importacao_excel";"a_pagar";"240,00"
"861409";"2024-11-04";"Contrato elétrico";"MULT LIGHT ENERGIA";"Chlorum Solutions - Uberlândia";"importacao_excel";"a_pagar";"48,00"
"861397";"2024-11-04";"Contrato elétrico";"MULT LIGHT ENERGIA";"Chlorum Solutions - Uberlândia";"importacao_excel";"a_pagar";"288,00"
"861396";"2024-11-04";"Contrato elétrico";"MULT LIGHT ENERGIA";"Chlorum Solutions - Uberlândia";"importacao_excel";"a_pagar";"48,00"
"861395";"2024-11-04";"Contrato elétrico";"MULT LIGHT ENERGIA";"Chlorum Solutions - Uberlândia";"importacao_excel";"a_pagar";"288,00"
"861394";"2024-11-04";"Contrato elétrico";"MULT LIGHT ENERGIA";"Chlorum Solutions - Uberlândia";"importacao_excel";"a_pagar";"144,00"
"861393";"2024-11-04";"Contrato elétrico";"MULT LIGHT ENERGIA";"Chlorum Solutions - Uberlândia";"importacao_excel";"a_pagar";"144,00"
"861551";"2024-11-21";"";"ARMAC";"Chlorum Solutions - Uberlândia";"importacao_excel";"a_pagar";"12348,34"
"861549";"2024-11-21";"";"ARMAC";"Chlorum Solutions - Uberlândia";"importacao_excel";"a_pagar";"12348,34"
"861550";"2024-11-21";"";"ARMAC";"Chlorum Solutions - Uberlândia";"importacao_excel";"a_pagar";"12348,34"
"861544";"2024-11-21";"";"ARMAC";"Chlorum Solutions - Uberlândia";"importacao_excel";"a_pagar";"12348,34"
"861548";"2024-11-21";"";"ARMAC";"Chlorum Solutions - Uberlândia";"importacao_excel";"a_pagar";"12348,34"
"861545";"2024-11-21";"";"ARMAC";"Chlorum Solutions - Uberlândia";"importacao_excel";"a_pagar";"12348,34"
"861546";"2024-11-21";"";"ARMAC";"Chlorum Solutions - Uberlândia";"importacao_excel";"a_pagar";"12348,34"
"861547";"2024-11-21";"";"ARMAC";"Chlorum Solutions - Uberlândia";"importacao_excel";"a_pagar";"12348,34"
"861555";"2024-11-21";"";"ARMAC";"Chlorum Solutions - Uberlândia";"importacao_excel";"a_pagar";"12348,34"
"861554";"2024-11-21";"";"ARMAC";"Chlorum Solutions - Uberlândia";"importacao_excel";"a_pagar";"12348,34"
"861553";"2024-11-21";"";"ARMAC";"Chlorum Solutions - Uberlândia";"importacao_excel";"a_pagar";"12348,34"
"861552";"2024-11-21";"";"ARMAC";"Chlorum Solutions - Uberlândia";"importacao_excel";"a_pagar";"12348,34"
"571862";"2024-12-14";"OS #7708 — Serviço executado: bandeija direita, bandeija esquerda, trizeta, coifa trizeta, eletrecista";"OS #7708 — Serviço executado: bandeija direita, bandeija esquerda, trizeta, coifa trizeta, eletrecista";"";"frota_manutencao";"a_pagar";"2611,00"
"571825";"2025-01-29";"Câmbio/embreagem: kit embreagem, rolamento duplo câmbio, retentores, óleo câmbio, garfo, retífica câmbio + discos/pastilhas de freio";"Câmbio/embreagem: kit embreagem, rolamento duplo câmbio, retentores, óleo câmbio, garfo, retífica câmbio + discos/pastilhas de freio";"";"frota_manutencao";"a_pagar";"5151,00"
"571822";"2025-01-29";"OS #7775 — Troca de embreagem completa, câmbio e freios. Peças: silicone alta temperatura, rolamento duplo câmbio, retentor trambulador, retentor semi eixo, kit embreagem, óleo câmbio, garfo embreagem, retentor eixo piloto, disco freio, pastilha freio e retífica câmbio. Serviço executado.";"OS #7775 — Troca de embreagem completa, câmbio e freios. Peças: silicone alta temperatura, rolamento duplo câmbio, retentor trambulador, retentor semi eixo, kit embreagem, óleo câmbio, garfo embreagem, retentor eixo piloto, disco freio, pastilha freio e r";"";"frota_manutencao";"a_pagar";"5151,00"
"861561";"2025-02-03";"";"BANCO SANTANDER S.A";"";"importacao_excel";"a_pagar";"113,04"
"861560";"2025-02-03";"Financiamento Mini Grua";"BANCO SANTANDER S.A";"";"importacao_excel";"a_pagar";"2658,84"
"861558";"2025-02-03";"Financiamento Mini Grua";"BANCO SANTANDER S.A";"";"importacao_excel";"a_pagar";"2658,84"
"861556";"2025-02-03";"Financiamento Mini Grua";"BANCO SANTANDER S.A";"";"importacao_excel";"a_pagar";"2658,84"
"861559";"2025-02-03";"";"BANCO SANTANDER S.A";"";"importacao_excel";"a_pagar";"113,04"
"861565";"2025-02-03";"";"BANCO SANTANDER S.A";"";"importacao_excel";"a_pagar";"113,04"
"861566";"2025-02-03";"";"BANCO SANTANDER S.A";"";"importacao_excel";"a_pagar";"113,04"
"861572";"2025-02-03";"";"BANCO SANTANDER S.A";"";"importacao_excel";"a_pagar";"113,04"
"861564";"2025-02-03";"";"BANCO SANTANDER S.A";"";"importacao_excel";"a_pagar";"113,04"
"861563";"2025-02-03";"Financiamento Mini Grua";"BANCO SANTANDER S.A";"";"importacao_excel";"a_pagar";"2658,84"
"861570";"2025-02-03";"";"BANCO SANTANDER S.A";"";"importacao_excel";"a_pagar";"113,04"
"861568";"2025-02-03";"Financiamento Mini Grua";"BANCO SANTANDER S.A";"";"importacao_excel";"a_pagar";"2658,84"
"861557";"2025-02-03";"";"BANCO SANTANDER S.A";"";"importacao_excel";"a_pagar";"113,04"
"861573";"2025-02-03";"Financiamento Mini Grua";"BANCO SANTANDER S.A";"";"importacao_excel";"a_pagar";"2658,84"
"861574";"2025-02-03";"Financiamento Mini Grua";"BANCO SANTANDER S.A";"";"importacao_excel";"a_pagar";"2658,84"
"861571";"2025-02-03";"";"BANCO SANTANDER S.A";"";"importacao_excel";"a_pagar";"113,04"
"861569";"2025-02-03";"Financiamento Mini Grua";"BANCO SANTANDER S.A";"";"importacao_excel";"a_pagar";"2658,84"
"861575";"2025-02-03";"Financiamento Mini Grua";"BANCO SANTANDER S.A";"";"importacao_excel";"a_pagar";"2658,84"
"861562";"2025-02-03";"";"BANCO SANTANDER S.A";"";"importacao_excel";"a_pagar";"113,04"
"861576";"2025-02-03";"";"BANCO SANTANDER S.A";"";"importacao_excel";"a_pagar";"113,04"
"861577";"2025-02-03";"";"BANCO SANTANDER S.A";"";"importacao_excel";"a_pagar";"113,04"
"861567";"2025-02-03";"Financiamento Mini Grua";"BANCO SANTANDER S.A";"";"importacao_excel";"a_pagar";"2658,84"
"571812";"2025-02-12";"OS #7791 — Troca de correia poly, correia direção, tensor correia poliv, kit correia dentada, kit bicos, produto limpeza bicos, coxim motor e óleo motor. Serviço executado.";"OS #7791 — Troca de correia poly, correia direção, tensor correia poliv, kit correia dentada, kit bicos, produto limpeza bicos, coxim motor e óleo motor. Serviço executado.";"";"frota_manutencao";"a_pagar";"2107,00"
"571815";"2025-02-12";"Troca de correias (poly-V, direção, kit dentada) + tensor, kit/limpeza de bicos, coxim motor, óleo motor";"Troca de correias (poly-V, direção, kit dentada) + tensor, kit/limpeza de bicos, coxim motor, óleo motor";"";"frota_manutencao";"a_pagar";"2107,00"
"861583";"2025-03-12";"Acordo Orguel";"Orguel";"";"importacao_excel";"a_pagar";"14558,85"
"861579";"2025-03-12";"Acordo Orguel";"Orguel";"";"importacao_excel";"a_pagar";"14558,85"
"861580";"2025-03-12";"Acordo Orguel";"Orguel";"";"importacao_excel";"a_pagar";"14558,85"
"861582";"2025-03-12";"Acordo Orguel";"Orguel";"";"importacao_excel";"a_pagar";"14558,85"
"861581";"2025-03-12";"Acordo Orguel";"Orguel";"";"importacao_excel";"a_pagar";"14558,85"
"861578";"2025-03-12";"Acordo Orguel";"Orguel";"";"importacao_excel";"a_pagar";"14558,85"
"861584";"2025-03-12";"Acordo Orguel";"Orguel";"";"importacao_excel";"a_pagar";"14558,85"
"861609";"2025-03-14";"Emprestimo";"Caixa Econômica Federal";"";"importacao_excel";"a_pagar";"6301,58"
"861592";"2025-03-14";"Emprestimo FC";"MUTUA DE ASSIST PROFIS ENG ARQ AGRONOMIA";"";"importacao_excel";"a_pagar";"3058,61"
"861590";"2025-03-14";"Emprestimo";"Caixa Econômica Federal";"";"importacao_excel";"a_pagar";"6301,58"
"861585";"2025-03-14";"Emprestimo JF";"MUTUA DE ASSIST PROFIS ENG ARQ AGRONOMIA";"";"importacao_excel";"a_pagar";"3233,56"
"861593";"2025-03-14";"Emprestimo JF";"MUTUA DE ASSIST PROFIS ENG ARQ AGRONOMIA";"";"importacao_excel";"a_pagar";"3233,56"
"861595";"2025-03-14";"Emprestimo";"Caixa Econômica Federal";"";"importacao_excel";"a_pagar";"6301,58"
"861594";"2025-03-14";"Emprestimo FC";"MUTUA DE ASSIST PROFIS ENG ARQ AGRONOMIA";"";"importacao_excel";"a_pagar";"3058,61"
"861587";"2025-03-14";"Emprestimo FC";"MUTUA DE ASSIST PROFIS ENG ARQ AGRONOMIA";"";"importacao_excel";"a_pagar";"3058,61"
"861601";"2025-03-14";"Emprestimo";"Caixa Econômica Federal";"";"importacao_excel";"a_pagar";"6301,58"
"861605";"2025-03-14";"Emprestimo JF";"MUTUA DE ASSIST PROFIS ENG ARQ AGRONOMIA";"";"importacao_excel";"a_pagar";"3233,56"
"861604";"2025-03-14";"Emprestimo FC";"MUTUA DE ASSIST PROFIS ENG ARQ AGRONOMIA";"";"importacao_excel";"a_pagar";"3058,61"
"861603";"2025-03-14";"Emprestimo JF";"MUTUA DE ASSIST PROFIS ENG ARQ AGRONOMIA";"";"importacao_excel";"a_pagar";"3233,56"
"861602";"2025-03-14";"Emprestimo FC";"MUTUA DE ASSIST PROFIS ENG ARQ AGRONOMIA";"";"importacao_excel";"a_pagar";"3058,61"
"861600";"2025-03-14";"Emprestimo FC";"MUTUA DE ASSIST PROFIS ENG ARQ AGRONOMIA";"";"importacao_excel";"a_pagar";"724,93"
"861606";"2025-03-14";"Emprestimo FC";"MUTUA DE ASSIST PROFIS ENG ARQ AGRONOMIA";"";"importacao_excel";"a_pagar";"724,93"
"861608";"2025-03-14";"Emprestimo FC";"MUTUA DE ASSIST PROFIS ENG ARQ AGRONOMIA";"";"importacao_excel";"a_pagar";"724,93"
"861607";"2025-03-14";"Emprestimo";"Caixa Econômica Federal";"";"importacao_excel";"a_pagar";"6301,58"
"861623";"2025-03-14";"Emprestimo";"Caixa Econômica Federal";"";"importacao_excel";"a_pagar";"6301,58"
"861622";"2025-03-14";"Emprestimo";"Caixa Econômica Federal";"";"importacao_excel";"a_pagar";"6301,58"
"861610";"2025-03-14";"Emprestimo FC";"MUTUA DE ASSIST PROFIS ENG ARQ AGRONOMIA";"";"importacao_excel";"a_pagar";"3058,61"
"861611";"2025-03-14";"Emprestimo JF";"MUTUA DE ASSIST PROFIS ENG ARQ AGRONOMIA";"";"importacao_excel";"a_pagar";"3233,56"
"861612";"2025-03-14";"Emprestimo FC";"MUTUA DE ASSIST PROFIS ENG ARQ AGRONOMIA";"";"importacao_excel";"a_pagar";"3058,61"
"861618";"2025-03-14";"Emprestimo";"Caixa Econômica Federal";"";"importacao_excel";"a_pagar";"6301,58"
"861599";"2025-03-14";"Emprestimo JF";"MUTUA DE ASSIST PROFIS ENG ARQ AGRONOMIA";"";"importacao_excel";"a_pagar";"3233,56"
"861598";"2025-03-14";"Emprestimo";"Caixa Econômica Federal";"";"importacao_excel";"a_pagar";"6301,58"
"861613";"2025-03-14";"Emprestimo JF";"MUTUA DE ASSIST PROFIS ENG ARQ AGRONOMIA";"";"importacao_excel";"a_pagar";"3233,56"
"861614";"2025-03-14";"Emprestimo FC";"MUTUA DE ASSIST PROFIS ENG ARQ AGRONOMIA";"";"importacao_excel";"a_pagar";"724,93"
"861591";"2025-03-14";"Emprestimo FC";"MUTUA DE ASSIST PROFIS ENG ARQ AGRONOMIA";"";"importacao_excel";"a_pagar";"3058,61"
"861615";"2025-03-14";"Emprestimo JF";"MUTUA DE ASSIST PROFIS ENG ARQ AGRONOMIA";"";"importacao_excel";"a_pagar";"3233,56"
"861616";"2025-03-14";"Emprestimo FC";"MUTUA DE ASSIST PROFIS ENG ARQ AGRONOMIA";"";"importacao_excel";"a_pagar";"3058,61"
"861617";"2025-03-14";"Emprestimo FC";"MUTUA DE ASSIST PROFIS ENG ARQ AGRONOMIA";"";"importacao_excel";"a_pagar";"724,93"
"861619";"2025-03-14";"Emprestimo JF";"MUTUA DE ASSIST PROFIS ENG ARQ AGRONOMIA";"";"importacao_excel";"a_pagar";"3233,56"
"861620";"2025-03-14";"Emprestimo FC";"MUTUA DE ASSIST PROFIS ENG ARQ AGRONOMIA";"";"importacao_excel";"a_pagar";"724,93"
"861621";"2025-03-14";"Emprestimo FC";"MUTUA DE ASSIST PROFIS ENG ARQ AGRONOMIA";"";"importacao_excel";"a_pagar";"724,93"
"861624";"2025-03-14";"Emprestimo FC";"MUTUA DE ASSIST PROFIS ENG ARQ AGRONOMIA";"";"importacao_excel";"a_pagar";"3058,61"
"861589";"2025-03-14";"Emprestimo FC";"MUTUA DE ASSIST PROFIS ENG ARQ AGRONOMIA";"";"importacao_excel";"a_pagar";"724,93"
"861626";"2025-03-14";"Emprestimo FC";"MUTUA DE ASSIST PROFIS ENG ARQ AGRONOMIA";"";"importacao_excel";"a_pagar";"724,93"
"861627";"2025-03-14";"Emprestimo JF";"MUTUA DE ASSIST PROFIS ENG ARQ AGRONOMIA";"";"importacao_excel";"a_pagar";"3233,56"
"861625";"2025-03-14";"Emprestimo";"Caixa Econômica Federal";"";"importacao_excel";"a_pagar";"6301,58"
"861588";"2025-03-14";"Emprestimo FC";"MUTUA DE ASSIST PROFIS ENG ARQ AGRONOMIA";"";"importacao_excel";"a_pagar";"3058,61"
"861597";"2025-03-14";"Emprestimo";"Caixa Econômica Federal";"";"importacao_excel";"a_pagar";"6301,58"
"861586";"2025-03-14";"Emprestimo";"Caixa Econômica Federal";"";"importacao_excel";"a_pagar";"6301,58"
"861596";"2025-03-14";"Emprestimo JF";"MUTUA DE ASSIST PROFIS ENG ARQ AGRONOMIA";"";"importacao_excel";"a_pagar";"3233,56"
"861629";"2025-03-15";"Prestação de Serviço - Material e Mao de Obra";"Promatel";"Hotel Qiu 2 - Fase 3";"importacao_excel";"a_pagar";"500000,00"
"861628";"2025-03-15";"Prestação de Serviço - Material e Mao de Obra";"Promatel";"Hotel Qiu 2 - Fase 3";"importacao_excel";"a_pagar";"300000,00"
"861630";"2025-03-15";"Prestação de Serviço - Material e Mao de Obra";"Promatel";"Hotel Qiu 2 - Fase 3";"importacao_excel";"a_pagar";"550000,00"
"861631";"2025-03-19";"Financiamento Gols Localiza";"Caixa Econômica Federal";"";"importacao_excel";"a_pagar";"6531,54"
"861632";"2025-03-19";"Financiamento Gols Localiza";"Caixa Econômica Federal";"";"importacao_excel";"a_pagar";"6531,54"
"861633";"2025-03-19";"Financiamento Gols Localiza";"Caixa Econômica Federal";"";"importacao_excel";"a_pagar";"6531,54"
"861634";"2025-03-19";"Financiamento Gols Localiza";"Caixa Econômica Federal";"";"importacao_excel";"a_pagar";"6531,54"
"861635";"2025-03-19";"Financiamento Gols Localiza";"Caixa Econômica Federal";"";"importacao_excel";"a_pagar";"6531,54"
"861636";"2025-03-19";"Financiamento Gols Localiza";"Caixa Econômica Federal";"";"importacao_excel";"a_pagar";"6531,54"
"861637";"2025-03-19";"Financiamento Elevador Cremalheira";"BANCO SANTANDER S.A";"";"importacao_excel";"a_pagar";"4746,73"
"861638";"2025-03-19";"Financiamento Gols Localiza";"Caixa Econômica Federal";"";"importacao_excel";"a_pagar";"6531,54"
"861639";"2025-03-19";"Financiamento Gols Localiza";"Caixa Econômica Federal";"";"importacao_excel";"a_pagar";"6531,54"
"861640";"2025-03-19";"Financiamento Elevador Cremalheira";"BANCO SANTANDER S.A";"";"importacao_excel";"a_pagar";"4746,73"
"861641";"2025-03-19";"Financiamento Gols Localiza";"Caixa Econômica Federal";"";"importacao_excel";"a_pagar";"6531,54"
"861642";"2025-03-19";"Financiamento Elevador Cremalheira";"BANCO SANTANDER S.A";"";"importacao_excel";"a_pagar";"4746,73"
"861643";"2025-03-19";"Financiamento Elevador Cremalheira";"BANCO SANTANDER S.A";"";"importacao_excel";"a_pagar";"4746,73"
"861644";"2025-03-19";"Financiamento Elevador Cremalheira";"BANCO SANTANDER S.A";"";"importacao_excel";"a_pagar";"4746,73"
"861645";"2025-03-19";"Financiamento Elevador Cremalheira";"BANCO SANTANDER S.A";"";"importacao_excel";"a_pagar";"4746,73"
"861646";"2025-03-19";"Financiamento Gols Localiza";"Caixa Econômica Federal";"";"importacao_excel";"a_pagar";"6531,54"
"861647";"2025-03-19";"Financiamento Elevador Cremalheira";"BANCO SANTANDER S.A";"";"importacao_excel";"a_pagar";"4746,73"
"861648";"2025-03-19";"Financiamento Gols Localiza";"Caixa Econômica Federal";"";"importacao_excel";"a_pagar";"6531,54"
"861649";"2025-03-19";"Financiamento Elevador Cremalheira";"BANCO SANTANDER S.A";"";"importacao_excel";"a_pagar";"4746,73"
"861651";"2025-03-19";"Financiamento Elevador Cremalheira";"BANCO SANTANDER S.A";"";"importacao_excel";"a_pagar";"4746,73"
"861650";"2025-03-19";"Financiamento Elevador Cremalheira";"BANCO SANTANDER S.A";"";"importacao_excel";"a_pagar";"4746,73"
"861653";"2025-03-19";"Financiamento Gols Localiza";"Caixa Econômica Federal";"";"importacao_excel";"a_pagar";"6531,54"
"861652";"2025-03-19";"Financiamento Elevador Cremalheira";"BANCO SANTANDER S.A";"";"importacao_excel";"a_pagar";"4746,73"
"861666";"2025-03-20";"Emprésimo Pronampe";"Caixa Econômica Federal";"";"importacao_excel";"a_pagar";"6350,00"
"861675";"2025-03-20";"Empréstimo FGI";"Caixa Econômica Federal";"";"importacao_excel";"a_pagar";"9500,00"
"861676";"2025-03-20";"Empréstimo FGI";"Caixa Econômica Federal";"";"importacao_excel";"a_pagar";"9500,00"
"861677";"2025-03-20";"MBA";"FGV - Fundação Getúlio Vargas";"";"importacao_excel";"a_pagar";"1499,00"
"861678";"2025-03-20";"MBA";"FGV - Fundação Getúlio Vargas";"";"importacao_excel";"a_pagar";"1399,00"
"861679";"2025-03-20";"Emprésimo Pronampe";"Caixa Econômica Federal";"";"importacao_excel";"a_pagar";"6350,00"
"861680";"2025-03-20";"Empréstimo FGI";"Caixa Econômica Federal";"";"importacao_excel";"a_pagar";"9500,00"
"861681";"2025-03-20";"Empréstimo FGI";"Caixa Econômica Federal";"";"importacao_excel";"a_pagar";"9500,00"
"861682";"2025-03-20";"Emprésimo Pronampe";"Caixa Econômica Federal";"";"importacao_excel";"a_pagar";"6350,00"
"861683";"2025-03-20";"Empréstimo FGI";"Caixa Econômica Federal";"";"importacao_excel";"a_pagar";"9500,00"
"861684";"2025-03-20";"Emprésimo Pronampe";"Caixa Econômica Federal";"";"importacao_excel";"a_pagar";"6350,00"
"861654";"2025-03-20";"Emprésimo Pronampe";"Caixa Econômica Federal";"";"importacao_excel";"a_pagar";"6350,00"
"861655";"2025-03-20";"Empréstimo FGI";"Caixa Econômica Federal";"";"importacao_excel";"a_pagar";"9500,00"
"861656";"2025-03-20";"MBA";"FGV - Fundação Getúlio Vargas";"";"importacao_excel";"a_pagar";"1499,00"
"861657";"2025-03-20";"MBA";"FGV - Fundação Getúlio Vargas";"";"importacao_excel";"a_pagar";"1399,00"
"861658";"2025-03-20";"Empréstimo FGI";"Caixa Econômica Federal";"";"importacao_excel";"a_pagar";"9500,00"
"861659";"2025-03-20";"Empréstimo FGI";"Caixa Econômica Federal";"";"importacao_excel";"a_pagar";"9500,00"
"861660";"2025-03-20";"MBA";"FGV - Fundação Getúlio Vargas";"";"importacao_excel";"a_pagar";"1399,00"
"861661";"2025-03-20";"Empréstimo FGI";"Caixa Econômica Federal";"";"importacao_excel";"a_pagar";"9500,00"
"861662";"2025-03-20";"MBA";"FGV - Fundação Getúlio Vargas";"";"importacao_excel";"a_pagar";"1399,00"
"861663";"2025-03-20";"MBA";"FGV - Fundação Getúlio Vargas";"";"importacao_excel";"a_pagar";"999,00"
"861664";"2025-03-20";"MBA";"FGV - Fundação Getúlio Vargas";"";"importacao_excel";"a_pagar";"1499,00"
"861665";"2025-03-20";"Emprésimo Pronampe";"Caixa Econômica Federal";"";"importacao_excel";"a_pagar";"6350,00"
"861667";"2025-03-20";"Empréstimo FGI";"Caixa Econômica Federal";"";"importacao_excel";"a_pagar";"9500,00"
"861668";"2025-03-20";"MBA";"FGV - Fundação Getúlio Vargas";"";"importacao_excel";"a_pagar";"999,00"
"861669";"2025-03-20";"MBA";"FGV - Fundação Getúlio Vargas";"";"importacao_excel";"a_pagar";"1499,00"
"861670";"2025-03-20";"MBA";"FGV - Fundação Getúlio Vargas";"";"importacao_excel";"a_pagar";"1399,00"
"861671";"2025-03-20";"MBA";"FGV - Fundação Getúlio Vargas";"";"importacao_excel";"a_pagar";"1399,00"
"861672";"2025-03-20";"Empréstimo FGI";"Caixa Econômica Federal";"";"importacao_excel";"a_pagar";"9500,00"
"861673";"2025-03-20";"Empréstimo FGI";"Caixa Econômica Federal";"";"importacao_excel";"a_pagar";"9500,00"
"861674";"2025-03-20";"Emprésimo Pronampe";"Caixa Econômica Federal";"";"importacao_excel";"a_pagar";"6350,00"
"571869";"2025-03-31";"OS #7887 — Serviço executado: retentor semi eixo, jogo pastilha freio, jogo disco freio, coifa ponteira homocinética, tulipa câmbio, cilindro roda traseira, jogo sapata freio, reparo sapata freio, fluido freio DOT4, coxim motor, coxim câmbio inf, coxim câmbio sup";"OS #7887 — Serviço executado: retentor semi eixo, jogo pastilha freio, jogo disco freio, coifa ponteira homocinética, tulipa câmbio, cilindro roda traseira, jogo sapata freio, reparo sapata freio, fluido freio DOT4, coxim motor, coxim câmbio inf, coxim câ";"";"frota_manutencao";"a_pagar";"3307,00"
"861686";"2025-04-14";"Gol EVY2H85";"Bradesco Seguros";"";"importacao_excel";"a_pagar";"330,90"
"861685";"2025-04-14";"Gol EUY7E02";"Bradesco Seguros";"";"importacao_excel";"a_pagar";"330,90"
"861688";"2025-04-28";"";"Retenção Técnica - Promatel";"Lar Nossa Senhora";"importacao_excel";"a_pagar";"3430,21"
"861693";"2025-04-28";"GOL EUY2H85";"Azul Seguros";"";"importacao_excel";"a_pagar";"249,57"
"861689";"2025-04-28";"Medição - Abr/2025";"Retenção Técnica - Agostinho";"Chlorum Solutions - Uberlândia";"importacao_excel";"a_pagar";"19,93"
"861691";"2025-04-28";"Medição - Abr/2025";"Retenção Técnica - Agostinho";"Chlorum Solutions - Uberlândia";"importacao_excel";"a_pagar";"343,96"
"861692";"2025-04-28";"Medição - Abr/2025";"Retenção Técnica - Agostinho";"Chlorum Solutions - Uberlândia";"importacao_excel";"a_pagar";"14,90"
"861690";"2025-04-28";"Medição - Abr/2025";"Retenção Técnica - Agostinho";"Chlorum Solutions - Uberlândia";"importacao_excel";"a_pagar";"8,28"
"861687";"2025-04-28";"GOL EUY7E02";"Azul Seguros";"";"importacao_excel";"a_pagar";"249,57"
"861719";"2025-04-29";"Medição - Abr/2025";"Retenção Técnica - Márcio Eletricista";"Luciana - Residencial Multifamiliar - Etapa Final";"importacao_excel";"a_pagar";"3,94"
"861728";"2025-04-29";"Medição - Abr/2025";"Retenção Técnica - Márcio Eletricista";"Luciana - Residencial Multifamiliar - Etapa Final";"importacao_excel";"a_pagar";"0,97"
"861729";"2025-04-29";"Medição - Abr/2025";"Retenção Técnica - Márcio Eletricista";"Luciana - Residencial Multifamiliar - Etapa Final";"importacao_excel";"a_pagar";"5,98"
"861730";"2025-04-29";"Medição - Abr/2025";"Retenção Técnica - Márcio Eletricista";"Luciana - Residencial Multifamiliar - Etapa Final";"importacao_excel";"a_pagar";"25,64"
"861731";"2025-04-29";"Medição - Abr/2025";"Retenção Técnica - Márcio Eletricista";"Luciana - Residencial Multifamiliar - Etapa Final";"importacao_excel";"a_pagar";"0,26"
"861732";"2025-04-29";"Medição - Abr/2025";"Retenção Técnica - Márcio Eletricista";"Luciana - Residencial Multifamiliar - Etapa Final";"importacao_excel";"a_pagar";"0,19"
"861733";"2025-04-29";"Medição - Abr/2025";"Retenção Técnica - Márcio Eletricista";"Luciana - Residencial Multifamiliar - Etapa Final";"importacao_excel";"a_pagar";"10,59"
"861734";"2025-04-29";"Medição - Abr/2025";"Retenção Técnica - Gesso Moreira";"Luciana - Residencial Multifamiliar - Etapa Final";"importacao_excel";"a_pagar";"126,27"
"861735";"2025-04-29";"Medição - Abr/2025";"Retenção Técnica - Márcio Eletricista";"Luciana - Residencial Multifamiliar - Etapa Final";"importacao_excel";"a_pagar";"9,07"
"861736";"2025-04-29";"Medição - Abr/2025";"Retenção Técnica - Márcio Eletricista";"Luciana - Residencial Multifamiliar - Etapa Final";"importacao_excel";"a_pagar";"12,50"
"861737";"2025-04-29";"Medição - Abr/2025";"Retenção Técnica - Gesso Moreira";"Luciana - Residencial Multifamiliar - Etapa Final";"importacao_excel";"a_pagar";"13,18"
"861724";"2025-04-29";"Medição - Abr/2025";"Retenção Técnica - Márcio Eletricista";"Luciana - Residencial Multifamiliar - Etapa Final";"importacao_excel";"a_pagar";"6,44"
"861694";"2025-04-29";"Medição - Abr/2025";"Retenção Técnica - Márcio Eletricista";"Luciana - Residencial Multifamiliar - Etapa Final";"importacao_excel";"a_pagar";"0,19"
"861695";"2025-04-29";"Medição - Abr/2025";"Retenção Técnica - Márcio Eletricista";"Luciana - Residencial Multifamiliar - Etapa Final";"importacao_excel";"a_pagar";"0,97"
"861696";"2025-04-29";"Medição - Abr/2025";"Retenção Técnica - Márcio Eletricista";"Luciana - Residencial Multifamiliar - Etapa Final";"importacao_excel";"a_pagar";"1,58"
"861697";"2025-04-29";"Medição - Abr/2025";"Retenção Técnica - Márcio Eletricista";"Luciana - Residencial Multifamiliar - Etapa Final";"importacao_excel";"a_pagar";"0,19"
"861698";"2025-04-29";"Medição - Abr/2025";"Retenção Técnica - Márcio Eletricista";"Luciana - Residencial Multifamiliar - Etapa Final";"importacao_excel";"a_pagar";"6,44"
"861699";"2025-04-29";"Medição - Abr/2025";"Retenção Técnica - Márcio Eletricista";"Luciana - Residencial Multifamiliar - Etapa Final";"importacao_excel";"a_pagar";"1,84"
"861700";"2025-04-29";"Medição - Abr/2025";"Retenção Técnica - Márcio Eletricista";"Luciana - Residencial Multifamiliar - Etapa Final";"importacao_excel";"a_pagar";"0,92"
"861701";"2025-04-29";"Medição - Abr/2025";"Retenção Técnica - Márcio Eletricista";"Luciana - Residencial Multifamiliar - Etapa Final";"importacao_excel";"a_pagar";"146,94"
"861702";"2025-04-29";"Medição - Abr/2025";"Retenção Técnica - Márcio Eletricista";"Luciana - Residencial Multifamiliar - Etapa Final";"importacao_excel";"a_pagar";"3,94"
"861703";"2025-04-29";"Medição - Abr/2025";"Retenção Técnica - Márcio Eletricista";"Luciana - Residencial Multifamiliar - Etapa Final";"importacao_excel";"a_pagar";"3,94"
"861704";"2025-04-29";"Medição - Abr/2025";"Retenção Técnica - Márcio Eletricista";"Luciana - Residencial Multifamiliar - Etapa Final";"importacao_excel";"a_pagar";"0,33"
"861705";"2025-04-29";"Medição - Abr/2025";"Retenção Técnica - Márcio Eletricista";"Luciana - Residencial Multifamiliar - Etapa Final";"importacao_excel";"a_pagar";"12,50"
"861706";"2025-04-29";"Medição - Abr/2025";"Retenção Técnica - Márcio Eletricista";"Luciana - Residencial Multifamiliar - Etapa Final";"importacao_excel";"a_pagar";"0,33"
"861707";"2025-04-29";"Medição - Abr/2025";"Retenção Técnica - Márcio Eletricista";"Luciana - Residencial Multifamiliar - Etapa Final";"importacao_excel";"a_pagar";"0,19"
"861708";"2025-04-29";"Medição - Abr/2025";"Retenção Técnica - Márcio Eletricista";"Luciana - Residencial Multifamiliar - Etapa Final";"importacao_excel";"a_pagar";"9,07"
"861709";"2025-04-29";"Medição - Abr/2025";"Retenção Técnica - Márcio Eletricista";"Luciana - Residencial Multifamiliar - Etapa Final";"importacao_excel";"a_pagar";"18,15"
"861710";"2025-04-29";"Medição - Abr/2025";"Retenção Técnica - Gesso Moreira";"Luciana - Residencial Multifamiliar - Etapa Final";"importacao_excel";"a_pagar";"126,31"
"861711";"2025-04-29";"Medição - Abr/2025";"Retenção Técnica - Gesso Moreira";"Luciana - Residencial Multifamiliar - Etapa Final";"importacao_excel";"a_pagar";"13,18"
"861712";"2025-04-29";"Medição - Abr/2025";"Retenção Técnica - Márcio Eletricista";"Luciana - Residencial Multifamiliar - Etapa Final";"importacao_excel";"a_pagar";"5,98"
"861713";"2025-04-29";"Medição - Abr/2025";"Retenção Técnica - Márcio Eletricista";"Luciana - Residencial Multifamiliar - Etapa Final";"importacao_excel";"a_pagar";"25,64"
"861714";"2025-04-29";"Medição - Abr/2025";"Retenção Técnica - Márcio Eletricista";"Luciana - Residencial Multifamiliar - Etapa Final";"importacao_excel";"a_pagar";"0,26"
"861715";"2025-04-29";"Medição - Abr/2025";"Retenção Técnica - Márcio Eletricista";"Luciana - Residencial Multifamiliar - Etapa Final";"importacao_excel";"a_pagar";"0,19"
"861716";"2025-04-29";"Medição - Abr/2025";"Retenção Técnica - Márcio Eletricista";"Luciana - Residencial Multifamiliar - Etapa Final";"importacao_excel";"a_pagar";"0,33"
"861717";"2025-04-29";"Medição - Abr/2025";"Retenção Técnica - Márcio Eletricista";"Luciana - Residencial Multifamiliar - Etapa Final";"importacao_excel";"a_pagar";"18,15"
"861718";"2025-04-29";"Medição - Abr/2025";"Retenção Técnica - Márcio Eletricista";"Luciana - Residencial Multifamiliar - Etapa Final";"importacao_excel";"a_pagar";"0,33"
"861720";"2025-04-29";"Medição - Abr/2025";"Retenção Técnica - Márcio Eletricista";"Luciana - Residencial Multifamiliar - Etapa Final";"importacao_excel";"a_pagar";"3,94"
"861721";"2025-04-29";"Medição - Abr/2025";"Retenção Técnica - Márcio Eletricista";"Luciana - Residencial Multifamiliar - Etapa Final";"importacao_excel";"a_pagar";"146,94"
"861722";"2025-04-29";"Medição - Abr/2025";"Retenção Técnica - Márcio Eletricista";"Luciana - Residencial Multifamiliar - Etapa Final";"importacao_excel";"a_pagar";"0,92"
"861723";"2025-04-29";"Medição - Abr/2025";"Retenção Técnica - Márcio Eletricista";"Luciana - Residencial Multifamiliar - Etapa Final";"importacao_excel";"a_pagar";"1,84"
"861725";"2025-04-29";"Medição - Abr/2025";"Retenção Técnica - Márcio Eletricista";"Luciana - Residencial Multifamiliar - Etapa Final";"importacao_excel";"a_pagar";"0,19"
"861726";"2025-04-29";"Medição - Abr/2025";"Retenção Técnica - Márcio Eletricista";"Luciana - Residencial Multifamiliar - Etapa Final";"importacao_excel";"a_pagar";"10,59"
"861727";"2025-04-29";"Medição - Abr/2025";"Retenção Técnica - Márcio Eletricista";"Luciana - Residencial Multifamiliar - Etapa Final";"importacao_excel";"a_pagar";"1,58"
"861772";"2025-05-02";"Medição - Abr/2025";"Retenção Técnica - RM Ramos";"Lar Nossa Senhora";"importacao_excel";"a_pagar";"35,71"
"861770";"2025-05-02";"Medição - Abr/2025";"Retenção Técnica - RM Ramos";"Lar Nossa Senhora";"importacao_excel";"a_pagar";"13,04"
"861769";"2025-05-02";"Medição - Abr/2025";"Retenção Técnica - RM Ramos";"Lar Nossa Senhora";"importacao_excel";"a_pagar";"75,28"
"861768";"2025-05-02";"Medição - Abr/2025";"Retenção Técnica - RM Ramos";"Lar Nossa Senhora";"importacao_excel";"a_pagar";"43,42"
"861751";"2025-05-02";"Medição - Abr/2025";"Retenção Técnica - RM Ramos";"Lar Nossa Senhora";"importacao_excel";"a_pagar";"2,48"
"861767";"2025-05-02";"Medição - Abr/2025";"Retenção Técnica - RM Ramos";"Lar Nossa Senhora";"importacao_excel";"a_pagar";"9,82"
"861766";"2025-05-02";"Medição - Abr/2025";"Retenção Técnica - RM Ramos";"Lar Nossa Senhora";"importacao_excel";"a_pagar";"9,64"
"861765";"2025-05-02";"Medição - Abr/2025";"Retenção Técnica - RM Ramos";"Lar Nossa Senhora";"importacao_excel";"a_pagar";"11,48"
"861754";"2025-05-02";"Medição - Abr/2025";"Retenção Técnica - RM Ramos";"Lar Nossa Senhora";"importacao_excel";"a_pagar";"4,87"
"861753";"2025-05-02";"Medição - Abr/2025";"Retenção Técnica - RM Ramos";"Lar Nossa Senhora";"importacao_excel";"a_pagar";"69,77"
"861752";"2025-05-02";"Medição - Abr/2025";"Retenção Técnica - RM Ramos";"Lar Nossa Senhora";"importacao_excel";"a_pagar";"7,62"
"861748";"2025-05-02";"Medição - Abr/2025";"Retenção Técnica - RM Ramos";"Lar Nossa Senhora";"importacao_excel";"a_pagar";"1,38"
"861747";"2025-05-02";"Medição - Abr/2025";"Retenção Técnica - RM Ramos";"Lar Nossa Senhora";"importacao_excel";"a_pagar";"0,92"
"861746";"2025-05-02";"Medição - Abr/2025";"Retenção Técnica - RM Ramos";"Lar Nossa Senhora";"importacao_excel";"a_pagar";"4,96"
"861745";"2025-05-02";"Medição - Abr/2025";"Retenção Técnica - RM Ramos";"Lar Nossa Senhora";"importacao_excel";"a_pagar";"6,79"
"861744";"2025-05-02";"Medição - Abr/2025";"Retenção Técnica - RM Ramos";"Lar Nossa Senhora";"importacao_excel";"a_pagar";"3,40"
"861743";"2025-05-02";"Medição - Abr/2025";"Retenção Técnica - RM Ramos";"Lar Nossa Senhora";"importacao_excel";"a_pagar";"13,77"
"861761";"2025-05-02";"Medição - Abr/2025";"Retenção Técnica - RM Ramos";"Lar Nossa Senhora";"importacao_excel";"a_pagar";"11,48"
"861756";"2025-05-02";"Medição - Abr/2025";"Retenção Técnica - RM Ramos";"Lar Nossa Senhora";"importacao_excel";"a_pagar";"4,59"
"861749";"2025-05-02";"Medição - Abr/2025";"Retenção Técnica - RM Ramos";"Lar Nossa Senhora";"importacao_excel";"a_pagar";"3,49"
"861771";"2025-05-02";"Medição - Abr/2025";"Retenção Técnica - RM Ramos";"Lar Nossa Senhora";"importacao_excel";"a_pagar";"2,48"
"861742";"2025-05-02";"Medição - Abr/2025";"Retenção Técnica - RM Ramos";"Lar Nossa Senhora";"importacao_excel";"a_pagar";"13,86"
"861739";"2025-05-02";"Medição - Abr/2025";"Retenção Técnica - RM Ramos";"Lar Nossa Senhora";"importacao_excel";"a_pagar";"3,03"
"861750";"2025-05-02";"Medição - Abr/2025";"Retenção Técnica - RM Ramos";"Lar Nossa Senhora";"importacao_excel";"a_pagar";"3,31"
"861741";"2025-05-02";"Medição - Abr/2025";"Retenção Técnica - RM Ramos";"Lar Nossa Senhora";"importacao_excel";"a_pagar";"3,86"
"861738";"2025-05-02";"Medição - Abr/2025";"Retenção Técnica - RM Ramos";"Lar Nossa Senhora";"importacao_excel";"a_pagar";"186,08"
"861773";"2025-05-02";"Medição - Abr/2025";"Retenção Técnica - RM Ramos";"Lar Nossa Senhora";"importacao_excel";"a_pagar";"20,29"
"861774";"2025-05-02";"Medição - Abr/2025";"Retenção Técnica - RM Ramos";"Lar Nossa Senhora";"importacao_excel";"a_pagar";"3,21"
"861760";"2025-05-02";"Medição - Abr/2025";"Retenção Técnica - RM Ramos";"Lar Nossa Senhora";"importacao_excel";"a_pagar";"74,82"
"861757";"2025-05-02";"Medição - Abr/2025";"Retenção Técnica - RM Ramos";"Lar Nossa Senhora";"importacao_excel";"a_pagar";"224,82"
"861758";"2025-05-02";"Medição - Abr/2025";"Retenção Técnica - RM Ramos";"Lar Nossa Senhora";"importacao_excel";"a_pagar";"2,30"
"861759";"2025-05-02";"Medição - Abr/2025";"Retenção Técnica - RM Ramos";"Lar Nossa Senhora";"importacao_excel";"a_pagar";"24,97"
"861762";"2025-05-02";"Medição - Abr/2025";"Retenção Técnica - RM Ramos";"Lar Nossa Senhora";"importacao_excel";"a_pagar";"4,68"
"861763";"2025-05-02";"Medição - Abr/2025";"Retenção Técnica - RM Ramos";"Lar Nossa Senhora";"importacao_excel";"a_pagar";"5,51"
"861764";"2025-05-02";"Medição - Abr/2025";"Retenção Técnica - RM Ramos";"Lar Nossa Senhora";"importacao_excel";"a_pagar";"3,21"
"861740";"2025-05-02";"Medição - Abr/2025";"Retenção Técnica - RM Ramos";"Lar Nossa Senhora";"importacao_excel";"a_pagar";"3,86"
"861755";"2025-05-02";"Medição - Abr/2025";"Retenção Técnica - RM Ramos";"Lar Nossa Senhora";"importacao_excel";"a_pagar";"3,86"
"861784";"2025-05-06";"Medição - Abr/2025";"Retenção Técnica - RM Ramos";"Hotel Qiu 2 - Fase 3";"importacao_excel";"a_pagar";"37,24"
"861780";"2025-05-06";"Medição - Abr/2025";"Retenção Técnica - Gesso Moreira";"Hotel Qiu 2 - Fase 3";"importacao_excel";"a_pagar";"38,66"
"861777";"2025-05-06";"Medição - Abr/2025";"Retenção Técnica - RM Ramos";"Hotel Qiu 2 - Fase 3";"importacao_excel";"a_pagar";"7,50"
"861775";"2025-05-06";"Medição - Abr/2025";"Retenção Técnica - RM Ramos";"Hotel Qiu 2 - Fase 3";"importacao_excel";"a_pagar";"38,40"
"861783";"2025-05-06";"Medição - Abr/2025";"Retenção Técnica - Gesso Moreira";"Hotel Qiu 2 - Fase 3";"importacao_excel";"a_pagar";"20,00"
"861779";"2025-05-06";"Medição - Abr/2025";"Retenção Técnica - RM Ramos";"Hotel Qiu 2 - Fase 3";"importacao_excel";"a_pagar";"7,50"
"861778";"2025-05-06";"Medição - Abr/2025";"Retenção Técnica - Gesso Moreira";"Hotel Qiu 2 - Fase 3";"importacao_excel";"a_pagar";"487,50"
"861776";"2025-05-06";"Medição - Abr/2025";"Retenção Técnica - RM Ramos";"Hotel Qiu 2 - Fase 3";"importacao_excel";"a_pagar";"7,40"
"861782";"2025-05-06";"Medição - Abr/2025";"Retenção Técnica - Gesso Moreira";"Hotel Qiu 2 - Fase 3";"importacao_excel";"a_pagar";"3,32"
"861781";"2025-05-06";"Medição - Abr/2025";"Retenção Técnica - RM Ramos";"Hotel Qiu 2 - Fase 3";"importacao_excel";"a_pagar";"21,99"
"861786";"2025-05-08";"Medição - Abr/2025";"Retenção Técnica - RM Ramos";"Hotel Qiu 2 - Fase 3";"importacao_excel";"a_pagar";"64,82"
"861785";"2025-05-08";"Medição - Abr/2025";"Retenção Técnica - RM Ramos";"Hotel Qiu 2 - Fase 3";"importacao_excel";"a_pagar";"64,82"
"861801";"2025-05-08";"Medição - Abr/2025";"Retenção Técnica - RM Ramos";"Hotel Qiu 2 - Fase 3";"importacao_excel";"a_pagar";"62,10"
"861797";"2025-05-08";"Medição - Abr/2025";"Retenção Técnica - RM Ramos";"Hotel Qiu 2 - Fase 3";"importacao_excel";"a_pagar";"64,82"
"861796";"2025-05-08";"Medição - Abr/2025";"Retenção Técnica - RM Ramos";"Hotel Qiu 2 - Fase 3";"importacao_excel";"a_pagar";"64,82"
"861795";"2025-05-08";"Medição - Abr/2025";"Retenção Técnica - RM Ramos";"Hotel Qiu 2 - Fase 3";"importacao_excel";"a_pagar";"64,82"
"861794";"2025-05-08";"Medição - Abr/2025";"Retenção Técnica - RM Ramos";"Hotel Qiu 2 - Fase 3";"importacao_excel";"a_pagar";"612,44"
"861793";"2025-05-08";"Medição - Abr/2025";"Retenção Técnica - RM Ramos";"Hotel Qiu 2 - Fase 3";"importacao_excel";"a_pagar";"23,06"
"861792";"2025-05-08";"Medição - Abr/2025";"Retenção Técnica - RM Ramos";"Hotel Qiu 2 - Fase 3";"importacao_excel";"a_pagar";"2,42"
"861791";"2025-05-08";"Medição - Abr/2025";"Retenção Técnica - RM Ramos";"Hotel Qiu 2 - Fase 3";"importacao_excel";"a_pagar";"48,10"
"861790";"2025-05-08";"Medição - Abr/2025";"Retenção Técnica - RM Ramos";"Hotel Qiu 2 - Fase 3";"importacao_excel";"a_pagar";"1488,73"
"861787";"2025-05-08";"Medição - Abr/2025";"Retenção Técnica - RM Ramos";"Hotel Qiu 2 - Fase 3";"importacao_excel";"a_pagar";"88,35"
"861799";"2025-05-08";"Medição - Abr/2025";"Retenção Técnica - RM Ramos";"Hotel Qiu 2 - Fase 3";"importacao_excel";"a_pagar";"64,82"
"861800";"2025-05-08";"Medição - Abr/2025";"Retenção Técnica - RM Ramos";"Hotel Qiu 2 - Fase 3";"importacao_excel";"a_pagar";"64,82"
"861798";"2025-05-08";"Medição - Abr/2025";"Retenção Técnica - RM Ramos";"Hotel Qiu 2 - Fase 3";"importacao_excel";"a_pagar";"64,82"
"861789";"2025-05-08";"Medição - Abr/2025";"Retenção Técnica - RM Ramos";"Hotel Qiu 2 - Fase 3";"importacao_excel";"a_pagar";"214,36"
"861788";"2025-05-08";"Medição - Abr/2025";"Retenção Técnica - RM Ramos";"Hotel Qiu 2 - Fase 3";"importacao_excel";"a_pagar";"31,44"
"861804";"2025-05-09";"2 pneus dianteiros da Retro";"MGT DISTRIBUIDORA DE PNEUS LTDA";"Chlorum Solutions - Uberlândia";"importacao_excel";"a_pagar";"530,00"
"861805";"2025-05-09";"manutenção preventiva";"Colmaq - Comercio e Locação";"Hotel Qiu 2 - Fase 3";"importacao_excel";"a_pagar";"1000,00"
"861806";"2025-05-09";"manutenção preventiva";"Colmaq - Comercio e Locação";"Hotel Qiu 2 - Fase 3";"importacao_excel";"a_pagar";"1000,00"
"861802";"2025-05-09";"manutenção preventiva";"Colmaq - Comercio e Locação";"Hotel Qiu 2 - Fase 3";"importacao_excel";"a_pagar";"1000,00"
"861803";"2025-05-09";"manutenção preventiva";"Colmaq - Comercio e Locação";"Hotel Qiu 2 - Fase 3";"importacao_excel";"a_pagar";"1000,00"
"861813";"2025-05-16";"Contrato: 66 - Medição: 1";"Retenção Técnica - Telhados e Cia - Valtermir Carpinteiro";"Chlorum Solutions - Uberlândia";"importacao_excel";"a_pagar";"43,07"
"861812";"2025-05-16";"Contrato: 66 - Medição: 1";"Retenção Técnica - Telhados e Cia - Valtermir Carpinteiro";"Chlorum Solutions - Uberlândia";"importacao_excel";"a_pagar";"193,77"
"861810";"2025-05-16";"Contrato: 66 - Medição: 1";"Retenção Técnica - Telhados e Cia - Valtermir Carpinteiro";"Chlorum Solutions - Uberlândia";"importacao_excel";"a_pagar";"24,83"
"861811";"2025-05-16";"Contrato: 66 - Medição: 1";"Retenção Técnica - Telhados e Cia - Valtermir Carpinteiro";"Chlorum Solutions - Uberlândia";"importacao_excel";"a_pagar";"5,37"
"861809";"2025-05-16";"Contrato: 66 - Medição: 1";"Retenção Técnica - Telhados e Cia - Valtermir Carpinteiro";"Chlorum Solutions - Uberlândia";"importacao_excel";"a_pagar";"3,11"
"861808";"2025-05-16";"Contrato: 66 - Medição: 1";"Retenção Técnica - Telhados e Cia - Valtermir Carpinteiro";"Chlorum Solutions - Uberlândia";"importacao_excel";"a_pagar";"24,09"
"861807";"2025-05-16";"Contrato: 63 - Medição: 2";"Retenção Técnica - Telhados e Cia - Valtermir Carpinteiro";"Chlorum Solutions - Uberlândia";"importacao_excel";"a_pagar";"5,00"
"861815";"2025-05-23";"";"J Alves Locação de Andaimes e Equipamentos Ltda";"Car Sanitários";"importacao_excel";"a_pagar";"305,71"
"861816";"2025-05-23";"";"Esplanada Moveis LTDA";"Santuário - UTC";"importacao_excel";"a_pagar";"291,60"
"861817";"2025-05-23";"";"Esplanada Moveis LTDA";"Santuário - UTC";"importacao_excel";"a_pagar";"291,60"
"861820";"2025-05-23";"";"Esplanada Moveis LTDA";"Santuário - UTC";"importacao_excel";"a_pagar";"291,60"
"861821";"2025-05-23";"";"J Alves Locação de Andaimes e Equipamentos Ltda";"Car Sanitários";"importacao_excel";"a_pagar";"305,71"
"861819";"2025-05-23";"Contrato: 1 - Medição: 1";"Retenção Técnica - Jaziel - Santana e Azevedo";"Hotel Qiu 2 - Fase 3";"importacao_excel";"a_pagar";"887,92"
"861818";"2025-05-23";"Contrato: 1 - Medição: 1";"Retenção Técnica - Jaziel - Santana e Azevedo";"Hotel Qiu 2 - Fase 3";"importacao_excel";"a_pagar";"2534,37"
"861814";"2025-05-23";"Contrato: 1 - Medição: 1";"Retenção Técnica - Jaziel - Santana e Azevedo";"Hotel Qiu 2 - Fase 3";"importacao_excel";"a_pagar";"218,29"
"861835";"2025-05-26";"";"J Alves Locação de Andaimes e Equipamentos Ltda";"Hotel Qiu 2 - Fase 3";"importacao_excel";"a_pagar";"215,71"
"861836";"2025-05-26";"";"J Alves Locação de Andaimes e Equipamentos Ltda";"Hotel Qiu 2 - Fase 3";"importacao_excel";"a_pagar";"157,14"
"861837";"2025-05-26";"";"J Alves Locação de Andaimes e Equipamentos Ltda";"PALES ";"importacao_excel";"a_pagar";"266,86"
"861838";"2025-05-26";"";"J Alves Locação de Andaimes e Equipamentos Ltda";"POS OBRA";"importacao_excel";"a_pagar";"5,43"
"861839";"2025-05-26";"";"J Alves Locação de Andaimes e Equipamentos Ltda";"PALES ";"importacao_excel";"a_pagar";"21,79"
"861840";"2025-05-26";"";"J Alves Locação de Andaimes e Equipamentos Ltda";"Hotel Qiu 2 - Fase 3";"importacao_excel";"a_pagar";"135,71"
"861841";"2025-05-26";"";"J Alves Locação de Andaimes e Equipamentos Ltda";"Hotel Qiu 2 - Fase 3";"importacao_excel";"a_pagar";"157,14"
"861831";"2025-05-26";"";"J Alves Locação de Andaimes e Equipamentos Ltda";"CASA DO PEQUENO";"importacao_excel";"a_pagar";"780,29"
"861842";"2025-05-26";"";"J Alves Locação de Andaimes e Equipamentos Ltda";"Hotel Qiu 2 - Fase 3";"importacao_excel";"a_pagar";"215,71"
"861830";"2025-05-26";"";"J Alves Locação de Andaimes e Equipamentos Ltda";"LUCIANA - FINAL BLOCO B";"importacao_excel";"a_pagar";"76,86"
"861843";"2025-05-26";"";"J Alves Locação de Andaimes e Equipamentos Ltda";"LUCIANA - FINAL BLOCO B";"importacao_excel";"a_pagar";"349,29"
"861844";"2025-05-26";"";"J Alves Locação de Andaimes e Equipamentos Ltda";"LUCIANA - FINAL BLOCO B";"importacao_excel";"a_pagar";"76,86"
"861845";"2025-05-26";"";"J Alves Locação de Andaimes e Equipamentos Ltda";"POS OBRA";"importacao_excel";"a_pagar";"61,43"
"861829";"2025-05-26";"";"J Alves Locação de Andaimes e Equipamentos Ltda";"POS OBRA";"importacao_excel";"a_pagar";"61,43"
"861823";"2025-05-26";"";"J Alves Locação de Andaimes e Equipamentos Ltda";"Hotel Qiu 2 - Fase 3";"importacao_excel";"a_pagar";"135,71"
"861828";"2025-05-26";"";"J Alves Locação de Andaimes e Equipamentos Ltda";"LUCIANA - FINAL BLOCO B";"importacao_excel";"a_pagar";"349,29"
"861827";"2025-05-26";"";"J Alves Locação de Andaimes e Equipamentos Ltda";"PALES ";"importacao_excel";"a_pagar";"21,79"
"861826";"2025-05-26";"";"J Alves Locação de Andaimes e Equipamentos Ltda";"Car Sanitários";"importacao_excel";"a_pagar";"31,43"
"861825";"2025-05-26";"";"J Alves Locação de Andaimes e Equipamentos Ltda";"POS OBRA";"importacao_excel";"a_pagar";"5,43"
"861824";"2025-05-26";"";"J Alves Locação de Andaimes e Equipamentos Ltda";"PALES ";"importacao_excel";"a_pagar";"266,86"
"861822";"2025-05-26";"";"J Alves Locação de Andaimes e Equipamentos Ltda";"Car Sanitários";"importacao_excel";"a_pagar";"31,43"
"861832";"2025-05-26";"";"J Alves Locação de Andaimes e Equipamentos Ltda";"CASA DO PEQUENO";"importacao_excel";"a_pagar";"1009,57"
"861833";"2025-05-26";"";"J Alves Locação de Andaimes e Equipamentos Ltda";"CASA DO PEQUENO";"importacao_excel";"a_pagar";"1009,57"
"861834";"2025-05-26";"";"J Alves Locação de Andaimes e Equipamentos Ltda";"CASA DO PEQUENO";"importacao_excel";"a_pagar";"780,29"
"861846";"2025-06-03";"Medição - Fev/2025";"Retenção Técnica - Jair";"Luciana - Residencial Multifamiliar - Etapa Final";"importacao_excel";"a_pagar";"2,94"
"861848";"2025-06-03";"Medição - Fev/2025";"Retenção Técnica - Jair";"Luciana - Residencial Multifamiliar - Etapa Final";"importacao_excel";"a_pagar";"7,35"
"861849";"2025-06-03";"Medição - Fev/2025";"Retenção Técnica - Jair";"Luciana - Residencial Multifamiliar - Etapa Final";"importacao_excel";"a_pagar";"2,94"
"861850";"2025-06-03";"Medição - Fev/2025";"Retenção Técnica - Jair";"Luciana - Residencial Multifamiliar - Etapa Final";"importacao_excel";"a_pagar";"5,88"
"861851";"2025-06-03";"Medição - Fev/2025";"Retenção Técnica - Jair";"Luciana - Residencial Multifamiliar - Etapa Final";"importacao_excel";"a_pagar";"2,94"
"861852";"2025-06-03";"Medição - Fev/2025";"Retenção Técnica - Jair";"Luciana - Residencial Multifamiliar - Etapa Final";"importacao_excel";"a_pagar";"5,88"
"861853";"2025-06-03";"Medição - Fev/2025";"Retenção Técnica - Jair";"Luciana - Residencial Multifamiliar - Etapa Final";"importacao_excel";"a_pagar";"7,35"
"861855";"2025-06-03";"Medição - Fev/2025";"Retenção Técnica - Jair";"Luciana - Residencial Multifamiliar - Etapa Final";"importacao_excel";"a_pagar";"2,94"
"861856";"2025-06-03";"Medição - Fev/2025";"Retenção Técnica - Jair";"Luciana - Residencial Multifamiliar - Etapa Final";"importacao_excel";"a_pagar";"2,94"
"861857";"2025-06-03";"Medição - Fev/2025";"Retenção Técnica - Jair";"Luciana - Residencial Multifamiliar - Etapa Final";"importacao_excel";"a_pagar";"2,94"
"861858";"2025-06-03";"Medição - Fev/2025";"Retenção Técnica - Jair";"Luciana - Residencial Multifamiliar - Etapa Final";"importacao_excel";"a_pagar";"6,06"
"861861";"2025-06-03";"Medição - Fev/2025";"Retenção Técnica - Jair";"Luciana - Residencial Multifamiliar - Etapa Final";"importacao_excel";"a_pagar";"23,25"
"861862";"2025-06-03";"Medição - Fev/2025";"Retenção Técnica - Jair";"Luciana - Residencial Multifamiliar - Etapa Final";"importacao_excel";"a_pagar";"47,55"
"861863";"2025-06-03";"Medição - Fev/2025";"Retenção Técnica - Jair";"Luciana - Residencial Multifamiliar - Etapa Final";"importacao_excel";"a_pagar";"31,59"
"861864";"2025-06-03";"Medição - Fev/2025";"Retenção Técnica - Jair";"Luciana - Residencial Multifamiliar - Etapa Final";"importacao_excel";"a_pagar";"6,15"
"861865";"2025-06-03";"Medição - Fev/2025";"Retenção Técnica - Jair";"Luciana - Residencial Multifamiliar - Etapa Final";"importacao_excel";"a_pagar";"9,09"
"861866";"2025-06-03";"Medição - Fev/2025";"Retenção Técnica - Jair";"Luciana - Residencial Multifamiliar - Etapa Final";"importacao_excel";"a_pagar";"3,03"
"861867";"2025-06-03";"Medição - Fev/2025";"Retenção Técnica - Jair";"Luciana - Residencial Multifamiliar - Etapa Final";"importacao_excel";"a_pagar";"4,41"
"861868";"2025-06-03";"Medição - Fev/2025";"Retenção Técnica - Jair";"Luciana - Residencial Multifamiliar - Etapa Final";"importacao_excel";"a_pagar";"23,25"
"861870";"2025-06-03";"Medição - Fev/2025";"Retenção Técnica - Jair";"Luciana - Residencial Multifamiliar - Etapa Final";"importacao_excel";"a_pagar";"31,59"
"861872";"2025-06-03";"Medição - Fev/2025";"Retenção Técnica - Jair";"Luciana - Residencial Multifamiliar - Etapa Final";"importacao_excel";"a_pagar";"9,12"
"861873";"2025-06-03";"Medição - Fev/2025";"Retenção Técnica - Jair";"Luciana - Residencial Multifamiliar - Etapa Final";"importacao_excel";"a_pagar";"4,41"
"861874";"2025-06-03";"Medição - Mai/2025";"Retenção Técnica - Agostinho";"Car Sanitários";"importacao_excel";"a_pagar";"33,75"
"861859";"2025-06-03";"Medição - Fev/2025";"Retenção Técnica - Jair";"Luciana - Residencial Multifamiliar - Etapa Final";"importacao_excel";"a_pagar";"3,03"
"861871";"2025-06-03";"Medição - Mai/2025";"Retenção Técnica - Agostinho";"Car Sanitários";"importacao_excel";"a_pagar";"487,50"
"861869";"2025-06-03";"Medição - Fev/2025";"Retenção Técnica - Jair";"Luciana - Residencial Multifamiliar - Etapa Final";"importacao_excel";"a_pagar";"47,55"
"861854";"2025-06-03";"Medição - Fev/2025";"Retenção Técnica - Jair";"Luciana - Residencial Multifamiliar - Etapa Final";"importacao_excel";"a_pagar";"2,88"
"861860";"2025-06-03";"Medição - Mai/2025";"Retenção Técnica - Agostinho";"Car Sanitários";"importacao_excel";"a_pagar";"317,85"
"861847";"2025-06-03";"Medição - Fev/2025";"Retenção Técnica - Jair";"Luciana - Residencial Multifamiliar - Etapa Final";"importacao_excel";"a_pagar";"2,94"
"861897";"2025-06-04";"Contrato: 75 - Medição: 1";"Jerryaliton Augusto Bezerra";"Chlorum Solutions - Uberlândia";"importacao_excel";"a_pagar";"148,35"
"861898";"2025-06-04";"Contrato: 53 - Medição: 1";"Jerryaliton Augusto Bezerra";"Chlorum Solutions - Uberlândia";"importacao_excel";"a_pagar";"89,58"
"861900";"2025-06-04";"Contrato: 53 - Medição: 1";"Jerryaliton Augusto Bezerra";"Chlorum Solutions - Uberlândia";"importacao_excel";"a_pagar";"89,58"
"861902";"2025-06-04";"Contrato: 55 - Medição: 1";"Jerryaliton Augusto Bezerra";"CASA DO PEQUENO";"importacao_excel";"a_pagar";"60,43"
"861893";"2025-06-04";"Contrato: 55 - Medição: 2";"Jerryaliton Augusto Bezerra";"CASA DO PEQUENO";"importacao_excel";"a_pagar";"70,14"
"861931";"2025-06-04";"Medição - Mai/2025";"Retenção Técnica - Márcio Eletricista";"Luciana - Residencial Multifamiliar - Etapa Final";"importacao_excel";"a_pagar";"1,97"
"861930";"2025-06-04";"Medição - Mai/2025";"Retenção Técnica - Márcio Eletricista";"Luciana - Residencial Multifamiliar - Etapa Final";"importacao_excel";"a_pagar";"5,28"
"861884";"2025-06-04";"Medição - Mai/2025";"Retenção Técnica - Márcio Eletricista";"Luciana - Residencial Multifamiliar - Etapa Final";"importacao_excel";"a_pagar";"4,53"
"861883";"2025-06-04";"Medição - Mai/2025";"Retenção Técnica - Márcio Eletricista";"Luciana - Residencial Multifamiliar - Etapa Final";"importacao_excel";"a_pagar";"9,05"
"861878";"2025-06-04";"Medição - Mai/2025";"Retenção Técnica - Márcio Eletricista";"Luciana - Residencial Multifamiliar - Etapa Final";"importacao_excel";"a_pagar";"0,48"
"861877";"2025-06-04";"Medição - Mai/2025";"Retenção Técnica - Márcio Eletricista";"Luciana - Residencial Multifamiliar - Etapa Final";"importacao_excel";"a_pagar";"0,78"
"861929";"2025-06-04";"Contrato: 53 - Medição: 1";"Jerryaliton Augusto Bezerra";"Chlorum Solutions - Uberlândia";"importacao_excel";"a_pagar";"89,58"
"861928";"2025-06-04";"Medição - Mai/2025";"Retenção Técnica - Márcio Eletricista";"Luciana - Residencial Multifamiliar - Etapa Final";"importacao_excel";"a_pagar";"0,16"
"861927";"2025-06-04";"Medição - Mai/2025";"Retenção Técnica - Márcio Eletricista";"Luciana - Residencial Multifamiliar - Etapa Final";"importacao_excel";"a_pagar";"6,25"
"861926";"2025-06-04";"Medição - Mai/2025";"Retenção Técnica - Márcio Eletricista";"Luciana - Residencial Multifamiliar - Etapa Final";"importacao_excel";"a_pagar";"0,16"
"861892";"2025-06-04";"Contrato: 55 - Medição: 1";"Jerryaliton Augusto Bezerra";"CASA DO PEQUENO";"importacao_excel";"a_pagar";"60,43"
"861891";"2025-06-04";"Contrato: 55 - Medição: 1";"Jerryaliton Augusto Bezerra";"CASA DO PEQUENO";"importacao_excel";"a_pagar";"60,43"
"861890";"2025-06-04";"Contrato: 55 - Medição: 1";"Jerryaliton Augusto Bezerra";"CASA DO PEQUENO";"importacao_excel";"a_pagar";"60,43"
"861875";"2025-06-04";"Contrato: 75 - Medição: 1";"Jerryaliton Augusto Bezerra";"Chlorum Solutions - Uberlândia";"importacao_excel";"a_pagar";"65,12"
"861876";"2025-06-04";"Medição - Mai/2025";"Retenção Técnica - Márcio Eletricista";"Luciana - Residencial Multifamiliar - Etapa Final";"importacao_excel";"a_pagar";"0,09"
"861925";"2025-06-04";"Contrato: 75 - Medição: 1";"Jerryaliton Augusto Bezerra";"Chlorum Solutions - Uberlândia";"importacao_excel";"a_pagar";"284,02"
"861924";"2025-06-04";"Contrato: 53 - Medição: 1";"Jerryaliton Augusto Bezerra";"Chlorum Solutions - Uberlândia";"importacao_excel";"a_pagar";"89,58"
"861923";"2025-06-04";"Medição - Mai/2025";"Retenção Técnica - Márcio Eletricista";"Luciana - Residencial Multifamiliar - Etapa Final";"importacao_excel";"a_pagar";"0,09"
"861922";"2025-06-04";"Medição - Mai/2025";"Retenção Técnica - Márcio Eletricista";"Luciana - Residencial Multifamiliar - Etapa Final";"importacao_excel";"a_pagar";"1,97"
"861921";"2025-06-04";"Medição - Mai/2025";"Retenção Técnica - Márcio Eletricista";"Luciana - Residencial Multifamiliar - Etapa Final";"importacao_excel";"a_pagar";"4,53"
"861920";"2025-06-04";"Medição - Mai/2025";"Retenção Técnica - Márcio Eletricista";"Luciana - Residencial Multifamiliar - Etapa Final";"importacao_excel";"a_pagar";"9,05"
"861919";"2025-06-04";"Medição - Mai/2025";"Retenção Técnica - Márcio Eletricista";"Luciana - Residencial Multifamiliar - Etapa Final";"importacao_excel";"a_pagar";"0,48"
"861918";"2025-06-04";"Medição - Mai/2025";"Retenção Técnica - Márcio Eletricista";"Luciana - Residencial Multifamiliar - Etapa Final";"importacao_excel";"a_pagar";"0,09"
"861917";"2025-06-04";"Medição - Mai/2025";"Retenção Técnica - Márcio Eletricista";"Luciana - Residencial Multifamiliar - Etapa Final";"importacao_excel";"a_pagar";"0,13"
"861916";"2025-06-04";"Medição - Mai/2025";"Retenção Técnica - Márcio Eletricista";"Luciana - Residencial Multifamiliar - Etapa Final";"importacao_excel";"a_pagar";"12,80"
"861915";"2025-06-04";"Medição - Mai/2025";"Retenção Técnica - Márcio Eletricista";"Luciana - Residencial Multifamiliar - Etapa Final";"importacao_excel";"a_pagar";"2,99"
"861914";"2025-06-04";"Medição - Mai/2025";"Retenção Técnica - Márcio Eletricista";"Luciana - Residencial Multifamiliar - Etapa Final";"importacao_excel";"a_pagar";"0,87"
"861913";"2025-06-04";"Medição - Mai/2025";"Retenção Técnica - Márcio Eletricista";"Luciana - Residencial Multifamiliar - Etapa Final";"importacao_excel";"a_pagar";"0,78"
"861912";"2025-06-04";"Medição - Mai/2025";"Retenção Técnica - Márcio Eletricista";"Luciana - Residencial Multifamiliar - Etapa Final";"importacao_excel";"a_pagar";"0,09"
"861911";"2025-06-04";"Medição - Mai/2025";"Retenção Técnica - Márcio Eletricista";"Luciana - Residencial Multifamiliar - Etapa Final";"importacao_excel";"a_pagar";"3,22"
"861910";"2025-06-04";"Medição - Mai/2025";"Retenção Técnica - Márcio Eletricista";"Luciana - Residencial Multifamiliar - Etapa Final";"importacao_excel";"a_pagar";"0,90"
"861909";"2025-06-04";"Medição - Mai/2025";"Retenção Técnica - Márcio Eletricista";"Luciana - Residencial Multifamiliar - Etapa Final";"importacao_excel";"a_pagar";"0,45"
"861908";"2025-06-04";"Medição - Mai/2025";"Retenção Técnica - Márcio Eletricista";"Luciana - Residencial Multifamiliar - Etapa Final";"importacao_excel";"a_pagar";"1,95"
"861907";"2025-06-04";"Medição - Mai/2025";"Retenção Técnica - Márcio Eletricista";"Luciana - Residencial Multifamiliar - Etapa Final";"importacao_excel";"a_pagar";"0,45"
"861906";"2025-06-04";"Medição - Mai/2025";"Retenção Técnica - Márcio Eletricista";"Luciana - Residencial Multifamiliar - Etapa Final";"importacao_excel";"a_pagar";"73,45"
"861905";"2025-06-04";"Medição - Mai/2025";"Retenção Técnica - Márcio Eletricista";"Luciana - Residencial Multifamiliar - Etapa Final";"importacao_excel";"a_pagar";"73,45"
"861904";"2025-06-04";"Medição - Mai/2025";"Retenção Técnica - Márcio Eletricista";"Luciana - Residencial Multifamiliar - Etapa Final";"importacao_excel";"a_pagar";"0,09"
"861903";"2025-06-04";"Medição - Mai/2025";"Retenção Técnica - Márcio Eletricista";"Luciana - Residencial Multifamiliar - Etapa Final";"importacao_excel";"a_pagar";"0,90"
"861901";"2025-06-04";"Medição - Abr/2025";"Retenção Técnica - Agostinho";"Car Sanitários";"importacao_excel";"a_pagar";"205,19"
"861889";"2025-06-04";"Medição - Mai/2025";"Retenção Técnica - Márcio Eletricista";"Luciana - Residencial Multifamiliar - Etapa Final";"importacao_excel";"a_pagar";"1,63"
"861888";"2025-06-04";"Medição - Mai/2025";"Retenção Técnica - Márcio Eletricista";"Luciana - Residencial Multifamiliar - Etapa Final";"importacao_excel";"a_pagar";"3,22"
"861887";"2025-06-04";"Medição - Mai/2025";"Retenção Técnica - Márcio Eletricista";"Luciana - Residencial Multifamiliar - Etapa Final";"importacao_excel";"a_pagar";"6,23"
"861886";"2025-06-04";"Medição - Mai/2025";"Retenção Técnica - Márcio Eletricista";"Luciana - Residencial Multifamiliar - Etapa Final";"importacao_excel";"a_pagar";"0,16"
"861885";"2025-06-04";"Medição - Mai/2025";"Retenção Técnica - Márcio Eletricista";"Luciana - Residencial Multifamiliar - Etapa Final";"importacao_excel";"a_pagar";"0,09"
"861882";"2025-06-04";"Medição - Mai/2025";"Retenção Técnica - Márcio Eletricista";"Luciana - Residencial Multifamiliar - Etapa Final";"importacao_excel";"a_pagar";"5,28"
"861881";"2025-06-04";"Medição - Mai/2025";"Retenção Técnica - Márcio Eletricista";"Luciana - Residencial Multifamiliar - Etapa Final";"importacao_excel";"a_pagar";"0,13"
"861880";"2025-06-04";"Medição - Mai/2025";"Retenção Técnica - Márcio Eletricista";"Luciana - Residencial Multifamiliar - Etapa Final";"importacao_excel";"a_pagar";"12,82"
"861879";"2025-06-04";"Medição - Mai/2025";"Retenção Técnica - Márcio Eletricista";"Luciana - Residencial Multifamiliar - Etapa Final";"importacao_excel";"a_pagar";"2,99"
"861899";"2025-06-04";"Medição - Abr/2025";"Retenção Técnica - Agostinho";"Car Sanitários";"importacao_excel";"a_pagar";"76,40"
"861894";"2025-06-04";"Contrato: 55 - Medição: 2";"Jerryaliton Augusto Bezerra";"CASA DO PEQUENO";"importacao_excel";"a_pagar";"70,14"
"861895";"2025-06-04";"Contrato: 55 - Medição: 2";"Jerryaliton Augusto Bezerra";"CASA DO PEQUENO";"importacao_excel";"a_pagar";"70,14"
"861896";"2025-06-04";"Contrato: 55 - Medição: 2";"Jerryaliton Augusto Bezerra";"CASA DO PEQUENO";"importacao_excel";"a_pagar";"70,14"
"861998";"2025-06-05";"Contrato: 31 - Medição: 2";"Retenção Técnica - Jair";"Luciana - Residencial Multifamiliar - Etapa Final";"importacao_excel";"a_pagar";"19,74"
"861932";"2025-06-05";"Contrato: 31 - Medição: 4";"Retenção Técnica - Jair";"Luciana - Residencial Multifamiliar - Etapa Final";"importacao_excel";"a_pagar";"2,58"
"861933";"2025-06-05";"Contrato: 31 - Medição: 4";"Retenção Técnica - Jair";"Luciana - Residencial Multifamiliar - Etapa Final";"importacao_excel";"a_pagar";"2,58"
"861934";"2025-06-05";"Contrato: 31 - Medição: 4";"Retenção Técnica - Jair";"Luciana - Residencial Multifamiliar - Etapa Final";"importacao_excel";"a_pagar";"6,45"
"861935";"2025-06-05";"Contrato: 31 - Medição: 4";"Retenção Técnica - Jair";"Luciana - Residencial Multifamiliar - Etapa Final";"importacao_excel";"a_pagar";"6,45"
"861936";"2025-06-05";"Contrato: 31 - Medição: 4";"Retenção Técnica - Jair";"Luciana - Residencial Multifamiliar - Etapa Final";"importacao_excel";"a_pagar";"5,16"
"861937";"2025-06-05";"Contrato: 31 - Medição: 4";"Retenção Técnica - Jair";"Luciana - Residencial Multifamiliar - Etapa Final";"importacao_excel";"a_pagar";"2,58"
"861938";"2025-06-05";"Contrato: 31 - Medição: 4";"Retenção Técnica - Jair";"Luciana - Residencial Multifamiliar - Etapa Final";"importacao_excel";"a_pagar";"5,16"
"861939";"2025-06-05";"Contrato: 31 - Medição: 4";"Retenção Técnica - Jair";"Luciana - Residencial Multifamiliar - Etapa Final";"importacao_excel";"a_pagar";"2,55"
"861940";"2025-06-05";"Contrato: 31 - Medição: 4";"Retenção Técnica - Jair";"Luciana - Residencial Multifamiliar - Etapa Final";"importacao_excel";"a_pagar";"2,58"
"861941";"2025-06-05";"Contrato: 31 - Medição: 4";"Retenção Técnica - Jair";"Luciana - Residencial Multifamiliar - Etapa Final";"importacao_excel";"a_pagar";"2,58"
"861942";"2025-06-05";"Contrato: 31 - Medição: 4";"Retenção Técnica - Jair";"Luciana - Residencial Multifamiliar - Etapa Final";"importacao_excel";"a_pagar";"1,29"
"861944";"2025-06-05";"Contrato: 31 - Medição: 4";"Retenção Técnica - Jair";"Luciana - Residencial Multifamiliar - Etapa Final";"importacao_excel";"a_pagar";"2,58"
"861945";"2025-06-05";"Contrato: 31 - Medição: 4";"Retenção Técnica - Jair";"Luciana - Residencial Multifamiliar - Etapa Final";"importacao_excel";"a_pagar";"3,87"
"861946";"2025-06-05";"Contrato: 31 - Medição: 4";"Retenção Técnica - Jair";"Luciana - Residencial Multifamiliar - Etapa Final";"importacao_excel";"a_pagar";"1,29"
"861947";"2025-06-05";"Contrato: 31 - Medição: 4";"Retenção Técnica - Jair";"Luciana - Residencial Multifamiliar - Etapa Final";"importacao_excel";"a_pagar";"1,88"
"861948";"2025-06-05";"Contrato: 31 - Medição: 4";"Retenção Técnica - Jair";"Luciana - Residencial Multifamiliar - Etapa Final";"importacao_excel";"a_pagar";"9,87"
"861952";"2025-06-05";"Contrato: 31 - Medição: 4";"Retenção Técnica - Jair";"Luciana - Residencial Multifamiliar - Etapa Final";"importacao_excel";"a_pagar";"1,88"
"861953";"2025-06-05";"Contrato: 31 - Medição: 4";"Retenção Técnica - Jair";"Luciana - Residencial Multifamiliar - Etapa Final";"importacao_excel";"a_pagar";"2,58"
"861954";"2025-06-05";"Contrato: 31 - Medição: 4";"Retenção Técnica - Jair";"Luciana - Residencial Multifamiliar - Etapa Final";"importacao_excel";"a_pagar";"13,41"
"861955";"2025-06-05";"Contrato: 31 - Medição: 3";"Retenção Técnica - Jair";"Luciana - Residencial Multifamiliar - Etapa Final";"importacao_excel";"a_pagar";"6,02"
"861956";"2025-06-05";"Contrato: 31 - Medição: 4";"Retenção Técnica - Jair";"Luciana - Residencial Multifamiliar - Etapa Final";"importacao_excel";"a_pagar";"9,87"
"861957";"2025-06-05";"Contrato: 31 - Medição: 3";"Retenção Técnica - Jair";"Luciana - Residencial Multifamiliar - Etapa Final";"importacao_excel";"a_pagar";"47,11"
"861958";"2025-06-05";"Contrato: 31 - Medição: 3";"Retenção Técnica - Jair";"Luciana - Residencial Multifamiliar - Etapa Final";"importacao_excel";"a_pagar";"31,29"
"861960";"2025-06-05";"Contrato: 31 - Medição: 3";"Retenção Técnica - Jair";"Luciana - Residencial Multifamiliar - Etapa Final";"importacao_excel";"a_pagar";"3,01"
"861961";"2025-06-05";"Contrato: 31 - Medição: 3";"Retenção Técnica - Jair";"Luciana - Residencial Multifamiliar - Etapa Final";"importacao_excel";"a_pagar";"9,03"
"861962";"2025-06-05";"Contrato: 31 - Medição: 3";"Retenção Técnica - Jair";"Luciana - Residencial Multifamiliar - Etapa Final";"importacao_excel";"a_pagar";"6,02"
"861963";"2025-06-05";"Contrato: 31 - Medição: 3";"Retenção Técnica - Jair";"Luciana - Residencial Multifamiliar - Etapa Final";"importacao_excel";"a_pagar";"31,29"
"861964";"2025-06-05";"Contrato: 31 - Medição: 3";"Retenção Técnica - Jair";"Luciana - Residencial Multifamiliar - Etapa Final";"importacao_excel";"a_pagar";"47,11"
"861965";"2025-06-05";"Contrato: 31 - Medição: 3";"Retenção Técnica - Jair";"Luciana - Residencial Multifamiliar - Etapa Final";"importacao_excel";"a_pagar";"23,03"
"861966";"2025-06-05";"Contrato: 31 - Medição: 3";"Retenção Técnica - Jair";"Luciana - Residencial Multifamiliar - Etapa Final";"importacao_excel";"a_pagar";"4,38"
"861967";"2025-06-05";"Contrato: 31 - Medição: 3";"Retenção Técnica - Jair";"Luciana - Residencial Multifamiliar - Etapa Final";"importacao_excel";"a_pagar";"3,01"
"861968";"2025-06-05";"Contrato: 31 - Medição: 4";"Retenção Técnica - Jair";"Luciana - Residencial Multifamiliar - Etapa Final";"importacao_excel";"a_pagar";"20,19"
"861969";"2025-06-05";"Contrato: 31 - Medição: 3";"Retenção Técnica - Jair";"Luciana - Residencial Multifamiliar - Etapa Final";"importacao_excel";"a_pagar";"9,03"
"861970";"2025-06-05";"Contrato: 31 - Medição: 3";"Retenção Técnica - Jair";"Luciana - Residencial Multifamiliar - Etapa Final";"importacao_excel";"a_pagar";"6,02"
"861971";"2025-06-05";"Contrato: 31 - Medição: 3";"Retenção Técnica - Jair";"Luciana - Residencial Multifamiliar - Etapa Final";"importacao_excel";"a_pagar";"6,02"
"861975";"2025-06-05";"Contrato: 31 - Medição: 3";"Retenção Técnica - Jair";"Luciana - Residencial Multifamiliar - Etapa Final";"importacao_excel";"a_pagar";"6,02"
"861976";"2025-06-05";"Contrato: 31 - Medição: 3";"Retenção Técnica - Jair";"Luciana - Residencial Multifamiliar - Etapa Final";"importacao_excel";"a_pagar";"12,04"
"861977";"2025-06-05";"Contrato: 31 - Medição: 3";"Retenção Técnica - Jair";"Luciana - Residencial Multifamiliar - Etapa Final";"importacao_excel";"a_pagar";"6,02"
"861978";"2025-06-05";"Contrato: 31 - Medição: 3";"Retenção Técnica - Jair";"Luciana - Residencial Multifamiliar - Etapa Final";"importacao_excel";"a_pagar";"12,04"
"861979";"2025-06-05";"Contrato: 31 - Medição: 3";"Retenção Técnica - Jair";"Luciana - Residencial Multifamiliar - Etapa Final";"importacao_excel";"a_pagar";"15,05"
"861980";"2025-06-05";"Contrato: 31 - Medição: 3";"Retenção Técnica - Jair";"Luciana - Residencial Multifamiliar - Etapa Final";"importacao_excel";"a_pagar";"5,95"
"861986";"2025-06-05";"Contrato: 31 - Medição: 2";"Retenção Técnica - Jair";"Luciana - Residencial Multifamiliar - Etapa Final";"importacao_excel";"a_pagar";"5,16"
"861988";"2025-06-05";"Contrato: 31 - Medição: 2";"Retenção Técnica - Jair";"Luciana - Residencial Multifamiliar - Etapa Final";"importacao_excel";"a_pagar";"10,32"
"861989";"2025-06-05";"Contrato: 31 - Medição: 2";"Retenção Técnica - Jair";"Luciana - Residencial Multifamiliar - Etapa Final";"importacao_excel";"a_pagar";"12,90"
"861990";"2025-06-05";"Contrato: 31 - Medição: 2";"Retenção Técnica - Jair";"Luciana - Residencial Multifamiliar - Etapa Final";"importacao_excel";"a_pagar";"5,10"
"861991";"2025-06-05";"Contrato: 31 - Medição: 2";"Retenção Técnica - Jair";"Luciana - Residencial Multifamiliar - Etapa Final";"importacao_excel";"a_pagar";"5,16"
"861992";"2025-06-05";"Contrato: 31 - Medição: 2";"Retenção Técnica - Jair";"Luciana - Residencial Multifamiliar - Etapa Final";"importacao_excel";"a_pagar";"5,16"
"861993";"2025-06-05";"Contrato: 31 - Medição: 2";"Retenção Técnica - Jair";"Luciana - Residencial Multifamiliar - Etapa Final";"importacao_excel";"a_pagar";"5,16"
"861994";"2025-06-05";"Contrato: 31 - Medição: 2";"Retenção Técnica - Jair";"Luciana - Residencial Multifamiliar - Etapa Final";"importacao_excel";"a_pagar";"5,16"
"861999";"2025-06-05";"Contrato: 31 - Medição: 2";"Retenção Técnica - Jair";"Luciana - Residencial Multifamiliar - Etapa Final";"importacao_excel";"a_pagar";"40,38"
"862000";"2025-06-05";"Contrato: 31 - Medição: 2";"Retenção Técnica - Jair";"Luciana - Residencial Multifamiliar - Etapa Final";"importacao_excel";"a_pagar";"26,82"
"862001";"2025-06-05";"Contrato: 31 - Medição: 2";"Retenção Técnica - Jair";"Luciana - Residencial Multifamiliar - Etapa Final";"importacao_excel";"a_pagar";"5,16"
"862006";"2025-06-05";"Contrato: 31 - Medição: 2";"Retenção Técnica - Jair";"Luciana - Residencial Multifamiliar - Etapa Final";"importacao_excel";"a_pagar";"3,75"
"862007";"2025-06-05";"Contrato: 31 - Medição: 2";"Retenção Técnica - Jair";"Luciana - Residencial Multifamiliar - Etapa Final";"importacao_excel";"a_pagar";"2,58"
"862008";"2025-06-05";"Contrato: 31 - Medição: 2";"Retenção Técnica - Jair";"Luciana - Residencial Multifamiliar - Etapa Final";"importacao_excel";"a_pagar";"7,74"
"862002";"2025-06-05";"Contrato: 31 - Medição: 2";"Retenção Técnica - Jair";"Luciana - Residencial Multifamiliar - Etapa Final";"importacao_excel";"a_pagar";"12,90"
"862003";"2025-06-05";"Contrato: 31 - Medição: 2";"Retenção Técnica - Jair";"Luciana - Residencial Multifamiliar - Etapa Final";"importacao_excel";"a_pagar";"26,82"
"862004";"2025-06-05";"Contrato: 31 - Medição: 2";"Retenção Técnica - Jair";"Luciana - Residencial Multifamiliar - Etapa Final";"importacao_excel";"a_pagar";"40,38"
"862005";"2025-06-05";"Contrato: 31 - Medição: 2";"Retenção Técnica - Jair";"Luciana - Residencial Multifamiliar - Etapa Final";"importacao_excel";"a_pagar";"10,32"
"862009";"2025-06-05";"Contrato: 31 - Medição: 2";"Retenção Técnica - Jair";"Luciana - Residencial Multifamiliar - Etapa Final";"importacao_excel";"a_pagar";"19,74"
"861997";"2025-06-05";"Contrato: 31 - Medição: 2";"Retenção Técnica - Jair";"Luciana - Residencial Multifamiliar - Etapa Final";"importacao_excel";"a_pagar";"3,75"
"861996";"2025-06-05";"Contrato: 31 - Medição: 2";"Retenção Técnica - Jair";"Luciana - Residencial Multifamiliar - Etapa Final";"importacao_excel";"a_pagar";"2,58"
"861995";"2025-06-05";"Contrato: 31 - Medição: 2";"Retenção Técnica - Jair";"Luciana - Residencial Multifamiliar - Etapa Final";"importacao_excel";"a_pagar";"7,74"
"861987";"2025-06-05";"Contrato: 31 - Medição: 2";"Retenção Técnica - Jair";"Luciana - Residencial Multifamiliar - Etapa Final";"importacao_excel";"a_pagar";"5,16"
"861985";"2025-06-05";"Contrato: 31 - Medição: 2";"Retenção Técnica - Jair";"Luciana - Residencial Multifamiliar - Etapa Final";"importacao_excel";"a_pagar";"5,16"
"861984";"2025-06-05";"Contrato: 31 - Medição: 2";"Retenção Técnica - Jair";"Luciana - Residencial Multifamiliar - Etapa Final";"importacao_excel";"a_pagar";"5,16"
"861983";"2025-06-05";"Contrato: 31 - Medição: 4";"Retenção Técnica - Jair";"Luciana - Residencial Multifamiliar - Etapa Final";"importacao_excel";"a_pagar";"20,19"
"861982";"2025-06-05";"Contrato: 31 - Medição: 3";"Retenção Técnica - Jair";"Luciana - Residencial Multifamiliar - Etapa Final";"importacao_excel";"a_pagar";"23,03"
"861981";"2025-06-05";"Contrato: 31 - Medição: 3";"Retenção Técnica - Jair";"Luciana - Residencial Multifamiliar - Etapa Final";"importacao_excel";"a_pagar";"6,02"
"861974";"2025-06-05";"Contrato: 31 - Medição: 3";"Retenção Técnica - Jair";"Luciana - Residencial Multifamiliar - Etapa Final";"importacao_excel";"a_pagar";"15,05"
"861973";"2025-06-05";"Contrato: 31 - Medição: 3";"Retenção Técnica - Jair";"Luciana - Residencial Multifamiliar - Etapa Final";"importacao_excel";"a_pagar";"6,02"
"861972";"2025-06-05";"Contrato: 31 - Medição: 3";"Retenção Técnica - Jair";"Luciana - Residencial Multifamiliar - Etapa Final";"importacao_excel";"a_pagar";"6,02"
"861959";"2025-06-05";"Contrato: 31 - Medição: 3";"Retenção Técnica - Jair";"Luciana - Residencial Multifamiliar - Etapa Final";"importacao_excel";"a_pagar";"4,38"
"861951";"2025-06-05";"Contrato: 31 - Medição: 4";"Retenção Técnica - Jair";"Luciana - Residencial Multifamiliar - Etapa Final";"importacao_excel";"a_pagar";"3,87"
"861950";"2025-06-05";"Contrato: 31 - Medição: 4";"Retenção Técnica - Jair";"Luciana - Residencial Multifamiliar - Etapa Final";"importacao_excel";"a_pagar";"2,58"
"861949";"2025-06-05";"Contrato: 31 - Medição: 4";"Retenção Técnica - Jair";"Luciana - Residencial Multifamiliar - Etapa Final";"importacao_excel";"a_pagar";"13,41"
"861943";"2025-06-05";"Contrato: 31 - Medição: 4";"Retenção Técnica - Jair";"Luciana - Residencial Multifamiliar - Etapa Final";"importacao_excel";"a_pagar";"2,58"
"862034";"2025-06-10";"";"Coimbra";"Chlorum - Bases Pipe";"importacao_excel";"a_pagar";"380,78"
"862025";"2025-06-10";"";"Coimbra";"CASA DO PEQUENO";"importacao_excel";"a_pagar";"378,88"
"862029";"2025-06-10";"";"Coimbra";"Chlorum - Bases Pipe";"importacao_excel";"a_pagar";"380,78"
"862024";"2025-06-10";"";"Coimbra";"CASA DO PEQUENO";"importacao_excel";"a_pagar";"93,75"
"862031";"2025-06-10";"";"Coimbra";"Car Sanitários";"importacao_excel";"a_pagar";"58,51"
"862028";"2025-06-10";"";"Coimbra";"CASA DO PEQUENO";"importacao_excel";"a_pagar";"947,19"
"862019";"2025-06-10";"";"Coimbra";"CASA DO PEQUENO";"importacao_excel";"a_pagar";"149,94"
"862011";"2025-06-10";"";"Coimbra";"Car Sanitários";"importacao_excel";"a_pagar";"64,40"
"862012";"2025-06-10";"";"Coimbra";"CASA DO PEQUENO";"importacao_excel";"a_pagar";"947,19"
"862013";"2025-06-10";"";"Coimbra";"Lar Nossa Senhora";"importacao_excel";"a_pagar";"204,19"
"862014";"2025-06-10";"";"Coimbra";"Lar Nossa Senhora";"importacao_excel";"a_pagar";"155,25"
"862032";"2025-06-10";"";"Coimbra";"Car Sanitários";"importacao_excel";"a_pagar";"396,50"
"862020";"2025-06-10";"";"Coimbra";"Lar Nossa Senhora";"importacao_excel";"a_pagar";"84,97"
"862021";"2025-06-10";"";"Coimbra";"Car Sanitários";"importacao_excel";"a_pagar";"1731,42"
"862023";"2025-06-10";"";"Coimbra";"CASA DO PEQUENO";"importacao_excel";"a_pagar";"187,50"
"862017";"2025-06-10";"";"Coimbra";"CASA DO PEQUENO";"importacao_excel";"a_pagar";"93,75"
"862033";"2025-06-10";"";"Coimbra";"Car Sanitários";"importacao_excel";"a_pagar";"1731,42"
"862015";"2025-06-10";"";"Coimbra";"Car Sanitários";"importacao_excel";"a_pagar";"58,51"
"862016";"2025-06-10";"";"Coimbra";"Car Sanitários";"importacao_excel";"a_pagar";"396,50"
"862035";"2025-06-10";"";"Coimbra";"Lar Nossa Senhora";"importacao_excel";"a_pagar";"204,19"
"862027";"2025-06-10";"";"Coimbra";"CASA DO PEQUENO";"importacao_excel";"a_pagar";"149,94"
"862026";"2025-06-10";"";"Coimbra";"Car Sanitários";"importacao_excel";"a_pagar";"64,40"
"862010";"2025-06-10";"";"Coimbra";"CASA DO PEQUENO";"importacao_excel";"a_pagar";"187,50"
"862018";"2025-06-10";"";"Coimbra";"CASA DO PEQUENO";"importacao_excel";"a_pagar";"378,88"
"862022";"2025-06-10";"";"Coimbra";"Lar Nossa Senhora";"importacao_excel";"a_pagar";"84,97"
"862030";"2025-06-10";"";"Coimbra";"Lar Nossa Senhora";"importacao_excel";"a_pagar";"155,25"
"862047";"2025-06-11";"";"Coimbra";"PALES ";"importacao_excel";"a_pagar";"22,11"
"862041";"2025-06-11";"";"Coimbra";"CASA DO PEQUENO";"importacao_excel";"a_pagar";"411,07"
"862040";"2025-06-11";"";"Coimbra";"PALES ";"importacao_excel";"a_pagar";"237,50"
"862042";"2025-06-11";"";"Coimbra";"Lar Nossa Senhora";"importacao_excel";"a_pagar";"74,25"
"862043";"2025-06-11";"";"Coimbra";"Car Sanitários";"importacao_excel";"a_pagar";"40,75"
"862044";"2025-06-11";"";"Coimbra";"Car Sanitários";"importacao_excel";"a_pagar";"519,75"
"862048";"2025-06-11";"";"Coimbra";"CASA DO PEQUENO";"importacao_excel";"a_pagar";"402,50"
"862055";"2025-06-11";"";"Coimbra";"Lar Nossa Senhora";"importacao_excel";"a_pagar";"74,25"
"862054";"2025-06-11";"";"Coimbra";"CASA DO PEQUENO";"importacao_excel";"a_pagar";"402,50"
"862046";"2025-06-11";"";"Coimbra";"CASA DO PEQUENO";"importacao_excel";"a_pagar";"322,00"
"862045";"2025-06-11";"";"Coimbra";"PALES ";"importacao_excel";"a_pagar";"22,11"
"862053";"2025-06-11";"";"Coimbra";"CASA DO PEQUENO";"importacao_excel";"a_pagar";"222,50"
"862052";"2025-06-11";"";"Coimbra";"Car Sanitários";"importacao_excel";"a_pagar";"7,61"
"862051";"2025-06-11";"";"Coimbra";"CASA DO PEQUENO";"importacao_excel";"a_pagar";"222,50"
"862050";"2025-06-11";"";"Coimbra";"CASA DO PEQUENO";"importacao_excel";"a_pagar";"322,00"
"862049";"2025-06-11";"";"Coimbra";"PALES ";"importacao_excel";"a_pagar";"237,50"
"862039";"2025-06-11";"";"Coimbra";"Car Sanitários";"importacao_excel";"a_pagar";"7,61"
"862038";"2025-06-11";"";"Coimbra";"CASA DO PEQUENO";"importacao_excel";"a_pagar";"411,07"
"862037";"2025-06-11";"";"Coimbra";"Car Sanitários";"importacao_excel";"a_pagar";"519,75"
"862036";"2025-06-11";"";"Coimbra";"Car Sanitários";"importacao_excel";"a_pagar";"40,75"
"862067";"2025-06-16";"Medição - Mai/2025";"Retenção Técnica - Márcio Eletricista";"Luciana - Residencial Multifamiliar 2ª Etapa";"importacao_excel";"a_pagar";"5,86"
"862092";"2025-06-16";"Medição - Mai/2025";"Retenção Técnica - Márcio Eletricista";"Luciana - Residencial Multifamiliar 2ª Etapa";"importacao_excel";"a_pagar";"0,77"
"862057";"2025-06-16";"Medição - Mai/2025";"Retenção Técnica - Márcio Eletricista";"Luciana - Residencial Multifamiliar 2ª Etapa";"importacao_excel";"a_pagar";"2,92"
"862056";"2025-06-16";"Medição - Mai/2025";"Retenção Técnica - Márcio Eletricista";"Luciana - Residencial Multifamiliar 2ª Etapa";"importacao_excel";"a_pagar";"0,58"
"862093";"2025-06-16";"Medição - Mai/2025";"Retenção Técnica - Márcio Eletricista";"Luciana - Residencial Multifamiliar 2ª Etapa";"importacao_excel";"a_pagar";"0,77"
"862061";"2025-06-16";"Medição - Mai/2025";"Retenção Técnica - Márcio Eletricista";"Luciana - Residencial Multifamiliar 2ª Etapa";"importacao_excel";"a_pagar";"0,26"
"862059";"2025-06-16";"Medição - Mai/2025";"Retenção Técnica - Márcio Eletricista";"Luciana - Residencial Multifamiliar 2ª Etapa";"importacao_excel";"a_pagar";"0,51"
"862060";"2025-06-16";"Medição - Mai/2025";"Retenção Técnica - Márcio Eletricista";"Luciana - Residencial Multifamiliar 2ª Etapa";"importacao_excel";"a_pagar";"0,45"
"862062";"2025-06-16";"Medição - Mai/2025";"Retenção Técnica - Márcio Eletricista";"Luciana - Residencial Multifamiliar 2ª Etapa";"importacao_excel";"a_pagar";"0,08"
"862063";"2025-06-16";"Medição - Mai/2025";"Retenção Técnica - Márcio Eletricista";"Luciana - Residencial Multifamiliar 2ª Etapa";"importacao_excel";"a_pagar";"0,18"
"862064";"2025-06-16";"Medição - Mai/2025";"Retenção Técnica - Márcio Eletricista";"Luciana - Residencial Multifamiliar 2ª Etapa";"importacao_excel";"a_pagar";"0,16"
"862065";"2025-06-16";"Medição - Mai/2025";"Retenção Técnica - Márcio Eletricista";"Luciana - Residencial Multifamiliar 2ª Etapa";"importacao_excel";"a_pagar";"2,31"
"862088";"2025-06-16";"Medição - Mai/2025";"Retenção Técnica - Márcio Eletricista";"Luciana - Residencial Multifamiliar 2ª Etapa";"importacao_excel";"a_pagar";"0,04"
"862058";"2025-06-16";"Medição - Mai/2025";"Retenção Técnica - Márcio Eletricista";"Luciana - Residencial Multifamiliar 2ª Etapa";"importacao_excel";"a_pagar";"1,08"
"862068";"2025-06-16";"Medição - Mai/2025";"Retenção Técnica - Márcio Eletricista";"Luciana - Residencial Multifamiliar 2ª Etapa";"importacao_excel";"a_pagar";"0,06"
"862069";"2025-06-16";"Medição - Mai/2025";"Retenção Técnica - Márcio Eletricista";"Luciana - Residencial Multifamiliar 2ª Etapa";"importacao_excel";"a_pagar";"1,60"
"862070";"2025-06-16";"Medição - Mai/2025";"Retenção Técnica - Márcio Eletricista";"Luciana - Residencial Multifamiliar 2ª Etapa";"importacao_excel";"a_pagar";"0,32"
"862071";"2025-06-16";"Medição - Mai/2025";"Retenção Técnica - Márcio Eletricista";"Luciana - Residencial Multifamiliar 2ª Etapa";"importacao_excel";"a_pagar";"0,06"
"862072";"2025-06-16";"Medição - Mai/2025";"Retenção Técnica - Márcio Eletricista";"Luciana - Residencial Multifamiliar 2ª Etapa";"importacao_excel";"a_pagar";"0,33"
"862073";"2025-06-16";"Medição - Mai/2025";"Retenção Técnica - Márcio Eletricista";"Luciana - Residencial Multifamiliar 2ª Etapa";"importacao_excel";"a_pagar";"0,04"
"862074";"2025-06-16";"Medição - Mai/2025";"Retenção Técnica - Márcio Eletricista";"Luciana - Residencial Multifamiliar 2ª Etapa";"importacao_excel";"a_pagar";"0,18"
"862075";"2025-06-16";"Medição - Mai/2025";"Retenção Técnica - Márcio Eletricista";"Luciana - Residencial Multifamiliar 2ª Etapa";"importacao_excel";"a_pagar";"0,06"
"862076";"2025-06-16";"Medição - Mai/2025";"Retenção Técnica - Márcio Eletricista";"Luciana - Residencial Multifamiliar 2ª Etapa";"importacao_excel";"a_pagar";"1,46"
"862077";"2025-06-16";"Medição - Mai/2025";"Retenção Técnica - Márcio Eletricista";"Luciana - Residencial Multifamiliar 2ª Etapa";"importacao_excel";"a_pagar";"0,36"
"862083";"2025-06-16";"Medição - Mai/2025";"Retenção Técnica - Márcio Eletricista";"Luciana - Residencial Multifamiliar 2ª Etapa";"importacao_excel";"a_pagar";"0,05"
"862087";"2025-06-16";"Medição - Mai/2025";"Retenção Técnica - Márcio Eletricista";"Luciana - Residencial Multifamiliar 2ª Etapa";"importacao_excel";"a_pagar";"3,54"
"862091";"2025-06-16";"Medição - Mai/2025";"Retenção Técnica - Márcio Eletricista";"Luciana - Residencial Multifamiliar 2ª Etapa";"importacao_excel";"a_pagar";"0,06"
"862111";"2025-06-16";"Medição - Mai/2025";"Retenção Técnica - Márcio Eletricista";"Luciana - Residencial Multifamiliar 2ª Etapa";"importacao_excel";"a_pagar";"0,19"
"862110";"2025-06-16";"Medição - Mai/2025";"Retenção Técnica - Márcio Eletricista";"Luciana - Residencial Multifamiliar 2ª Etapa";"importacao_excel";"a_pagar";"0,13"
"862109";"2025-06-16";"Medição - Mai/2025";"Retenção Técnica - Márcio Eletricista";"Luciana - Residencial Multifamiliar 2ª Etapa";"importacao_excel";"a_pagar";"0,08"
"862085";"2025-06-16";"Medição - Mai/2025";"Retenção Técnica - Márcio Eletricista";"Luciana - Residencial Multifamiliar 2ª Etapa";"importacao_excel";"a_pagar";"2,06"
"862089";"2025-06-16";"Medição - Mai/2025";"Retenção Técnica - Márcio Eletricista";"Luciana - Residencial Multifamiliar 2ª Etapa";"importacao_excel";"a_pagar";"0,06"
"862079";"2025-06-16";"Medição - Mai/2025";"Retenção Técnica - Márcio Eletricista";"Luciana - Residencial Multifamiliar 2ª Etapa";"importacao_excel";"a_pagar";"0,19"
"862107";"2025-06-16";"Medição - Mai/2025";"Retenção Técnica - Márcio Eletricista";"Luciana - Residencial Multifamiliar 2ª Etapa";"importacao_excel";"a_pagar";"0,21"
"862080";"2025-06-16";"Medição - Mai/2025";"Retenção Técnica - Márcio Eletricista";"Luciana - Residencial Multifamiliar 2ª Etapa";"importacao_excel";"a_pagar";"1,17"
"862081";"2025-06-16";"Medição - Mai/2025";"Retenção Técnica - Márcio Eletricista";"Luciana - Residencial Multifamiliar 2ª Etapa";"importacao_excel";"a_pagar";"1,26"
"862082";"2025-06-16";"Medição - Mai/2025";"Retenção Técnica - Márcio Eletricista";"Luciana - Residencial Multifamiliar 2ª Etapa";"importacao_excel";"a_pagar";"5,00"
"862106";"2025-06-16";"Medição - Mai/2025";"Retenção Técnica - Márcio Eletricista";"Luciana - Residencial Multifamiliar 2ª Etapa";"importacao_excel";"a_pagar";"0,77"
"862105";"2025-06-16";"Medição - Mai/2025";"Retenção Técnica - Márcio Eletricista";"Luciana - Residencial Multifamiliar 2ª Etapa";"importacao_excel";"a_pagar";"0,42"
"862104";"2025-06-16";"Medição - Mai/2025";"Retenção Técnica - Márcio Eletricista";"Luciana - Residencial Multifamiliar 2ª Etapa";"importacao_excel";"a_pagar";"3,50"
"862103";"2025-06-16";"Medição - Mai/2025";"Retenção Técnica - Márcio Eletricista";"Luciana - Residencial Multifamiliar 2ª Etapa";"importacao_excel";"a_pagar";"28,66"
"862102";"2025-06-16";"Medição - Mai/2025";"Retenção Técnica - Márcio Eletricista";"Luciana - Residencial Multifamiliar 2ª Etapa";"importacao_excel";"a_pagar";"2,31"
"862101";"2025-06-16";"Medição - Mai/2025";"Retenção Técnica - Márcio Eletricista";"Luciana - Residencial Multifamiliar 2ª Etapa";"importacao_excel";"a_pagar";"0,77"
"862084";"2025-06-16";"Medição - Mai/2025";"Retenção Técnica - Márcio Eletricista";"Luciana - Residencial Multifamiliar 2ª Etapa";"importacao_excel";"a_pagar";"0,04"
"862086";"2025-06-16";"Medição - Mai/2025";"Retenção Técnica - Márcio Eletricista";"Luciana - Residencial Multifamiliar 2ª Etapa";"importacao_excel";"a_pagar";"0,50"
"862100";"2025-06-16";"Medição - Mai/2025";"Retenção Técnica - Márcio Eletricista";"Luciana - Residencial Multifamiliar 2ª Etapa";"importacao_excel";"a_pagar";"0,03"
"862099";"2025-06-16";"Medição - Mai/2025";"Retenção Técnica - Márcio Eletricista";"Luciana - Residencial Multifamiliar 2ª Etapa";"importacao_excel";"a_pagar";"22,51"
"862098";"2025-06-16";"Medição - Mai/2025";"Retenção Técnica - Márcio Eletricista";"Luciana - Residencial Multifamiliar 2ª Etapa";"importacao_excel";"a_pagar";"0,09"
"862097";"2025-06-16";"Medição - Mai/2025";"Retenção Técnica - Márcio Eletricista";"Luciana - Residencial Multifamiliar 2ª Etapa";"importacao_excel";"a_pagar";"0,27"
"862096";"2025-06-16";"Medição - Mai/2025";"Retenção Técnica - Márcio Eletricista";"Luciana - Residencial Multifamiliar 2ª Etapa";"importacao_excel";"a_pagar";"1,77"
"862095";"2025-06-16";"Medição - Mai/2025";"Retenção Técnica - Márcio Eletricista";"Luciana - Residencial Multifamiliar 2ª Etapa";"importacao_excel";"a_pagar";"0,03"
"862094";"2025-06-16";"Medição - Mai/2025";"Retenção Técnica - Márcio Eletricista";"Luciana - Residencial Multifamiliar 2ª Etapa";"importacao_excel";"a_pagar";"0,90"
"862090";"2025-06-16";"Medição - Mai/2025";"Retenção Técnica - Márcio Eletricista";"Luciana - Residencial Multifamiliar 2ª Etapa";"importacao_excel";"a_pagar";"2,43"
"862078";"2025-06-16";"Medição - Mai/2025";"Retenção Técnica - Márcio Eletricista";"Luciana - Residencial Multifamiliar 2ª Etapa";"importacao_excel";"a_pagar";"0,04"
"862108";"2025-06-16";"Medição - Mai/2025";"Retenção Técnica - Márcio Eletricista";"Luciana - Residencial Multifamiliar 2ª Etapa";"importacao_excel";"a_pagar";"0,21"
"862066";"2025-06-16";"Medição - Mai/2025";"Retenção Técnica - Márcio Eletricista";"Luciana - Residencial Multifamiliar 2ª Etapa";"importacao_excel";"a_pagar";"0,31"
"862112";"2025-06-27";"Contrato: Contrato Pintura - 78 - Medição: 2";"Retenção Técnica - Uberlândia Pinte";"Chlorum Solutions - Uberlândia";"importacao_excel";"a_pagar";"850,41"
"862114";"2025-07-03";"Contrato: 62 - Medição: 3";"Retenção Técnica - LJ Engenharia";"Hotel Qiu 2 - Fase 3";"importacao_excel";"a_pagar";"793,50"
"862113";"2025-07-03";"Medição - Jun/2025";"Retenção Técnica - Jair";"Car Sanitários";"importacao_excel";"a_pagar";"500,00"
"862115";"2025-07-10";"Contrato: Contrato Sanca de Gesso - 98 - Medição: 1";"Retenção Técnica - Gesso Moreira";"Car Sanitários";"importacao_excel";"a_pagar";"445,65"
"862118";"2025-07-10";"Contrato: Contrato acabamentos  - 102 - Medição: 1";"Jerryaliton Augusto Bezerra";"Car Sanitários";"importacao_excel";"a_pagar";"521,00"
"862116";"2025-07-10";"Medição - Jun/2025";"Retenção Técnica - Márcio Eletricista";"Car Sanitários";"importacao_excel";"a_pagar";"400,00"
"862117";"2025-07-10";"Medição - Jun/2025";"Retenção Técnica - Agostinho";"Car Sanitários";"importacao_excel";"a_pagar";"658,96"
"862119";"2025-07-15";"Contrato: Perfuração de água e esgoto - 109 - Medição: 1";"Retenção Técnica - Isaias - ISF Perfurações";"Hotel Qiu 2 - Fase 3";"importacao_excel";"a_pagar";"150,00"
"862122";"2025-07-16";"Contrato: Pintura Externa - 1 - Medição: 3";"Retenção Técnica - Jaziel - Santana e Azevedo";"Hotel Qiu 2 - Fase 3";"importacao_excel";"a_pagar";"3389,50"
"862120";"2025-07-16";"Contrato: Alvenaria reboco e peitoril - 60 - Medição: 3";"Retenção Técnica - RM Ramos";"Hotel Qiu 2 - Fase 3";"importacao_excel";"a_pagar";"3690,83"
"862121";"2025-07-16";"Contrato: Pintura Externa - 1 - Medição: 2";"Retenção Técnica - Jaziel - Santana e Azevedo";"Hotel Qiu 2 - Fase 3";"importacao_excel";"a_pagar";"3389,50"
"862123";"2025-07-21";"Adesivo Compund";"Ferragens Santa Rita";"Santuário - UTC";"importacao_excel";"a_pagar";"162,45"
"862124";"2025-07-21";"parafusos";"Ferragens Santa Rita";"Santuário - Praça Asa Sul";"importacao_excel";"a_pagar";"26,30"
"862157";"2025-07-22";"";"Coimbra";"CASA DO PEQUENO";"importacao_excel";"a_pagar";"54,90"
"862136";"2025-07-22";"";"Coimbra";"CASA DO PEQUENO";"importacao_excel";"a_pagar";"91,30"
"862135";"2025-07-22";"";"Coimbra";"Car Sanitários";"importacao_excel";"a_pagar";"431,58"
"862134";"2025-07-22";"";"Coimbra";"PALES ";"importacao_excel";"a_pagar";"287,00"
"862145";"2025-07-22";"rejunte preto";"Coimbra";"Car Sanitários";"importacao_excel";"a_pagar";"31,21"
"862146";"2025-07-22";"";"Coimbra";"CASA DO PEQUENO";"importacao_excel";"a_pagar";"115,50"
"862147";"2025-07-22";"";"Coimbra";"Car Sanitários";"importacao_excel";"a_pagar";"475,02"
"862148";"2025-07-22";"";"Coimbra";"CASA DO PEQUENO";"importacao_excel";"a_pagar";"176,38"
"862149";"2025-07-22";"";"Coimbra";"Car Sanitários";"importacao_excel";"a_pagar";"63,90"
"862150";"2025-07-22";"";"Coimbra";"Car Sanitários";"importacao_excel";"a_pagar";"431,58"
"862169";"2025-07-22";"malha pop";"Coimbra";"PALES ";"importacao_excel";"a_pagar";"76,22"
"862170";"2025-07-22";"";"Coimbra";"PALES ";"importacao_excel";"a_pagar";"287,00"
"862171";"2025-07-22";"";"Coimbra";"CASA DO PEQUENO";"importacao_excel";"a_pagar";"54,90"
"862172";"2025-07-22";"";"Coimbra";"Car Sanitários";"importacao_excel";"a_pagar";"475,02"
"862173";"2025-07-22";"";"Coimbra";"Car Sanitários";"importacao_excel";"a_pagar";"8,12"
"862174";"2025-07-22";"";"Coimbra";"PALES ";"importacao_excel";"a_pagar";"74,98"
"862175";"2025-07-22";"";"Coimbra";"CASA DO PEQUENO";"importacao_excel";"a_pagar";"54,90"
"862176";"2025-07-22";"";"Coimbra";"CASA DO PEQUENO";"importacao_excel";"a_pagar";"115,50"
"862177";"2025-07-22";"";"Coimbra";"CASA DO PEQUENO";"importacao_excel";"a_pagar";"1595,75"
"862178";"2025-07-22";"";"Coimbra";"CASA DO PEQUENO";"importacao_excel";"a_pagar";"54,90"
"862179";"2025-07-22";"";"Coimbra";"PALES ";"importacao_excel";"a_pagar";"287,00"
"862180";"2025-07-22";"";"Coimbra";"CASA DO PEQUENO";"importacao_excel";"a_pagar";"145,26"
"862181";"2025-07-22";"broca";"Coimbra";"PALES ";"importacao_excel";"a_pagar";"8,93"
"862182";"2025-07-22";"malha pop";"Coimbra";"PALES ";"importacao_excel";"a_pagar";"76,22"
"862183";"2025-07-22";"rejunte preto";"Coimbra";"Car Sanitários";"importacao_excel";"a_pagar";"31,21"
"862184";"2025-07-22";"";"Coimbra";"CASA DO PEQUENO";"importacao_excel";"a_pagar";"54,90"
"862185";"2025-07-22";"";"Coimbra";"CASA DO PEQUENO";"importacao_excel";"a_pagar";"370,20"
"862186";"2025-07-22";"";"Coimbra";"CASA DO PEQUENO";"importacao_excel";"a_pagar";"757,75"
"862187";"2025-07-22";"";"Coimbra";"Car Sanitários";"importacao_excel";"a_pagar";"8,12"
"862188";"2025-07-22";"broca";"Coimbra";"PALES ";"importacao_excel";"a_pagar";"8,93"
"862125";"2025-07-22";"";"Coimbra";"CASA DO PEQUENO";"importacao_excel";"a_pagar";"54,90"
"862126";"2025-07-22";"";"Coimbra";"CASA DO PEQUENO";"importacao_excel";"a_pagar";"115,50"
"862189";"2025-07-22";"";"Coimbra";"CASA DO PEQUENO";"importacao_excel";"a_pagar";"54,90"
"862190";"2025-07-22";"";"Coimbra";"PALES ";"importacao_excel";"a_pagar";"287,00"
"862191";"2025-07-22";"broca";"Coimbra";"PALES ";"importacao_excel";"a_pagar";"8,93"
"862192";"2025-07-22";"";"Coimbra";"CASA DO PEQUENO";"importacao_excel";"a_pagar";"54,90"
"862193";"2025-07-22";"white plain revestimento";"Coimbra";"Car Sanitários";"importacao_excel";"a_pagar";"112,20"
"862194";"2025-07-22";"";"Coimbra";"CASA DO PEQUENO";"importacao_excel";"a_pagar";"145,26"
"862195";"2025-07-22";"";"Coimbra";"CASA DO PEQUENO";"importacao_excel";"a_pagar";"757,75"
"862196";"2025-07-22";"";"Ferragens Santa Rita";"PALES ";"importacao_excel";"a_pagar";"117,80"
"862197";"2025-07-22";"rejunte preto";"Coimbra";"Car Sanitários";"importacao_excel";"a_pagar";"31,21"
"862198";"2025-07-22";"";"Coimbra";"Car Sanitários";"importacao_excel";"a_pagar";"475,02"
"862199";"2025-07-22";"";"Ferragens Santa Rita";"CASA DO PEQUENO";"importacao_excel";"a_pagar";"214,40"
"862200";"2025-07-22";"";"Ferragens Santa Rita";"CASA DO PEQUENO";"importacao_excel";"a_pagar";"185,00"
"862201";"2025-07-22";"";"Coimbra";"CASA DO PEQUENO";"importacao_excel";"a_pagar";"1595,75"
"862202";"2025-07-22";"bgs";"Ferragens Santa Rita";"Santuário - Praça Asa Sul";"importacao_excel";"a_pagar";"575,00"
"862203";"2025-07-22";"madeira tapume";"Ferragens Santa Rita";"Santuário - Praça Asa Sul";"importacao_excel";"a_pagar";"243,99"
"862204";"2025-07-22";"";"Coimbra";"Car Sanitários";"importacao_excel";"a_pagar";"431,58"
"862205";"2025-07-22";"";"Coimbra";"CASA DO PEQUENO";"importacao_excel";"a_pagar";"115,50"
"862206";"2025-07-22";"";"Coimbra";"PALES ";"importacao_excel";"a_pagar";"74,98"
"862207";"2025-07-22";"";"Coimbra";"CASA DO PEQUENO";"importacao_excel";"a_pagar";"176,38"
"862208";"2025-07-22";"";"Coimbra";"Car Sanitários";"importacao_excel";"a_pagar";"63,90"
"862209";"2025-07-22";"";"Coimbra";"Car Sanitários";"importacao_excel";"a_pagar";"431,58"
"862210";"2025-07-22";"";"Coimbra";"Car Sanitários";"importacao_excel";"a_pagar";"8,12"
"862211";"2025-07-22";"";"Coimbra";"Car Sanitários";"importacao_excel";"a_pagar";"63,90"
"862212";"2025-07-22";"";"Coimbra";"Car Sanitários";"importacao_excel";"a_pagar";"475,02"
"862213";"2025-07-22";"";"Coimbra";"CASA DO PEQUENO";"importacao_excel";"a_pagar";"176,38"
"862214";"2025-07-22";"";"Coimbra";"CASA DO PEQUENO";"importacao_excel";"a_pagar";"91,30"
"862215";"2025-07-22";"";"Coimbra";"CASA DO PEQUENO";"importacao_excel";"a_pagar";"1595,75"
"862216";"2025-07-22";"malha pop";"Coimbra";"PALES ";"importacao_excel";"a_pagar";"76,22"
"862217";"2025-07-22";"white plain revestimento";"Coimbra";"Car Sanitários";"importacao_excel";"a_pagar";"112,20"
"862218";"2025-07-22";"Base Monocomando";"Coimbra";"Hotel Qiu 2 - Fase 3";"importacao_excel";"a_pagar";"462,00"
"862219";"2025-07-22";"";"Coimbra";"Car Sanitários";"importacao_excel";"a_pagar";"63,90"
"862220";"2025-07-22";"";"Coimbra";"CASA DO PEQUENO";"importacao_excel";"a_pagar";"91,30"
"862221";"2025-07-22";"";"Coimbra";"CASA DO PEQUENO";"importacao_excel";"a_pagar";"176,38"
"862228";"2025-07-22";"white plain revestimento";"Coimbra";"Car Sanitários";"importacao_excel";"a_pagar";"112,20"
"862229";"2025-07-22";"";"Coimbra";"CASA DO PEQUENO";"importacao_excel";"a_pagar";"145,26"
"862230";"2025-07-22";"";"Coimbra";"CASA DO PEQUENO";"importacao_excel";"a_pagar";"370,20"
"862231";"2025-07-22";"";"Ferragens Santa Rita";"Santuário - Praça Asa Sul";"importacao_excel";"a_pagar";"16,94"
"862232";"2025-07-22";"";"Ferragens Santa Rita";"Santuário - Praça Asa Sul";"importacao_excel";"a_pagar";"322,93"
"862233";"2025-07-22";"";"Coimbra";"Car Sanitários";"importacao_excel";"a_pagar";"431,58"
"862234";"2025-07-22";"";"Coimbra";"CASA DO PEQUENO";"importacao_excel";"a_pagar";"54,90"
"862133";"2025-07-22";"white plain revestimento";"Coimbra";"Car Sanitários";"importacao_excel";"a_pagar";"112,20"
"862132";"2025-07-22";"white plain revestimento";"Coimbra";"Car Sanitários";"importacao_excel";"a_pagar";"112,20"
"862159";"2025-07-22";"";"Coimbra";"CASA DO PEQUENO";"importacao_excel";"a_pagar";"115,50"
"862158";"2025-07-22";"";"Coimbra";"CASA DO PEQUENO";"importacao_excel";"a_pagar";"370,20"
"862131";"2025-07-22";"Base Monocomando";"Coimbra";"Hotel Qiu 2 - Fase 3";"importacao_excel";"a_pagar";"462,00"
"862137";"2025-07-22";"";"Coimbra";"CASA DO PEQUENO";"importacao_excel";"a_pagar";"1595,75"
"862222";"2025-07-22";"";"Coimbra";"PALES ";"importacao_excel";"a_pagar";"74,98"
"862223";"2025-07-22";"";"Coimbra";"Car Sanitários";"importacao_excel";"a_pagar";"475,02"
"862224";"2025-07-22";"";"Coimbra";"Car Sanitários";"importacao_excel";"a_pagar";"8,12"
"862225";"2025-07-22";"";"Coimbra";"CASA DO PEQUENO";"importacao_excel";"a_pagar";"370,20"
"862226";"2025-07-22";"Base Monocomando";"Coimbra";"Hotel Qiu 2 - Fase 3";"importacao_excel";"a_pagar";"462,00"
"862227";"2025-07-22";"";"Coimbra";"CASA DO PEQUENO";"importacao_excel";"a_pagar";"757,75"
"862156";"2025-07-22";"";"Coimbra";"CASA DO PEQUENO";"importacao_excel";"a_pagar";"757,75"
"862155";"2025-07-22";"";"Coimbra";"PALES ";"importacao_excel";"a_pagar";"74,98"
"862154";"2025-07-22";"malha pop";"Coimbra";"PALES ";"importacao_excel";"a_pagar";"76,22"
"862153";"2025-07-22";"";"Coimbra";"CASA DO PEQUENO";"importacao_excel";"a_pagar";"91,30"
"862152";"2025-07-22";"";"Coimbra";"CASA DO PEQUENO";"importacao_excel";"a_pagar";"145,26"
"862151";"2025-07-22";"broca";"Coimbra";"PALES ";"importacao_excel";"a_pagar";"8,93"
"862130";"2025-07-22";"rejunte preto";"Coimbra";"Car Sanitários";"importacao_excel";"a_pagar";"31,21"
"862129";"2025-07-22";"";"Coimbra";"PALES ";"importacao_excel";"a_pagar";"287,00"
"862128";"2025-07-22";"broca";"Coimbra";"PALES ";"importacao_excel";"a_pagar";"8,93"
"862127";"2025-07-22";"Base Monocomando";"Coimbra";"Hotel Qiu 2 - Fase 3";"importacao_excel";"a_pagar";"462,00"
"862162";"2025-07-22";"";"Coimbra";"CASA DO PEQUENO";"importacao_excel";"a_pagar";"145,26"
"862163";"2025-07-22";"";"Coimbra";"Car Sanitários";"importacao_excel";"a_pagar";"63,90"
"862164";"2025-07-22";"";"Coimbra";"CASA DO PEQUENO";"importacao_excel";"a_pagar";"91,30"
"862165";"2025-07-22";"rejunte preto";"Coimbra";"Car Sanitários";"importacao_excel";"a_pagar";"31,21"
"862166";"2025-07-22";"";"Coimbra";"CASA DO PEQUENO";"importacao_excel";"a_pagar";"176,38"
"862167";"2025-07-22";"";"Coimbra";"CASA DO PEQUENO";"importacao_excel";"a_pagar";"54,90"
"862168";"2025-07-22";"malha pop";"Coimbra";"PALES ";"importacao_excel";"a_pagar";"76,22"
"862141";"2025-07-22";"PU cinza e Blocos de espuma";"Ferragens Santa Rita";"POS OBRA";"importacao_excel";"a_pagar";"73,00"
"862142";"2025-07-22";"";"Coimbra";"CASA DO PEQUENO";"importacao_excel";"a_pagar";"1595,75"
"862143";"2025-07-22";"";"Coimbra";"CASA DO PEQUENO";"importacao_excel";"a_pagar";"757,75"
"862144";"2025-07-22";"";"Coimbra";"PALES ";"importacao_excel";"a_pagar";"74,98"
"862161";"2025-07-22";"Base Monocomando";"Coimbra";"Hotel Qiu 2 - Fase 3";"importacao_excel";"a_pagar";"462,00"
"862160";"2025-07-22";"";"Coimbra";"CASA DO PEQUENO";"importacao_excel";"a_pagar";"370,20"
"862140";"2025-07-22";"";"Ferragens Santa Rita";"Santuário - Praça Asa Sul";"importacao_excel";"a_pagar";"16,94"
"862139";"2025-07-22";"";"Coimbra";"Car Sanitários";"importacao_excel";"a_pagar";"8,12"
"862138";"2025-07-22";"";"Ferragens Santa Rita";"Santuário - Praça Asa Sul";"importacao_excel";"a_pagar";"322,93"
"862243";"2025-07-23";"";"Coimbra";"Santuário - Praça Asa Sul";"importacao_excel";"a_pagar";"258,64"
"862242";"2025-07-23";"Medição - Jul/2025";"Retenção Técnica - LJ Engenharia";"Hotel Qiu 2 - Fase 3";"importacao_excel";"a_pagar";"331,08"
"862249";"2025-07-23";"Medição - Jul/2025";"Retenção Técnica - Agostinho";"LUCIANA - FINAL BLOCO B";"importacao_excel";"a_pagar";"7,30"
"862257";"2025-07-23";"Medição - Jul/2025";"Retenção Técnica - Agostinho";"LUCIANA - FINAL BLOCO B";"importacao_excel";"a_pagar";"7,97"
"862267";"2025-07-23";"Medição - Jul/2025";"Retenção Técnica - Agostinho";"LUCIANA - FINAL BLOCO B";"importacao_excel";"a_pagar";"3,01"
"862238";"2025-07-23";"Medição - Jul/2025";"Jerryaliton Augusto Bezerra";"LUCIANA - FINAL BLOCO B";"importacao_excel";"a_pagar";"55,98"
"862248";"2025-07-23";"Aluguel de andaimes e equipamentos eletricos";"J Alves";"POS OBRA";"importacao_excel";"a_pagar";"261,86"
"862236";"2025-07-23";"Medição - Jul/2025";"Jerryaliton Augusto Bezerra";"LUCIANA - FINAL BLOCO B";"importacao_excel";"a_pagar";"21,12"
"862237";"2025-07-23";"Medição - Jul/2025";"Retenção Técnica - LJ Engenharia";"Hotel Qiu 2 - Fase 3";"importacao_excel";"a_pagar";"687,27"
"862244";"2025-07-23";"Medição - Jul/2025";"Retenção Técnica - Agostinho";"LUCIANA - FINAL BLOCO B";"importacao_excel";"a_pagar";"1,44"
"862247";"2025-07-23";"Medição - Jul/2025";"Jerryaliton Augusto Bezerra";"LUCIANA - FINAL BLOCO B";"importacao_excel";"a_pagar";"10,52"
"862253";"2025-07-23";"Medição - Jul/2025";"Jerryaliton Augusto Bezerra";"LUCIANA - FINAL BLOCO B";"importacao_excel";"a_pagar";"1,91"
"862254";"2025-07-23";"Medição - Jul/2025";"Jerryaliton Augusto Bezerra";"LUCIANA - FINAL BLOCO B";"importacao_excel";"a_pagar";"9,63"
"862235";"2025-07-23";"";"Coimbra";"Santuário - Praça Asa Sul";"importacao_excel";"a_pagar";"258,64"
"862268";"2025-07-23";"Medição - Jul/2025";"Jerryaliton Augusto Bezerra";"LUCIANA - FINAL BLOCO B";"importacao_excel";"a_pagar";"3,97"
"862260";"2025-07-23";"";"Ferragens Santa Rita";"CASA DO PEQUENO";"importacao_excel";"a_pagar";"25,33"
"862259";"2025-07-23";"";"Ferragens Santa Rita";"CASA DO PEQUENO";"importacao_excel";"a_pagar";"25,33"
"862258";"2025-07-23";"";"Coimbra";"Santuário - Praça Asa Sul";"importacao_excel";"a_pagar";"258,64"
"862239";"2025-07-23";"";"Ferragens Santa Rita";"Santuário - Praça Asa Sul";"importacao_excel";"a_pagar";"15,83"
"862264";"2025-07-23";"";"Ferragens Santa Rita";"Santuário - Praça Asa Sul";"importacao_excel";"a_pagar";"159,60"
"862261";"2025-07-23";"";"Ferragens Santa Rita";"PALES ";"importacao_excel";"a_pagar";"1137,95"
"862269";"2025-07-23";"lOCAÇÃO DE";"J Alves";"POS OBRA";"importacao_excel";"a_pagar";"5,43"
"862266";"2025-07-23";"lOCAÇÃO DE";"J Alves";"POS OBRA";"importacao_excel";"a_pagar";"5,43"
"862265";"2025-07-23";"Aluguel de andaimes e equipamentos eletricos";"J Alves";"POS OBRA";"importacao_excel";"a_pagar";"261,86"
"862263";"2025-07-23";"lOCAÇÃO DE";"J Alves";"POS OBRA";"importacao_excel";"a_pagar";"5,43"
"862262";"2025-07-23";"Aluguel de andaimes e equipamentos eletricos";"J Alves";"POS OBRA";"importacao_excel";"a_pagar";"261,86"
"862256";"2025-07-23";"";"Ferragens Santa Rita";"Santuário - Praça Asa Sul";"importacao_excel";"a_pagar";"15,83"
"862255";"2025-07-23";"";"Ferragens Santa Rita";"PALES ";"importacao_excel";"a_pagar";"477,28"
"862252";"2025-07-23";"";"Coimbra";"Santuário - Praça Asa Sul";"importacao_excel";"a_pagar";"258,64"
"862251";"2025-07-23";"";"Ferragens Santa Rita";"PALES ";"importacao_excel";"a_pagar";"477,28"
"862250";"2025-07-23";"";"Ferragens Santa Rita";"PALES ";"importacao_excel";"a_pagar";"1137,95"
"862246";"2025-07-23";"";"Ferragens Santa Rita";"PALES ";"importacao_excel";"a_pagar";"166,20"
"862245";"2025-07-23";"";"Coimbra";"Santuário - Praça Asa Sul";"importacao_excel";"a_pagar";"258,64"
"862240";"2025-07-23";"Medição - Jul/2025";"Retenção Técnica - Agostinho";"LUCIANA - FINAL BLOCO B";"importacao_excel";"a_pagar";"16,00"
"862241";"2025-07-23";"Medição - Jul/2025";"Retenção Técnica - Agostinho";"LUCIANA - FINAL BLOCO B";"importacao_excel";"a_pagar";"42,41"
"862270";"2025-07-24";"Locação de equipamentos";"J Alves Locação de Andaimes e Equipamentos Ltda";"LUCIANA - FINAL BLOCO B";"importacao_excel";"a_pagar";"87,14"
"862278";"2025-07-24";"Contrato: Forro e Gesso liso - 59 - Medição: 3";"Retenção Técnica - Gesso Moreira";"Hotel Qiu 2 - Fase 3";"importacao_excel";"a_pagar";"2498,95"
"862272";"2025-07-24";"Locação Guincho Velox";"J Alves Locação de Andaimes e Equipamentos Ltda";"LUCIANA - FINAL BLOCO B";"importacao_excel";"a_pagar";"50,00"
"862271";"2025-07-24";"Graute";"Coimbra";"Hotel Qiu 2 - Fase 3";"importacao_excel";"a_pagar";"212,00"
"862280";"2025-07-24";"Locação Guincho Velox";"J Alves Locação de Andaimes e Equipamentos Ltda";"LUCIANA - FINAL BLOCO B";"importacao_excel";"a_pagar";"50,00"
"862281";"2025-07-24";"Locação de equipamentos";"J Alves Locação de Andaimes e Equipamentos Ltda";"LUCIANA - FINAL BLOCO B";"importacao_excel";"a_pagar";"87,14"
"862282";"2025-07-24";"Locação de equipamentos";"J Alves Locação de Andaimes e Equipamentos Ltda";"LUCIANA - FINAL BLOCO B";"importacao_excel";"a_pagar";"87,14"
"862279";"2025-07-24";"Impermeabilização Viaplus 2000 e tela";"Coimbra";"Hotel Qiu 2 - Fase 3";"importacao_excel";"a_pagar";"458,35"
"862287";"2025-07-24";"Locação Guincho Velox";"J Alves Locação de Andaimes e Equipamentos Ltda";"LUCIANA - FINAL BLOCO B";"importacao_excel";"a_pagar";"50,00"
"862288";"2025-07-24";"";"Ferragens Santa Rita";"CASA DO PEQUENO";"importacao_excel";"a_pagar";"178,67"
"862286";"2025-07-24";"Graute";"Coimbra";"Hotel Qiu 2 - Fase 3";"importacao_excel";"a_pagar";"212,00"
"862285";"2025-07-24";"Impermeabilização Viaplus 2000 e tela";"Coimbra";"Hotel Qiu 2 - Fase 3";"importacao_excel";"a_pagar";"458,35"
"862284";"2025-07-24";"Graute";"Coimbra";"Hotel Qiu 2 - Fase 3";"importacao_excel";"a_pagar";"212,00"
"862283";"2025-07-24";"Graute";"Coimbra";"Hotel Qiu 2 - Fase 3";"importacao_excel";"a_pagar";"212,00"
"862277";"2025-07-24";"Impermeabilização Viaplus 2000 e tela";"Coimbra";"Hotel Qiu 2 - Fase 3";"importacao_excel";"a_pagar";"458,35"
"862276";"2025-07-24";"";"Ferragens Santa Rita";"CASA DO PEQUENO";"importacao_excel";"a_pagar";"178,67"
"862275";"2025-07-24";"Impermeabilização Viaplus 2000 e tela";"Coimbra";"Hotel Qiu 2 - Fase 3";"importacao_excel";"a_pagar";"458,35"
"862274";"2025-07-24";"Impermeabilização Viaplus 2000 e tela";"Coimbra";"Hotel Qiu 2 - Fase 3";"importacao_excel";"a_pagar";"458,35"
"862273";"2025-07-24";"Graute";"Coimbra";"Hotel Qiu 2 - Fase 3";"importacao_excel";"a_pagar";"212,00"
"862308";"2025-07-25";"Locação de andaimes , serra mármore";"J Alves Locação de Andaimes e Equipamentos Ltda";"LUCIANA - FINAL BLOCO B";"importacao_excel";"a_pagar";"144,29"
"862335";"2025-07-25";"Compactador de solo";"J Alves Locação de Andaimes e Equipamentos Ltda";"LUCIANA - FINAL BLOCO B";"importacao_excel";"a_pagar";"171,43"
"862336";"2025-07-25";"Locação de andaimes , serra mármore";"J Alves Locação de Andaimes e Equipamentos Ltda";"LUCIANA - FINAL BLOCO B";"importacao_excel";"a_pagar";"144,29"
"862293";"2025-07-25";"LOCAÇÃO DE ANDAIMES";"J Alves Locação de Andaimes e Equipamentos Ltda";"Hotel Qiu 2 - Fase 3";"importacao_excel";"a_pagar";"85,86"
"862323";"2025-07-25";"Medição - Fev/2025";"ISS - HF MARCANTI";"Chlorum Solutions - Uberlândia";"importacao_excel";"a_pagar";"1414,01"
"862322";"2025-07-25";"Medição - Jul/2025";"Retenção Técnica - Márcio Eletricista";"Car Sanitários";"importacao_excel";"a_pagar";"400,00"
"862320";"2025-07-25";"Medição - Jul/2025";"Retenção Técnica - Jair";"Car Sanitários";"importacao_excel";"a_pagar";"345,45"
"862333";"2025-07-25";"Medição - Jul/2025";"Retenção Técnica - Márcio Eletricista";"LUCIANA - FINAL BLOCO B";"importacao_excel";"a_pagar";"50,00"
"862329";"2025-07-25";"Medição - Jan/2025";"ISS - HF MARCANTI";"Chlorum Solutions - Uberlândia";"importacao_excel";"a_pagar";"1769,17"
"862321";"2025-07-25";"Medição - Jul/2025";"Retenção Técnica - Jair";"Car Sanitários";"importacao_excel";"a_pagar";"153,89"
"862311";"2025-07-25";"Medição - Jul/2025";"Retenção Técnica - Agostinho";"Car Sanitários";"importacao_excel";"a_pagar";"166,01"
"862314";"2025-07-25";"Medição - Jul/2025";"Jerryaliton Augusto Bezerra";"Car Sanitários";"importacao_excel";"a_pagar";"7,82"
"862319";"2025-07-25";"Medição - Jul/2025";"Retenção Técnica - Jair";"Car Sanitários";"importacao_excel";"a_pagar";"500,66"
"862317";"2025-07-25";"Medição - Mar/2025";"ISS - HF MARCANTI";"Chlorum Solutions - Uberlândia";"importacao_excel";"a_pagar";"4516,97"
"862316";"2025-07-25";"Medição - Jul/2025";"Retenção Técnica - Agostinho";"Car Sanitários";"importacao_excel";"a_pagar";"73,44"
"862315";"2025-07-25";"Medição - Jul/2025";"Retenção Técnica - Agostinho";"Car Sanitários";"importacao_excel";"a_pagar";"202,15"
"862330";"2025-07-25";"Locação de andaimes , serra mármore";"J Alves Locação de Andaimes e Equipamentos Ltda";"LUCIANA - FINAL BLOCO B";"importacao_excel";"a_pagar";"144,29"
"862304";"2025-07-25";"Medição - Dez/2024";"ISS - HF MARCANTI";"Chlorum Solutions - Uberlândia";"importacao_excel";"a_pagar";"98,25"
"862302";"2025-07-25";"Medição - Jul/2025";"Retenção Técnica - Carlos Portas";"CASA DO PEQUENO";"importacao_excel";"a_pagar";"80,00"
"862301";"2025-07-25";"Medição - Dez/2024";"ISS - HF MARCANTI";"Chlorum Solutions - Uberlândia";"importacao_excel";"a_pagar";"1617,87"
"862295";"2025-07-25";"Medição - Jul/2025";"Jerryaliton Augusto Bezerra";"Car Sanitários";"importacao_excel";"a_pagar";"7,23"
"862296";"2025-07-25";"Medição - Jul/2025";"Jerryaliton Augusto Bezerra";"Car Sanitários";"importacao_excel";"a_pagar";"7,23"
"862306";"2025-07-25";"Medição - Jul/2025";"Jerryaliton Augusto Bezerra";"Car Sanitários";"importacao_excel";"a_pagar";"25,66"
"862299";"2025-07-25";"Medição - Jul/2025";"Jerryaliton Augusto Bezerra";"Car Sanitários";"importacao_excel";"a_pagar";"15,54"
"862303";"2025-07-25";"Medição - Jul/2025";"Jerryaliton Augusto Bezerra";"Car Sanitários";"importacao_excel";"a_pagar";"13,70"
"862289";"2025-07-25";"Ferragens";"Ferragens Santa Rita";"Hotel Qiu 2 - Fase 3";"importacao_excel";"a_pagar";"147,35"
"862290";"2025-07-25";"";"Ferragens Santa Rita";"PALES ";"importacao_excel";"a_pagar";"46,50"
"862291";"2025-07-25";"Graute";"Coimbra";"Hotel Qiu 2 - Fase 3";"importacao_excel";"a_pagar";"1060,00"
"862332";"2025-07-25";"Graute";"Coimbra";"Hotel Qiu 2 - Fase 3";"importacao_excel";"a_pagar";"1060,00"
"862334";"2025-07-25";"lOCAÇÃO DE EQUIPAMENTOS";"J Alves Locação de Andaimes e Equipamentos Ltda";"Hotel Qiu 2 - Fase 3";"importacao_excel";"a_pagar";"790,00"
"862331";"2025-07-25";"Compactador de solo";"J Alves Locação de Andaimes e Equipamentos Ltda";"LUCIANA - FINAL BLOCO B";"importacao_excel";"a_pagar";"171,43"
"862328";"2025-07-25";"LOCAÇÃO DE ANDAIMES";"J Alves Locação de Andaimes e Equipamentos Ltda";"Hotel Qiu 2 - Fase 3";"importacao_excel";"a_pagar";"85,86"
"862309";"2025-07-25";"Medição - Jul/2025";"Jerryaliton Augusto Bezerra";"Car Sanitários";"importacao_excel";"a_pagar";"22,82"
"862300";"2025-07-25";"Medição - Jul/2025";"Retenção Técnica - Carlos Portas";"CASA DO PEQUENO";"importacao_excel";"a_pagar";"82,00"
"862327";"2025-07-25";"lOCAÇÃO DE EQUIPAMENTOS";"J Alves Locação de Andaimes e Equipamentos Ltda";"Hotel Qiu 2 - Fase 3";"importacao_excel";"a_pagar";"790,00"
"862318";"2025-07-25";"Graute";"Coimbra";"Hotel Qiu 2 - Fase 3";"importacao_excel";"a_pagar";"1060,00"
"862310";"2025-07-25";"";"Ferragens Santa Rita";"PALES ";"importacao_excel";"a_pagar";"89,33"
"862313";"2025-07-25";"lOCAÇÃO DE EQUIPAMENTOS";"J Alves Locação de Andaimes e Equipamentos Ltda";"Hotel Qiu 2 - Fase 3";"importacao_excel";"a_pagar";"790,00"
"862312";"2025-07-25";"LOCAÇÃO DE ANDAIMES";"J Alves Locação de Andaimes e Equipamentos Ltda";"Hotel Qiu 2 - Fase 3";"importacao_excel";"a_pagar";"85,86"
"862305";"2025-07-25";"Ferragens";"Ferragens Santa Rita";"Hotel Qiu 2 - Fase 3";"importacao_excel";"a_pagar";"147,35"
"862298";"2025-07-25";"";"Ferragens Santa Rita";"PALES ";"importacao_excel";"a_pagar";"46,50"
"862297";"2025-07-25";"";"Ferragens Santa Rita";"PALES ";"importacao_excel";"a_pagar";"89,33"
"862294";"2025-07-25";"Graute";"Coimbra";"Hotel Qiu 2 - Fase 3";"importacao_excel";"a_pagar";"1060,00"
"862292";"2025-07-25";"Graute";"Coimbra";"Hotel Qiu 2 - Fase 3";"importacao_excel";"a_pagar";"1060,00"
"862307";"2025-07-25";"Compactador de solo";"J Alves Locação de Andaimes e Equipamentos Ltda";"LUCIANA - FINAL BLOCO B";"importacao_excel";"a_pagar";"171,43"
"862324";"2025-07-25";"Medição - Fev/2025";"ISS - HF MARCANTI";"Chlorum Solutions - Uberlândia";"importacao_excel";"a_pagar";"85,95"
"862325";"2025-07-25";"Medição - Jan/2025";"ISS - HF MARCANTI";"Chlorum Solutions - Uberlândia";"importacao_excel";"a_pagar";"107,68"
"862326";"2025-07-25";"Medição - Mar/2025";"ISS - HF MARCANTI";"Chlorum Solutions - Uberlândia";"importacao_excel";"a_pagar";"274,14"
"862337";"2025-07-30";"2 rolos Lona plastica";"Ferragens Santa Rita";"Santuário - UTC";"importacao_excel";"a_pagar";"212,30"
"862340";"2025-07-30";"2 rolos Lona plastica";"Ferragens Santa Rita";"Santuário - UTC";"importacao_excel";"a_pagar";"212,30"
"862339";"2025-07-30";"Contrato: Márcio Elétrica - 40 - Medição: 4";"Retenção Técnica - Márcio Eletricista";"Luciana - Residencial Multifamiliar - Etapa Final";"importacao_excel";"a_pagar";"50,00"
"862338";"2025-07-30";"Medição - Jul/2025";"Retenção Técnica - Gesso Moreira";"Car Sanitários";"importacao_excel";"a_pagar";"124,35"
"862343";"2025-07-31";"";"Eletroguara Materiais Eletricos LTDA";"Car Sanitários";"importacao_excel";"a_pagar";"43,87"
"862344";"2025-07-31";"";"Eletroguara Materiais Eletricos LTDA";"Car Sanitários";"importacao_excel";"a_pagar";"136,00"
"862345";"2025-07-31";"";"Eletroguara Materiais Eletricos LTDA";"Car Sanitários";"importacao_excel";"a_pagar";"21,50"
"862346";"2025-07-31";"";"Eletroguara Materiais Eletricos LTDA";"Car Sanitários";"importacao_excel";"a_pagar";"40,20"
"862347";"2025-07-31";"";"Eletroguara Materiais Eletricos LTDA";"Car Sanitários";"importacao_excel";"a_pagar";"512,00"
"862348";"2025-07-31";"";"Eletroguara Materiais Eletricos LTDA";"Car Sanitários";"importacao_excel";"a_pagar";"7,25"
"862349";"2025-07-31";"";"Eletroguara Materiais Eletricos LTDA";"Car Sanitários";"importacao_excel";"a_pagar";"85,65"
"862350";"2025-07-31";"";"Eletroguara Materiais Eletricos LTDA";"Car Sanitários";"importacao_excel";"a_pagar";"24,93"
"862356";"2025-07-31";"";"Eletroguara Materiais Eletricos LTDA";"Car Sanitários";"importacao_excel";"a_pagar";"252,40"
"862351";"2025-07-31";"Conduites";"Eletroguara Materiais Eletricos LTDA";"LUCIANA - FINAL BLOCO B";"importacao_excel";"a_pagar";"356,00"
"862352";"2025-07-31";"";"Eletroguara Materiais Eletricos LTDA";"Luciana - Residencial Multifamiliar 2ª Etapa";"importacao_excel";"a_pagar";"165,38"
"862354";"2025-07-31";"";"Eletroguara Materiais Eletricos LTDA";"Car Sanitários";"importacao_excel";"a_pagar";"211,67"
"862353";"2025-07-31";"";"Eletroguara Materiais Eletricos LTDA";"Luciana - Residencial Multifamiliar 2ª Etapa";"importacao_excel";"a_pagar";"146,66"
"862355";"2025-07-31";"";"Eletroguara Materiais Eletricos LTDA";"Car Sanitários";"importacao_excel";"a_pagar";"23,18"
"862341";"2025-07-31";"";"Eletroguara Materiais Eletricos LTDA";"Car Sanitários";"importacao_excel";"a_pagar";"554,00"
"862342";"2025-07-31";"";"Eletroguara Materiais Eletricos LTDA";"Car Sanitários";"importacao_excel";"a_pagar";"17,80"
"571798";"2025-08-01";"Limpeza no tubo S e no cocho";"Limpeza no tubo S e no cocho";"";"frota_manutencao";"a_pagar";"350,00"
"862357";"2025-08-01";"";"Coimbra";"Hotel Qiu 2 - Fase 3";"importacao_excel";"a_pagar";"459,11"
"862360";"2025-08-01";"";"Ferragens Santa Rita";"CASA DO PEQUENO";"importacao_excel";"a_pagar";"258,08"
"862359";"2025-08-01";"";"Coimbra";"Hotel Qiu 2 - Fase 3";"importacao_excel";"a_pagar";"459,11"
"862358";"2025-08-01";"";"Ferragens Santa Rita";"CASA DO PEQUENO";"importacao_excel";"a_pagar";"258,08"
"862361";"2025-08-04";"Medição - Jul/2025";"Retenção Técnica - Gesso Moreira";"CASA DO PEQUENO";"importacao_excel";"a_pagar";"2279,26"
"862362";"2025-08-04";"Medição - Jul/2025";"Retenção Técnica - RF Gesso";"CASA DO PEQUENO";"importacao_excel";"a_pagar";"898,77"
"862374";"2025-08-05";"";"Coimbra";"Chlorum Solutions - Uberlândia";"importacao_excel";"a_pagar";"3829,85"
"862363";"2025-08-05";"";"Coimbra";"PALES ";"importacao_excel";"a_pagar";"78,26"
"571792";"2025-08-05";"Painel elétrico completo com instrumentos + válvulas";"Painel elétrico completo com instrumentos + válvulas";"";"frota_manutencao";"a_pagar";"15000,00"
"862364";"2025-08-05";"Chapisco e Viabit";"Coimbra";"LUCIANA - FINAL BLOCO B";"importacao_excel";"a_pagar";"77,92"
"862365";"2025-08-05";"";"Coimbra";"CASA DO PEQUENO";"importacao_excel";"a_pagar";"246,80"
"862366";"2025-08-05";"ESPAÇADORES E CUNHA PARA PISO";"Coimbra";"Hotel Qiu 2 - Fase 3";"importacao_excel";"a_pagar";"176,60"
"862367";"2025-08-05";"CARRINHO ARMAZEM";"Coimbra";"Hotel Qiu 2 - Fase 3";"importacao_excel";"a_pagar";"35,50"
"862368";"2025-08-05";"Misturador docol";"Coimbra";"Hotel Qiu 2 - Fase 3";"importacao_excel";"a_pagar";"358,27"
"862369";"2025-08-05";"";"Coimbra";"Chlorum Solutions - Uberlândia";"importacao_excel";"a_pagar";"3829,85"
"862370";"2025-08-05";"Espaçadores";"Coimbra";"Hotel Qiu 2 - Fase 3";"importacao_excel";"a_pagar";"572,45"
"862371";"2025-08-05";"viaplus 7000";"Coimbra";"Hotel Qiu 2 - Fase 3";"importacao_excel";"a_pagar";"211,50"
"862372";"2025-08-05";"Frete para retirar rodapé na fabrica";"Coimbra";"Chlorum Solutions - Uberlândia";"importacao_excel";"a_pagar";"50,00"
"862373";"2025-08-05";"CUNHA,ESPAÇADORES";"Coimbra";"Hotel Qiu 2 - Fase 3";"importacao_excel";"a_pagar";"208,27"
"862375";"2025-08-05";"Misturador docol";"Coimbra";"Hotel Qiu 2 - Fase 3";"importacao_excel";"a_pagar";"358,27"
"862376";"2025-08-05";"Espaçadores";"Coimbra";"Hotel Qiu 2 - Fase 3";"importacao_excel";"a_pagar";"572,45"
"862377";"2025-08-05";"Misturador docol";"Coimbra";"Hotel Qiu 2 - Fase 3";"importacao_excel";"a_pagar";"358,27"
"862378";"2025-08-05";"Chapisco e Viabit";"Coimbra";"LUCIANA - FINAL BLOCO B";"importacao_excel";"a_pagar";"77,92"
"862379";"2025-08-05";"";"Coimbra";"Chlorum Solutions - Uberlândia";"importacao_excel";"a_pagar";"3829,85"
"862380";"2025-08-05";"";"Coimbra";"CASA DO PEQUENO";"importacao_excel";"a_pagar";"246,80"
"862381";"2025-08-05";"";"Coimbra";"PALES ";"importacao_excel";"a_pagar";"78,26"
"862382";"2025-08-05";"Chapisco e Viabit";"Coimbra";"LUCIANA - FINAL BLOCO B";"importacao_excel";"a_pagar";"77,92"
"862383";"2025-08-05";"Frete para retirar rodapé na fabrica";"Coimbra";"Chlorum Solutions - Uberlândia";"importacao_excel";"a_pagar";"50,00"
"862384";"2025-08-05";"viaplus 7000";"Coimbra";"Hotel Qiu 2 - Fase 3";"importacao_excel";"a_pagar";"211,50"
"862385";"2025-08-05";"Espaçadores";"Coimbra";"Hotel Qiu 2 - Fase 3";"importacao_excel";"a_pagar";"572,45"
"862386";"2025-08-05";"ESPAÇADORES E CUNHA PARA PISO";"Coimbra";"Hotel Qiu 2 - Fase 3";"importacao_excel";"a_pagar";"176,60"
"862387";"2025-08-05";"CUNHA,ESPAÇADORES";"Coimbra";"Hotel Qiu 2 - Fase 3";"importacao_excel";"a_pagar";"208,27"
"862388";"2025-08-05";"";"Coimbra";"PALES ";"importacao_excel";"a_pagar";"78,26"
"862389";"2025-08-05";"";"Coimbra";"Chlorum Solutions - Uberlândia";"importacao_excel";"a_pagar";"3829,85"
"862390";"2025-08-05";"CUNHA,ESPAÇADORES";"Coimbra";"Hotel Qiu 2 - Fase 3";"importacao_excel";"a_pagar";"208,27"
"862391";"2025-08-05";"viaplus 7000";"Coimbra";"Hotel Qiu 2 - Fase 3";"importacao_excel";"a_pagar";"211,50"
"862392";"2025-08-05";"Misturador docol";"Coimbra";"Hotel Qiu 2 - Fase 3";"importacao_excel";"a_pagar";"358,27"
"862393";"2025-08-05";"Espaçadores";"Coimbra";"Hotel Qiu 2 - Fase 3";"importacao_excel";"a_pagar";"572,45"
"862394";"2025-08-05";"viaplus 7000";"Coimbra";"Hotel Qiu 2 - Fase 3";"importacao_excel";"a_pagar";"211,50"
"862395";"2025-08-05";"ESPAÇADORES E CUNHA PARA PISO";"Coimbra";"Hotel Qiu 2 - Fase 3";"importacao_excel";"a_pagar";"176,60"
"862396";"2025-08-05";"CARRINHO ARMAZEM";"Coimbra";"Hotel Qiu 2 - Fase 3";"importacao_excel";"a_pagar";"35,50"
"862397";"2025-08-05";"CUNHA,ESPAÇADORES";"Coimbra";"Hotel Qiu 2 - Fase 3";"importacao_excel";"a_pagar";"208,27"
"862398";"2025-08-05";"Chapisco e Viabit";"Coimbra";"LUCIANA - FINAL BLOCO B";"importacao_excel";"a_pagar";"77,92"
"862399";"2025-08-05";"Frete para retirar rodapé na fabrica";"Coimbra";"Chlorum Solutions - Uberlândia";"importacao_excel";"a_pagar";"50,00"
"862400";"2025-08-05";"Misturador docol";"Coimbra";"Hotel Qiu 2 - Fase 3";"importacao_excel";"a_pagar";"358,27"
"862401";"2025-08-05";"";"Coimbra";"Chlorum Solutions - Uberlândia";"importacao_excel";"a_pagar";"3829,85"
"862402";"2025-08-05";"Espaçadores";"Coimbra";"Hotel Qiu 2 - Fase 3";"importacao_excel";"a_pagar";"572,45"
"862403";"2025-08-05";"viaplus 7000";"Coimbra";"Hotel Qiu 2 - Fase 3";"importacao_excel";"a_pagar";"211,50"
"862404";"2025-08-05";"ESPAÇADORES E CUNHA PARA PISO";"Coimbra";"Hotel Qiu 2 - Fase 3";"importacao_excel";"a_pagar";"176,60"
"862405";"2025-08-05";"CUNHA,ESPAÇADORES";"Coimbra";"Hotel Qiu 2 - Fase 3";"importacao_excel";"a_pagar";"208,27"
"862406";"2025-08-05";"";"Coimbra";"CASA DO PEQUENO";"importacao_excel";"a_pagar";"246,80"
"862407";"2025-08-05";"";"Coimbra";"PALES ";"importacao_excel";"a_pagar";"78,26"
"862408";"2025-08-05";"Frete para retirar rodapé na fabrica";"Coimbra";"Chlorum Solutions - Uberlândia";"importacao_excel";"a_pagar";"50,00"
"862409";"2025-08-05";"CARRINHO ARMAZEM";"Coimbra";"Hotel Qiu 2 - Fase 3";"importacao_excel";"a_pagar";"35,50"
"862410";"2025-08-05";"Frete para retirar rodapé na fabrica";"Coimbra";"Chlorum Solutions - Uberlândia";"importacao_excel";"a_pagar";"50,00"
"862411";"2025-08-05";"CARRINHO ARMAZEM";"Coimbra";"Hotel Qiu 2 - Fase 3";"importacao_excel";"a_pagar";"35,50"
"862412";"2025-08-05";"";"Coimbra";"CASA DO PEQUENO";"importacao_excel";"a_pagar";"246,80"
"862413";"2025-08-05";"";"Coimbra";"PALES ";"importacao_excel";"a_pagar";"78,26"
"862414";"2025-08-05";"CARRINHO ARMAZEM";"Coimbra";"Hotel Qiu 2 - Fase 3";"importacao_excel";"a_pagar";"35,50"
"862415";"2025-08-05";"";"Coimbra";"CASA DO PEQUENO";"importacao_excel";"a_pagar";"246,80"
"862416";"2025-08-05";"Chapisco e Viabit";"Coimbra";"LUCIANA - FINAL BLOCO B";"importacao_excel";"a_pagar";"77,92"
"862417";"2025-08-05";"ESPAÇADORES E CUNHA PARA PISO";"Coimbra";"Hotel Qiu 2 - Fase 3";"importacao_excel";"a_pagar";"176,60"
"862418";"2025-08-06";"materiais eletricos";"Eletroguara Materiais Eletricos LTDA";"Chlorum Solutions - Uberlândia";"importacao_excel";"a_pagar";"3227,48"
"862420";"2025-08-08";"";"Terreno Tiziana";"";"importacao_excel";"a_pagar";"28000,00"
"862426";"2025-08-08";"Medição - Jul/2025";"Retenção Técnica - Dito Carpinteiro.";"CASA DO PEQUENO";"importacao_excel";"a_pagar";"48,87"
"862427";"2025-08-08";"Medição - Jul/2025";"Retenção Técnica - Dito Carpinteiro.";"CASA DO PEQUENO";"importacao_excel";"a_pagar";"30,19"
"862424";"2025-08-08";"Medição - Jul/2025";"Retenção Técnica - Dito Carpinteiro.";"CASA DO PEQUENO";"importacao_excel";"a_pagar";"107,90"
"862425";"2025-08-08";"Medição - Jul/2025";"Retenção Técnica - Dito Carpinteiro.";"CASA DO PEQUENO";"importacao_excel";"a_pagar";"21,64"
"862430";"2025-08-08";"";"Terreno Tiziana";"";"importacao_excel";"a_pagar";"28000,00"
"862428";"2025-08-08";"Medição - Jul/2025";"Retenção Técnica - Dito Carpinteiro.";"CASA DO PEQUENO";"importacao_excel";"a_pagar";"31,40"
"862429";"2025-08-08";"";"Terreno Tiziana";"";"importacao_excel";"a_pagar";"28000,00"
"862423";"2025-08-08";"";"Terreno Tiziana";"";"importacao_excel";"a_pagar";"28000,00"
"862422";"2025-08-08";"";"Terreno Tiziana";"";"importacao_excel";"a_pagar";"28000,00"
"862421";"2025-08-08";"";"Terreno Tiziana";"";"importacao_excel";"a_pagar";"28000,00"
"862440";"2025-08-11";"Alluguel de equipamentos";"J Alves Locação de Andaimes e Equipamentos Ltda";"Santuário - UTC";"importacao_excel";"a_pagar";"305,71"
"862441";"2025-08-11";"";"J Alves Locação de Andaimes e Equipamentos Ltda";"Luciana - Residencial Multifamiliar - Etapa Final";"importacao_excel";"a_pagar";"457,36"
"862442";"2025-08-11";"";"J Alves Locação de Andaimes e Equipamentos Ltda";"Santuário - UTC";"importacao_excel";"a_pagar";"1122,14"
"862443";"2025-08-11";"Alluguel de equipamentos";"J Alves Locação de Andaimes e Equipamentos Ltda";"Santuário - UTC";"importacao_excel";"a_pagar";"305,71"
"862438";"2025-08-11";"Aluguel de equipamento";"J Alves Locação de Andaimes e Equipamentos Ltda";"Santuário - UTC";"importacao_excel";"a_pagar";"32,86"
"862447";"2025-08-11";"";"J Alves Locação de Andaimes e Equipamentos Ltda";"Santuário - UTC";"importacao_excel";"a_pagar";"1122,14"
"862437";"2025-08-11";"Aluguel de equipamentos";"J Alves Locação de Andaimes e Equipamentos Ltda";"Santuário - UTC";"importacao_excel";"a_pagar";"737,14"
"862444";"2025-08-11";"";"J Alves Locação de Andaimes e Equipamentos Ltda";"Luciana - Residencial Multifamiliar - Etapa Final";"importacao_excel";"a_pagar";"457,36"
"862445";"2025-08-11";"";"J Alves Locação de Andaimes e Equipamentos Ltda";"Santuário - UTC";"importacao_excel";"a_pagar";"1122,14"
"862436";"2025-08-11";"Aluguel de equipamentos";"J Alves Locação de Andaimes e Equipamentos Ltda";"Santuário - UTC";"importacao_excel";"a_pagar";"737,14"
"862435";"2025-08-11";"Aluguel de equipamento";"J Alves Locação de Andaimes e Equipamentos Ltda";"Santuário - UTC";"importacao_excel";"a_pagar";"32,86"
"862434";"2025-08-11";"Alluguel de equipamentos";"J Alves Locação de Andaimes e Equipamentos Ltda";"Santuário - UTC";"importacao_excel";"a_pagar";"305,71"
"862433";"2025-08-11";"";"J Alves Locação de Andaimes e Equipamentos Ltda";"Luciana - Residencial Multifamiliar - Etapa Final";"importacao_excel";"a_pagar";"457,36"
"862432";"2025-08-11";"";"J Alves Locação de Andaimes e Equipamentos Ltda";"Luciana - Residencial Multifamiliar - Etapa Final";"importacao_excel";"a_pagar";"457,36"
"862431";"2025-08-11";"Aluguel de equipamentos";"J Alves Locação de Andaimes e Equipamentos Ltda";"Santuário - UTC";"importacao_excel";"a_pagar";"737,14"
"862446";"2025-08-11";"";"J Alves Locação de Andaimes e Equipamentos Ltda";"Santuário - UTC";"importacao_excel";"a_pagar";"1122,14"
"862439";"2025-08-11";"Aluguel de equipamento";"J Alves Locação de Andaimes e Equipamentos Ltda";"Santuário - UTC";"importacao_excel";"a_pagar";"32,86"
"862453";"2025-08-12";"";"J Alves Locação de Andaimes e Equipamentos Ltda";"POS OBRA";"importacao_excel";"a_pagar";"92,00"
"862479";"2025-08-12";"";"J Alves Locação de Andaimes e Equipamentos Ltda";"CASA DO PEQUENO";"importacao_excel";"a_pagar";"1688,21"
"862478";"2025-08-12";"";"J Alves Locação de Andaimes e Equipamentos Ltda";"POS OBRA";"importacao_excel";"a_pagar";"92,00"
"862477";"2025-08-12";"";"J Alves Locação de Andaimes e Equipamentos Ltda";"POS OBRA";"importacao_excel";"a_pagar";"92,00"
"862476";"2025-08-12";"";"J Alves Locação de Andaimes e Equipamentos Ltda";"Hotel Qiu 2 - Fase 3";"importacao_excel";"a_pagar";"205,71"
"862475";"2025-08-12";"";"J Alves Locação de Andaimes e Equipamentos Ltda";"PALES ";"importacao_excel";"a_pagar";"732,64"
"862474";"2025-08-12";"";"J Alves Locação de Andaimes e Equipamentos Ltda";"POS OBRA";"importacao_excel";"a_pagar";"99,71"
"862473";"2025-08-12";"";"J Alves Locação de Andaimes e Equipamentos Ltda";"CASA DO PEQUENO";"importacao_excel";"a_pagar";"1688,21"
"862472";"2025-08-12";"";"J Alves Locação de Andaimes e Equipamentos Ltda";"Hotel Qiu 2 - Fase 3";"importacao_excel";"a_pagar";"205,71"
"862471";"2025-08-12";"";"J Alves Locação de Andaimes e Equipamentos Ltda";"PALES ";"importacao_excel";"a_pagar";"732,64"
"862470";"2025-08-12";"";"J Alves Locação de Andaimes e Equipamentos Ltda";"Hotel Qiu 2 - Fase 3";"importacao_excel";"a_pagar";"555,71"
"862469";"2025-08-12";"";"J Alves Locação de Andaimes e Equipamentos Ltda";"Santuário - Praça Asa Sul";"importacao_excel";"a_pagar";"71,43"
"862468";"2025-08-12";"";"J Alves Locação de Andaimes e Equipamentos Ltda";"Santuário - Praça Asa Sul";"importacao_excel";"a_pagar";"71,43"
"862467";"2025-08-12";"";"J Alves Locação de Andaimes e Equipamentos Ltda";"Santuário - UTC";"importacao_excel";"a_pagar";"71,43"
"862466";"2025-08-12";"";"J Alves Locação de Andaimes e Equipamentos Ltda";"POS OBRA";"importacao_excel";"a_pagar";"99,71"
"862465";"2025-08-12";"";"J Alves Locação de Andaimes e Equipamentos Ltda";"Hotel Qiu 2 - Fase 3";"importacao_excel";"a_pagar";"555,71"
"862464";"2025-08-12";"";"J Alves Locação de Andaimes e Equipamentos Ltda";"Santuário - Praça Asa Sul";"importacao_excel";"a_pagar";"71,43"
"862463";"2025-08-12";"";"J Alves Locação de Andaimes e Equipamentos Ltda";"Santuário - UTC";"importacao_excel";"a_pagar";"71,43"
"862462";"2025-08-12";"";"J Alves Locação de Andaimes e Equipamentos Ltda";"POS OBRA";"importacao_excel";"a_pagar";"99,71"
"862461";"2025-08-12";"";"J Alves Locação de Andaimes e Equipamentos Ltda";"Santuário - UTC";"importacao_excel";"a_pagar";"71,43"
"862460";"2025-08-12";"";"J Alves Locação de Andaimes e Equipamentos Ltda";"POS OBRA";"importacao_excel";"a_pagar";"92,00"
"862459";"2025-08-12";"";"J Alves Locação de Andaimes e Equipamentos Ltda";"CASA DO PEQUENO";"importacao_excel";"a_pagar";"1688,21"
"862458";"2025-08-12";"";"J Alves Locação de Andaimes e Equipamentos Ltda";"PALES ";"importacao_excel";"a_pagar";"732,64"
"862457";"2025-08-12";"";"J Alves Locação de Andaimes e Equipamentos Ltda";"Hotel Qiu 2 - Fase 3";"importacao_excel";"a_pagar";"205,71"
"862456";"2025-08-12";"";"J Alves Locação de Andaimes e Equipamentos Ltda";"Hotel Qiu 2 - Fase 3";"importacao_excel";"a_pagar";"555,71"
"862455";"2025-08-12";"";"J Alves Locação de Andaimes e Equipamentos Ltda";"Hotel Qiu 2 - Fase 3";"importacao_excel";"a_pagar";"555,71"
"862454";"2025-08-12";"";"J Alves Locação de Andaimes e Equipamentos Ltda";"PALES ";"importacao_excel";"a_pagar";"732,64"
"862452";"2025-08-12";"";"J Alves Locação de Andaimes e Equipamentos Ltda";"POS OBRA";"importacao_excel";"a_pagar";"99,71"
"862451";"2025-08-12";"";"J Alves Locação de Andaimes e Equipamentos Ltda";"Santuário - UTC";"importacao_excel";"a_pagar";"71,43"
"862450";"2025-08-12";"";"J Alves Locação de Andaimes e Equipamentos Ltda";"CASA DO PEQUENO";"importacao_excel";"a_pagar";"1688,21"
"862449";"2025-08-12";"";"J Alves Locação de Andaimes e Equipamentos Ltda";"Hotel Qiu 2 - Fase 3";"importacao_excel";"a_pagar";"205,71"
"862448";"2025-08-12";"";"J Alves Locação de Andaimes e Equipamentos Ltda";"Santuário - Praça Asa Sul";"importacao_excel";"a_pagar";"71,43"
"862522";"2025-08-13";"";"Ferragens Santa Rita";"Luciana - Residencial Multifamiliar - Etapa Final";"importacao_excel";"a_pagar";"58,33"
"862523";"2025-08-13";"Chapiscola";"Coimbra";"LUCIANA - FINAL BLOCO B";"importacao_excel";"a_pagar";"97,83"
"862529";"2025-08-13";"Medição - Jul/2025";"Retenção Técnica - Isaias - ISF Perfurações";"Hotel Qiu 2 - Fase 3";"importacao_excel";"a_pagar";"9,76"
"862528";"2025-08-13";"Medição - Jul/2025";"Retenção Técnica - Isaias - ISF Perfurações";"Hotel Qiu 2 - Fase 3";"importacao_excel";"a_pagar";"9,56"
"862515";"2025-08-13";"Medição - Jul/2025";"Retenção Técnica - RM Ramos";"Hotel Qiu 2 - Fase 3";"importacao_excel";"a_pagar";"203,65"
"862524";"2025-08-13";"";"Ferragens Santa Rita";"PALES ";"importacao_excel";"a_pagar";"89,33"
"862482";"2025-08-13";"Chapiscola";"Coimbra";"LUCIANA - FINAL BLOCO B";"importacao_excel";"a_pagar";"97,83"
"862481";"2025-08-13";"Chapiscola";"Coimbra";"LUCIANA - FINAL BLOCO B";"importacao_excel";"a_pagar";"97,83"
"862480";"2025-08-13";"";"Ferragens Santa Rita";"PALES ";"importacao_excel";"a_pagar";"89,33"
"862499";"2025-08-13";"";"Ferragens Santa Rita";"Santuário - Praça Asa Sul";"importacao_excel";"a_pagar";"42,53"
"862513";"2025-08-13";"Medição - Jul/2025";"Retenção Técnica - RM Ramos";"Hotel Qiu 2 - Fase 3";"importacao_excel";"a_pagar";"20,62"
"862485";"2025-08-13";"";"Ferragens Santa Rita";"PALES ";"importacao_excel";"a_pagar";"45,00"
"862512";"2025-08-13";"Medição - Jul/2025";"Retenção Técnica - RM Ramos";"Hotel Qiu 2 - Fase 3";"importacao_excel";"a_pagar";"32,00"
"862509";"2025-08-13";"Medição - Jul/2025";"Retenção Técnica - Isaias - ISF Perfurações";"Hotel Qiu 2 - Fase 3";"importacao_excel";"a_pagar";"9,56"
"862486";"2025-08-13";"Chapiscola";"Coimbra";"LUCIANA - FINAL BLOCO B";"importacao_excel";"a_pagar";"97,83"
"862500";"2025-08-13";"";"Ferragens Santa Rita";"Santuário - Praça Asa Sul";"importacao_excel";"a_pagar";"138,10"
"862487";"2025-08-13";"";"Ferragens Santa Rita";"PALES ";"importacao_excel";"a_pagar";"45,00"
"862488";"2025-08-13";"";"Ferragens Santa Rita";"Santuário - Praça Asa Sul";"importacao_excel";"a_pagar";"138,10"
"862489";"2025-08-13";"Chapiscola";"Coimbra";"LUCIANA - FINAL BLOCO B";"importacao_excel";"a_pagar";"97,83"
"862507";"2025-08-13";"Medição - Jul/2025";"Retenção Técnica - RF Gesso";"Hotel Qiu 2 - Fase 3";"importacao_excel";"a_pagar";"827,70"
"862506";"2025-08-13";"Medição - Jul/2025";"Retenção Técnica - RF Gesso";"Hotel Qiu 2 - Fase 3";"importacao_excel";"a_pagar";"199,09"
"862505";"2025-08-13";"Medição - Jul/2025";"Retenção Técnica - RM Ramos";"Hotel Qiu 2 - Fase 3";"importacao_excel";"a_pagar";"1863,48"
"862501";"2025-08-13";"";"Ferragens Santa Rita";"PALES ";"importacao_excel";"a_pagar";"87,20"
"862508";"2025-08-13";"graxa e pincel";"Ferragens Santa Rita";"Santuário - UTC";"importacao_excel";"a_pagar";"35,00"
"862511";"2025-08-13";"";"Ferragens Santa Rita";"PALES ";"importacao_excel";"a_pagar";"45,00"
"862504";"2025-08-13";"Medição - Jul/2025";"Retenção Técnica - Isaias - ISF Perfurações";"Hotel Qiu 2 - Fase 3";"importacao_excel";"a_pagar";"9,56"
"862490";"2025-08-13";"";"Ferragens Santa Rita";"Santuário - Praça Asa Sul";"importacao_excel";"a_pagar";"89,33"
"862503";"2025-08-13";"Medição - Jul/2025";"Retenção Técnica - Isaias - ISF Perfurações";"Hotel Qiu 2 - Fase 3";"importacao_excel";"a_pagar";"9,50"
"862502";"2025-08-13";"Medição - Jul/2025";"Retenção Técnica - Isaias - ISF Perfurações";"Hotel Qiu 2 - Fase 3";"importacao_excel";"a_pagar";"9,56"
"862514";"2025-08-13";"";"Ferragens Santa Rita";"PALES ";"importacao_excel";"a_pagar";"45,00"
"862516";"2025-08-13";"";"Ferragens Santa Rita";"PALES ";"importacao_excel";"a_pagar";"45,00"
"862510";"2025-08-13";"Medição - Jul/2025";"Retenção Técnica - RM Ramos";"Hotel Qiu 2 - Fase 3";"importacao_excel";"a_pagar";"48,41"
"862527";"2025-08-13";"graxa e pincel";"Ferragens Santa Rita";"Santuário - UTC";"importacao_excel";"a_pagar";"35,00"
"862526";"2025-08-13";"Lona Plastica";"Ferragens Santa Rita";"Santuário - UTC";"importacao_excel";"a_pagar";"96,58"
"862517";"2025-08-13";"";"Ferragens Santa Rita";"PALES ";"importacao_excel";"a_pagar";"45,00"
"862491";"2025-08-13";"";"Ferragens Santa Rita";"Santuário - Praça Asa Sul";"importacao_excel";"a_pagar";"89,33"
"862525";"2025-08-13";"";"Ferragens Santa Rita";"Luciana - Residencial Multifamiliar - Etapa Final";"importacao_excel";"a_pagar";"58,33"
"862492";"2025-08-13";"";"Ferragens Santa Rita";"Santuário - Praça Asa Sul";"importacao_excel";"a_pagar";"10,67"
"862493";"2025-08-13";"";"Ferragens Santa Rita";"Santuário - Praça Asa Sul";"importacao_excel";"a_pagar";"42,53"
"862494";"2025-08-13";"";"Ferragens Santa Rita";"Santuário - Praça Asa Sul";"importacao_excel";"a_pagar";"10,67"
"862495";"2025-08-13";"";"Ferragens Santa Rita";"Santuário - Praça Asa Sul";"importacao_excel";"a_pagar";"89,33"
"862496";"2025-08-13";"";"Ferragens Santa Rita";"Santuário - Praça Asa Sul";"importacao_excel";"a_pagar";"89,33"
"862497";"2025-08-13";"Lona Plastica";"Ferragens Santa Rita";"Santuário - UTC";"importacao_excel";"a_pagar";"96,58"
"862498";"2025-08-13";"";"Ferragens Santa Rita";"PALES ";"importacao_excel";"a_pagar";"354,50"
"862518";"2025-08-13";"Chapiscola";"Coimbra";"LUCIANA - FINAL BLOCO B";"importacao_excel";"a_pagar";"97,83"
"862519";"2025-08-13";"";"Ferragens Santa Rita";"PALES ";"importacao_excel";"a_pagar";"112,83"
"862520";"2025-08-13";"";"Ferragens Santa Rita";"PALES ";"importacao_excel";"a_pagar";"354,50"
"862483";"2025-08-13";"Chapiscola";"Coimbra";"LUCIANA - FINAL BLOCO B";"importacao_excel";"a_pagar";"97,83"
"862484";"2025-08-13";"";"Ferragens Santa Rita";"PALES ";"importacao_excel";"a_pagar";"112,83"
"862521";"2025-08-13";"";"Ferragens Santa Rita";"PALES ";"importacao_excel";"a_pagar";"87,20"
"862559";"2025-08-14";"";"Ferragens Santa Rita";"Hotel Qiu 2 - Fase 3";"importacao_excel";"a_pagar";"171,17"
"862578";"2025-08-14";"";"Ferragens Santa Rita";"Hotel Qiu 2 - Fase 3";"importacao_excel";"a_pagar";"405,00"
"862577";"2025-08-14";"";"Ferragens Santa Rita";"Santuário - Praça Asa Sul";"importacao_excel";"a_pagar";"108,33"
"862570";"2025-08-14";"";"Ferragens Santa Rita";"CASA DO PEQUENO";"importacao_excel";"a_pagar";"156,67"
"862569";"2025-08-14";"";"Ferragens Santa Rita";"CASA DO PEQUENO";"importacao_excel";"a_pagar";"14,53"
"862561";"2025-08-14";"";"Ferragens Santa Rita";"Hotel Qiu 2 - Fase 3";"importacao_excel";"a_pagar";"178,67"
"862560";"2025-08-14";"";"Ferragens Santa Rita";"Hotel Qiu 2 - Fase 3";"importacao_excel";"a_pagar";"125,88"
"862557";"2025-08-14";"";"Ferragens Santa Rita";"Santuário - UTC";"importacao_excel";"a_pagar";"45,27"
"862554";"2025-08-14";"";"Ferragens Santa Rita";"Santuário - Praça Asa Sul";"importacao_excel";"a_pagar";"108,33"
"862553";"2025-08-14";"";"Ferragens Santa Rita";"Hotel Qiu 2 - Fase 3";"importacao_excel";"a_pagar";"178,67"
"862550";"2025-08-14";"";"Ferragens Santa Rita";"CASA DO PEQUENO";"importacao_excel";"a_pagar";"80,50"
"862549";"2025-08-14";"";"Ferragens Santa Rita";"CASA DO PEQUENO";"importacao_excel";"a_pagar";"285,00"
"862544";"2025-08-14";"";"Ferragens Santa Rita";"Santuário - UTC";"importacao_excel";"a_pagar";"45,27"
"862543";"2025-08-14";"";"Ferragens Santa Rita";"Hotel Qiu 2 - Fase 3";"importacao_excel";"a_pagar";"125,88"
"862542";"2025-08-14";"";"Ferragens Santa Rita";"CASA DO PEQUENO";"importacao_excel";"a_pagar";"14,53"
"862537";"2025-08-14";"";"Ferragens Santa Rita";"CASA DO PEQUENO";"importacao_excel";"a_pagar";"44,17"
"862536";"2025-08-14";"";"Ferragens Santa Rita";"Hotel Qiu 2 - Fase 3";"importacao_excel";"a_pagar";"171,17"
"862535";"2025-08-14";"";"Ferragens Santa Rita";"CASA DO PEQUENO";"importacao_excel";"a_pagar";"178,67"
"862534";"2025-08-14";"";"Ferragens Santa Rita";"CASA DO PEQUENO";"importacao_excel";"a_pagar";"156,67"
"862533";"2025-08-14";"";"Ferragens Santa Rita";"Hotel Qiu 2 - Fase 3";"importacao_excel";"a_pagar";"178,67"
"862566";"2025-08-14";"";"Ferragens Santa Rita";"Hotel Qiu 2 - Fase 3";"importacao_excel";"a_pagar";"178,67"
"862564";"2025-08-14";"";"Ferragens Santa Rita";"CASA DO PEQUENO";"importacao_excel";"a_pagar";"446,67"
"862563";"2025-08-14";"";"Ferragens Santa Rita";"CASA DO PEQUENO";"importacao_excel";"a_pagar";"178,67"
"862562";"2025-08-14";"";"Ferragens Santa Rita";"Hotel Qiu 2 - Fase 3";"importacao_excel";"a_pagar";"405,00"
"862552";"2025-08-14";"";"Ferragens Santa Rita";"CASA DO PEQUENO";"importacao_excel";"a_pagar";"44,17"
"862551";"2025-08-14";"";"Ferragens Santa Rita";"CASA DO PEQUENO";"importacao_excel";"a_pagar";"4,57"
"862541";"2025-08-14";"";"Ferragens Santa Rita";"CASA DO PEQUENO";"importacao_excel";"a_pagar";"446,67"
"862540";"2025-08-14";"";"Ferragens Santa Rita";"CASA DO PEQUENO";"importacao_excel";"a_pagar";"285,00"
"862539";"2025-08-14";"";"Ferragens Santa Rita";"CASA DO PEQUENO";"importacao_excel";"a_pagar";"80,50"
"862538";"2025-08-14";"";"Ferragens Santa Rita";"CASA DO PEQUENO";"importacao_excel";"a_pagar";"4,57"
"862558";"2025-08-14";"Medição - Jul/2025";"Sergovale Construções Ltda";"Santuário - UTC";"importacao_excel";"a_pagar";"1318,24"
"862530";"2025-08-14";"BM - 01";"Retenção Técnica - Souza Pisos Industriais";"Santuário - UTC";"importacao_excel";"a_pagar";"665,60"
"862556";"2025-08-14";"Medição - Jul/2025";"Sergovale Construções Ltda";"Santuário - UTC";"importacao_excel";"a_pagar";"1848,38"
"862555";"2025-08-14";"Medição - Jul/2025";"Sergovale Construções Ltda";"Santuário - UTC";"importacao_excel";"a_pagar";"1310,60"
"862576";"2025-08-14";"Medição - Jul/2025";"Sergovale Construções Ltda";"Santuário - UTC";"importacao_excel";"a_pagar";"1310,47"
"862575";"2025-08-14";"Medição - Jul/2025";"Sergovale Construções Ltda";"Santuário - UTC";"importacao_excel";"a_pagar";"5490,52"
"862574";"2025-08-14";"Medição - Jul/2025";"Sergovale Construções Ltda";"Santuário - UTC";"importacao_excel";"a_pagar";"139,02"
"862573";"2025-08-14";"Medição - Jul/2025";"Sergovale Construções Ltda";"Santuário - UTC";"importacao_excel";"a_pagar";"10546,13"
"862572";"2025-08-14";"Medição - Jul/2025";"Sergovale Construções Ltda";"Santuário - UTC";"importacao_excel";"a_pagar";"5490,52"
"862571";"2025-08-14";"Medição - Jul/2025";"Sergovale Construções Ltda";"Santuário - UTC";"importacao_excel";"a_pagar";"7,32"
"862568";"2025-08-14";"Medição - Jul/2025";"Sergovale Construções Ltda";"Santuário - UTC";"importacao_excel";"a_pagar";"68,97"
"862567";"2025-08-14";"Medição - Jul/2025";"Sergovale Construções Ltda";"Santuário - UTC";"importacao_excel";"a_pagar";"68,98"
"862565";"2025-08-14";"Medição - Jul/2025";"Sergovale Construções Ltda";"Santuário - UTC";"importacao_excel";"a_pagar";"288,97"
"862548";"2025-08-14";"Medição - Jul/2025";"Sergovale Construções Ltda";"Santuário - UTC";"importacao_excel";"a_pagar";"69,38"
"862547";"2025-08-14";"Medição - Jul/2025";"Sergovale Construções Ltda";"Santuário - UTC";"importacao_excel";"a_pagar";"555,06"
"862546";"2025-08-14";"Medição - Jul/2025";"Sergovale Construções Ltda";"Santuário - UTC";"importacao_excel";"a_pagar";"10546,13"
"862545";"2025-08-14";"Medição - Jul/2025";"Sergovale Construções Ltda";"Santuário - UTC";"importacao_excel";"a_pagar";"555,06"
"862532";"2025-08-14";"Medição - Jul/2025";"Sergovale Construções Ltda";"Santuário - UTC";"importacao_excel";"a_pagar";"97,28"
"862531";"2025-08-14";"Medição - Jul/2025";"Sergovale Construções Ltda";"Santuário - UTC";"importacao_excel";"a_pagar";"288,97"
"862592";"2025-08-15";"Medição - Ago/2025";"Retenção Técnica - Metal Rico";"PALES ";"importacao_excel";"a_pagar";"3,78"
"862581";"2025-08-15";"Medição - Ago/2025";"Retenção Técnica - Metal Rico";"PALES ";"importacao_excel";"a_pagar";"422,23"
"862580";"2025-08-15";"Medição - Jul/2025";"Retenção Técnica - Gesso Moreira";"Hotel Qiu 2 - Fase 3";"importacao_excel";"a_pagar";"169,76"
"862579";"2025-08-15";"Medição - Jul/2025";"Retenção Técnica - Uberlândia Pinte";"Chlorum Solutions - Uberlândia";"importacao_excel";"a_pagar";"116,67"
"862590";"2025-08-15";"Medição - Jul/2025";"Retenção Técnica - Uberlândia Pinte";"Chlorum Solutions - Uberlândia";"importacao_excel";"a_pagar";"548,60"
"862589";"2025-08-15";"Medição - Jul/2025";"Retenção Técnica - Uberlândia Pinte";"Chlorum Solutions - Uberlândia";"importacao_excel";"a_pagar";"38,77"
"862588";"2025-08-15";"Medição - Ago/2025";"Retenção Técnica - Metal Rico";"PALES ";"importacao_excel";"a_pagar";"3,78"
"862587";"2025-08-15";"Medição - Jul/2025";"Retenção Técnica - São José Ferragem Armada";"Santuário - UTC";"importacao_excel";"a_pagar";"1505,20"
"862586";"2025-08-15";"Medição - Ago/2025";"Retenção Técnica - Metal Rico";"PALES ";"importacao_excel";"a_pagar";"463,84"
"862585";"2025-08-15";"Medição - Jul/2025";"Retenção Técnica - Uberlândia Pinte";"Chlorum Solutions - Uberlândia";"importacao_excel";"a_pagar";"295,96"
"862584";"2025-08-15";"Medição - Jul/2025";"Retenção Técnica - Gesso Moreira";"Hotel Qiu 2 - Fase 3";"importacao_excel";"a_pagar";"43,09"
"862583";"2025-08-15";"Medição - Jul/2025";"Retenção Técnica - Gesso Moreira";"Hotel Qiu 2 - Fase 3";"importacao_excel";"a_pagar";"398,02"
"862582";"2025-08-15";"Medição - Ago/2025";"Retenção Técnica - Metal Rico";"PALES ";"importacao_excel";"a_pagar";"81,37"
"862591";"2025-08-15";"Medição - Jul/2025";"Retenção Técnica - Gesso Moreira";"Hotel Qiu 2 - Fase 3";"importacao_excel";"a_pagar";"537,88"
"862593";"2025-08-18";"Medição - Jul/2025";"Retenção Técnica - Rodrigo Uberlândia";"Chlorum Solutions - Uberlândia";"importacao_excel";"a_pagar";"200,00"
"862602";"2025-08-20";"";"Himasa";"LUCIANA - FINAL BLOCO B";"importacao_excel";"a_pagar";"21,89"
"862600";"2025-08-20";"";"Himasa";"LUCIANA - FINAL BLOCO B";"importacao_excel";"a_pagar";"160,21"
"862599";"2025-08-20";"";"Himasa";"LUCIANA - FINAL BLOCO B";"importacao_excel";"a_pagar";"279,98"
"571803";"2025-08-20";"Óleo, motor misturador, eixo, mancal, mangueiras";"Óleo, motor misturador, eixo, mancal, mangueiras";"";"frota_manutencao";"a_pagar";"5215,00"
"862594";"2025-08-20";"materiais diversos";"Himasa";"Santuário - UTC";"importacao_excel";"a_pagar";"164,54"
"862598";"2025-08-20";"";"Himasa";"PALES ";"importacao_excel";"a_pagar";"195,36"
"862606";"2025-08-20";"";"Himasa";"Santuário - UTC";"importacao_excel";"a_pagar";"133,15"
"862605";"2025-08-20";"Base registro 3/4 e Conectores aquatherm";"Himasa";"Hotel Qiu 2 - Fase 3";"importacao_excel";"a_pagar";"1061,06"
"862604";"2025-08-20";"PU";"Himasa";"POS OBRA";"importacao_excel";"a_pagar";"89,40"
"862603";"2025-08-20";"";"Himasa";"LUCIANA - FINAL BLOCO B";"importacao_excel";"a_pagar";"285,08"
"862597";"2025-08-20";"";"Himasa";"CASA DO PEQUENO";"importacao_excel";"a_pagar";"257,54"
"862596";"2025-08-20";"";"Himasa";"";"importacao_excel";"a_pagar";"103,85"
"862595";"2025-08-20";"";"Himasa";"LUCIANA - FINAL BLOCO B";"importacao_excel";"a_pagar";"153,44"
"862601";"2025-08-20";"";"Himasa";"LUCIANA - FINAL BLOCO B";"importacao_excel";"a_pagar";"147,05"
"862607";"2025-08-21";"";"Ferragens Santa Rita";"PALES ";"importacao_excel";"a_pagar";"45,00"
"571820";"2025-08-21";"OS #8143 — Troca de jogo vela, óleo motor, filtro ar, filtro óleo, filtro combustível, correia elástica, correia poliv, reparo bicos, tensor correia poliv, kit correia dentada, kit cinta plástica, retentor comando válvula, retentor dianteiro motor e produto limpeza bicos. Serviço executado.";"OS #8143 — Troca de jogo vela, óleo motor, filtro ar, filtro óleo, filtro combustível, correia elástica, correia poliv, reparo bicos, tensor correia poliv, kit correia dentada, kit cinta plástica, retentor comando válvula, retentor dianteiro motor e produ";"";"frota_manutencao";"a_pagar";"3067,00"
"571807";"2025-08-21";"Revisão: velas, filtros (ar/óleo/combustível), correias + tensor, kit dentada, retentores, óleo motor, limpeza de bicos";"Revisão: velas, filtros (ar/óleo/combustível), correias + tensor, kit dentada, retentores, óleo motor, limpeza de bicos";"";"frota_manutencao";"a_pagar";"3067,00"
"862608";"2025-08-21";"";"Ferragens Santa Rita";"Hotel Qiu 2 - Fase 3";"importacao_excel";"a_pagar";"178,67"
"862609";"2025-08-21";"";"Ferragens Santa Rita";"Hotel Qiu 2 - Fase 3";"importacao_excel";"a_pagar";"178,67"
"862610";"2025-08-21";"";"Ferragens Santa Rita";"PALES ";"importacao_excel";"a_pagar";"45,00"
"862612";"2025-08-22";"Medição - Jul/2025";"Retenção Técnica - Seninha";"Chlorum Solutions - Uberlândia";"importacao_excel";"a_pagar";"144,00"
"862613";"2025-08-22";"Medição - Jul/2025";"Retenção Técnica - Seninha";"Chlorum Solutions - Uberlândia";"importacao_excel";"a_pagar";"920,70"
"862615";"2025-08-22";"Medição - Ago/2025";"Retenção Técnica - Jaime - Montqualy";"CASA DO PEQUENO";"importacao_excel";"a_pagar";"2215,30"
"862614";"2025-08-22";"Medição - Ago/2025";"Retenção Técnica - Saman Engenharia";"CASA DO PEQUENO";"importacao_excel";"a_pagar";"967,12"
"571787";"2025-08-22";"OS #8148 — Troca de correias (elástica, poly, tensor, kit dentada), reposição de aditivo, balão de água desmeralizada, desengripante, descarbonizante, jogo de velas, reparo de bicos, troca de ponteiras homocinéticas (2), rolamentos de roda dianteira (2), cubos dianteiros (2), retentor dianteiro virada, abraçadeiras 27x33 (4), produto limpeza bicos (3), alinhamento e balanceamento.";"OS #8148 — Troca de correias (elástica, poly, tensor, kit dentada), reposição de aditivo, balão de água desmeralizada, desengripante, descarbonizante, jogo de velas, reparo de bicos, troca de ponteiras homocinéticas (2), rolamentos de roda dianteira (2), ";"";"frota_manutencao";"a_pagar";"4446,00"
"571789";"2025-08-22";"Correias + tensor/kit dentada, velas, cubos/rolamentos dianteiros, ponteiras homocinéticas, alinhamento e balanceamento + aditivos";"Correias + tensor/kit dentada, velas, cubos/rolamentos dianteiros, ponteiras homocinéticas, alinhamento e balanceamento + aditivos";"";"frota_manutencao";"a_pagar";"4446,00"
"862611";"2025-08-22";"Medição - Jul/2025";"Retenção Técnica - Seninha";"Chlorum Solutions - Uberlândia";"importacao_excel";"a_pagar";"160,00"
"862621";"2025-08-25";"Medição - Ago/2025";"Retenção Técnica - Agostinho";"LUCIANA - FINAL BLOCO B";"importacao_excel";"a_pagar";"3,59"
"862616";"2025-08-25";"Medição - Ago/2025";"Retenção Técnica - Agostinho";"LUCIANA - FINAL BLOCO B";"importacao_excel";"a_pagar";"50,55"
"862617";"2025-08-25";"Medição - Ago/2025";"Retenção Técnica - Agostinho";"LUCIANA - FINAL BLOCO B";"importacao_excel";"a_pagar";"9,50"
"862619";"2025-08-25";"Medição - Ago/2025";"Retenção Técnica - Agostinho";"LUCIANA - FINAL BLOCO B";"importacao_excel";"a_pagar";"11,24"
"862623";"2025-08-25";"Medição - Ago/2025";"Retenção Técnica - Agostinho";"LUCIANA - FINAL BLOCO B";"importacao_excel";"a_pagar";"1,72"
"862625";"2025-08-25";"Medição - Ago/2025";"Retenção Técnica - Agostinho";"LUCIANA - FINAL BLOCO B";"importacao_excel";"a_pagar";"0,68"
"862618";"2025-08-25";"Lona Plastica";"Ferragens Santa Rita";"Santuário - UTC";"importacao_excel";"a_pagar";"115,90"
"862637";"2025-08-25";"Lona Plastica";"Ferragens Santa Rita";"Santuário - UTC";"importacao_excel";"a_pagar";"115,90"
"862633";"2025-08-25";"areia";"Ferragens Santa Rita";"Santuário - UTC";"importacao_excel";"a_pagar";"112,60"
"862632";"2025-08-25";"Lona Plastica + Neutrol";"Ferragens Santa Rita";"Santuário - UTC";"importacao_excel";"a_pagar";"429,40"
"862636";"2025-08-25";"areia";"Ferragens Santa Rita";"Santuário - UTC";"importacao_excel";"a_pagar";"112,60"
"862641";"2025-08-25";"Medição - Ago/2025";"Retenção Técnica - Agostinho";"LUCIANA - FINAL BLOCO B";"importacao_excel";"a_pagar";"0,57"
"862640";"2025-08-25";"Medição - Ago/2025";"Retenção Técnica - Agostinho";"LUCIANA - FINAL BLOCO B";"importacao_excel";"a_pagar";"0,34"
"862639";"2025-08-25";"Medição - Ago/2025";"Retenção Técnica - Agostinho";"LUCIANA - FINAL BLOCO B";"importacao_excel";"a_pagar";"0,40"
"862638";"2025-08-25";"Medição - Ago/2025";"Retenção Técnica - Agostinho";"LUCIANA - FINAL BLOCO B";"importacao_excel";"a_pagar";"1,01"
"862629";"2025-08-25";"Medição - Ago/2025";"Retenção Técnica - Agostinho";"LUCIANA - FINAL BLOCO B";"importacao_excel";"a_pagar";"29,79"
"862628";"2025-08-25";"Medição - Ago/2025";"Retenção Técnica - Agostinho";"LUCIANA - FINAL BLOCO B";"importacao_excel";"a_pagar";"5,13"
"862627";"2025-08-25";"Medição - Ago/2025";"Retenção Técnica - Agostinho";"LUCIANA - FINAL BLOCO B";"importacao_excel";"a_pagar";"5,60"
"862630";"2025-08-25";"Lona Plástica";"Ferragens Santa Rita";"Santuário - UTC";"importacao_excel";"a_pagar";"165,20"
"862626";"2025-08-25";"Medição - Ago/2025";"Retenção Técnica - Agostinho";"LUCIANA - FINAL BLOCO B";"importacao_excel";"a_pagar";"19,07"
"862631";"2025-08-25";"Lona Plastica + Neutrol";"Ferragens Santa Rita";"Santuário - UTC";"importacao_excel";"a_pagar";"429,40"
"862622";"2025-08-25";"Medição - Ago/2025";"Retenção Técnica - Agostinho";"LUCIANA - FINAL BLOCO B";"importacao_excel";"a_pagar";"8,70"
"862620";"2025-08-25";"Medição - Ago/2025";"Retenção Técnica - Agostinho";"LUCIANA - FINAL BLOCO B";"importacao_excel";"a_pagar";"2,11"
"862634";"2025-08-25";"Pulverizador , mangueira";"Ferragens Santa Rita";"Santuário - UTC";"importacao_excel";"a_pagar";"126,90"
"862624";"2025-08-25";"Lona Plástica";"Ferragens Santa Rita";"Santuário - UTC";"importacao_excel";"a_pagar";"165,20"
"862635";"2025-08-25";"Pulverizador , mangueira";"Ferragens Santa Rita";"Santuário - UTC";"importacao_excel";"a_pagar";"126,90"
"862680";"2025-08-26";"";"Ferragens Santa Rita";"PALES ";"importacao_excel";"a_pagar";"67,94"
"862679";"2025-08-26";"";"Ferragens Santa Rita";"CASA DO PEQUENO";"importacao_excel";"a_pagar";"108,00"
"862645";"2025-08-26";"";"Ferragens Santa Rita";"CASA DO PEQUENO";"importacao_excel";"a_pagar";"192,00"
"862647";"2025-08-26";"";"Ferragens Santa Rita";"CASA DO PEQUENO";"importacao_excel";"a_pagar";"350,00"
"862648";"2025-08-26";"";"Ferragens Santa Rita";"Hotel Qiu 2 - Fase 3";"importacao_excel";"a_pagar";"214,40"
"862650";"2025-08-26";"";"Ferragens Santa Rita";"Santuário - Praça Asa Sul";"importacao_excel";"a_pagar";"21,20"
"862651";"2025-08-26";"";"Ferragens Santa Rita";"PALES ";"importacao_excel";"a_pagar";"108,00"
"862652";"2025-08-26";"";"Ferragens Santa Rita";"Santuário - Praça Asa Sul";"importacao_excel";"a_pagar";"21,20"
"862653";"2025-08-26";"";"Ferragens Santa Rita";"POS OBRA";"importacao_excel";"a_pagar";"54,00"
"862642";"2025-08-26";"";"Ferragens Santa Rita";"LUCIANA - FINAL BLOCO B";"importacao_excel";"a_pagar";"79,00"
"862658";"2025-08-26";"";"Ferragens Santa Rita";"Luciana - Residencial Multifamiliar - Etapa Final";"importacao_excel";"a_pagar";"140,00"
"862644";"2025-08-26";"";"Ferragens Santa Rita";"Hotel Qiu 2 - Fase 3";"importacao_excel";"a_pagar";"214,40"
"862646";"2025-08-26";"";"Ferragens Santa Rita";"CASA DO PEQUENO";"importacao_excel";"a_pagar";"214,40"
"862678";"2025-08-26";"";"Ferragens Santa Rita";"CASA DO PEQUENO";"importacao_excel";"a_pagar";"214,40"
"862677";"2025-08-26";"";"Ferragens Santa Rita";"PALES ";"importacao_excel";"a_pagar";"273,40"
"862649";"2025-08-26";"Contrato: Instalações hidráulicas, elétricas e PCI - 96 - Medição: 4";"Retenção Técnica - Promatel";"Hotel Qiu 2 - Fase 3";"importacao_excel";"a_pagar";"4868,22"
"862660";"2025-08-26";"";"Ferragens Santa Rita";"CASA DO PEQUENO";"importacao_excel";"a_pagar";"17,66"
"862659";"2025-08-26";"";"Ferragens Santa Rita";"LUCIANA - FINAL BLOCO B";"importacao_excel";"a_pagar";"79,00"
"862643";"2025-08-26";"";"Ferragens Santa Rita";"LUCIANA - FINAL BLOCO B";"importacao_excel";"a_pagar";"163,76"
"862657";"2025-08-26";"";"Ferragens Santa Rita";"Hotel Qiu 2 - Fase 3";"importacao_excel";"a_pagar";"648,00"
"862661";"2025-08-26";"";"Ferragens Santa Rita";"CASA DO PEQUENO";"importacao_excel";"a_pagar";"471,96"
"862656";"2025-08-26";"";"Ferragens Santa Rita";"CASA DO PEQUENO";"importacao_excel";"a_pagar";"108,00"
"862655";"2025-08-26";"";"Ferragens Santa Rita";"PALES ";"importacao_excel";"a_pagar";"67,94"
"862662";"2025-08-26";"";"Ferragens Santa Rita";"LUCIANA - FINAL BLOCO B";"importacao_excel";"a_pagar";"163,76"
"862687";"2025-08-26";"";"Ferragens Santa Rita";"CASA DO PEQUENO";"importacao_excel";"a_pagar";"214,40"
"862686";"2025-08-26";"";"Ferragens Santa Rita";"PALES ";"importacao_excel";"a_pagar";"108,00"
"862688";"2025-08-26";"";"Ferragens Santa Rita";"CASA DO PEQUENO";"importacao_excel";"a_pagar";"350,00"
"862689";"2025-08-26";"";"Ferragens Santa Rita";"POS OBRA";"importacao_excel";"a_pagar";"54,00"
"862690";"2025-08-26";"";"Ferragens Santa Rita";"CASA DO PEQUENO";"importacao_excel";"a_pagar";"192,00"
"862691";"2025-08-26";"";"Ferragens Santa Rita";"CASA DO PEQUENO";"importacao_excel";"a_pagar";"214,40"
"862692";"2025-08-26";"";"Ferragens Santa Rita";"CASA DO PEQUENO";"importacao_excel";"a_pagar";"3,18"
"862663";"2025-08-26";"";"Ferragens Santa Rita";"CASA DO PEQUENO";"importacao_excel";"a_pagar";"41,04"
"862664";"2025-08-26";"";"Ferragens Santa Rita";"Hotel Qiu 2 - Fase 3";"importacao_excel";"a_pagar";"214,40"
"862665";"2025-08-26";"";"Ferragens Santa Rita";"PALES ";"importacao_excel";"a_pagar";"273,40"
"862666";"2025-08-26";"";"Ferragens Santa Rita";"CASA DO PEQUENO";"importacao_excel";"a_pagar";"214,40"
"862667";"2025-08-26";"";"Ferragens Santa Rita";"CASA DO PEQUENO";"importacao_excel";"a_pagar";"3,18"
"862668";"2025-08-26";"";"Ferragens Santa Rita";"CASA DO PEQUENO";"importacao_excel";"a_pagar";"192,00"
"862669";"2025-08-26";"";"Ferragens Santa Rita";"CASA DO PEQUENO";"importacao_excel";"a_pagar";"41,04"
"862670";"2025-08-26";"";"Ferragens Santa Rita";"CASA DO PEQUENO";"importacao_excel";"a_pagar";"471,96"
"862685";"2025-08-26";"";"Ferragens Santa Rita";"CASA DO PEQUENO";"importacao_excel";"a_pagar";"192,00"
"862684";"2025-08-26";"";"Ferragens Santa Rita";"CASA DO PEQUENO";"importacao_excel";"a_pagar";"214,40"
"862683";"2025-08-26";"";"Ferragens Santa Rita";"Santuário - UTC";"importacao_excel";"a_pagar";"161,22"
"862671";"2025-08-26";"";"Ferragens Santa Rita";"CASA DO PEQUENO";"importacao_excel";"a_pagar";"17,66"
"862672";"2025-08-26";"";"Ferragens Santa Rita";"PALES ";"importacao_excel";"a_pagar";"108,00"
"862673";"2025-08-26";"";"Ferragens Santa Rita";"Luciana - Residencial Multifamiliar - Etapa Final";"importacao_excel";"a_pagar";"140,00"
"862674";"2025-08-26";"";"Ferragens Santa Rita";"Santuário - UTC";"importacao_excel";"a_pagar";"161,22"
"862675";"2025-08-26";"";"Ferragens Santa Rita";"Hotel Qiu 2 - Fase 3";"importacao_excel";"a_pagar";"648,00"
"862676";"2025-08-26";"";"Ferragens Santa Rita";"PALES ";"importacao_excel";"a_pagar";"54,00"
"862682";"2025-08-26";"";"Ferragens Santa Rita";"PALES ";"importacao_excel";"a_pagar";"54,00"
"862654";"2025-08-26";"";"Ferragens Santa Rita";"Hotel Qiu 2 - Fase 3";"importacao_excel";"a_pagar";"214,40"
"862681";"2025-08-26";"";"Ferragens Santa Rita";"PALES ";"importacao_excel";"a_pagar";"108,00"
"862693";"2025-08-27";"";"Ferragens Santa Rita";"CASA DO PEQUENO";"importacao_excel";"a_pagar";"525,54"
"862694";"2025-08-27";"";"Ferragens Santa Rita";"Hotel Qiu 2 - Fase 3";"importacao_excel";"a_pagar";"182,42"
"862695";"2025-08-27";"";"Ferragens Santa Rita";"CASA DO PEQUENO";"importacao_excel";"a_pagar";"83,20"
"862697";"2025-08-27";"";"Ferragens Santa Rita";"Hotel Qiu 2 - Fase 3";"importacao_excel";"a_pagar";"214,40"
"862698";"2025-08-27";"";"Ferragens Santa Rita";"CASA DO PEQUENO";"importacao_excel";"a_pagar";"83,20"
"862699";"2025-08-27";"baterdor de argamassa";"Ferragens Santa Rita";"Hotel Qiu 2 - Fase 3";"importacao_excel";"a_pagar";"15,40"
"862700";"2025-08-27";"";"Ferragens Santa Rita";"CASA DO PEQUENO";"importacao_excel";"a_pagar";"100,70"
"862701";"2025-08-27";"";"Ferragens Santa Rita";"CASA DO PEQUENO";"importacao_excel";"a_pagar";"560,00"
"862702";"2025-08-27";"baterdor de argamassa";"Ferragens Santa Rita";"Hotel Qiu 2 - Fase 3";"importacao_excel";"a_pagar";"15,40"
"862703";"2025-08-27";"";"Ferragens Santa Rita";"Hotel Qiu 2 - Fase 3";"importacao_excel";"a_pagar";"182,42"
"862705";"2025-08-27";"";"Ferragens Santa Rita";"CASA DO PEQUENO";"importacao_excel";"a_pagar";"0,88"
"862706";"2025-08-27";"";"Ferragens Santa Rita";"Hotel Qiu 2 - Fase 3";"importacao_excel";"a_pagar";"214,40"
"862707";"2025-08-27";"";"Ferragens Santa Rita";"CASA DO PEQUENO";"importacao_excel";"a_pagar";"12,30"
"862708";"2025-08-27";"";"Ferragens Santa Rita";"CASA DO PEQUENO";"importacao_excel";"a_pagar";"0,88"
"862709";"2025-08-27";"";"Ferragens Santa Rita";"CASA DO PEQUENO";"importacao_excel";"a_pagar";"12,30"
"862710";"2025-08-27";"";"Ferragens Santa Rita";"CASA DO PEQUENO";"importacao_excel";"a_pagar";"3,99"
"862711";"2025-08-27";"";"Ferragens Santa Rita";"CASA DO PEQUENO";"importacao_excel";"a_pagar";"107,20"
"862712";"2025-08-27";"";"Ferragens Santa Rita";"CASA DO PEQUENO";"importacao_excel";"a_pagar";"560,00"
"862704";"2025-08-27";"Medição - Jul/2025";"Retenção Técnica - Jaziel - Santana e Azevedo";"Hotel Qiu 2 - Fase 3";"importacao_excel";"a_pagar";"1022,58"
"862721";"2025-08-27";"";"Ferragens Santa Rita";"CASA DO PEQUENO";"importacao_excel";"a_pagar";"3,80"
"862720";"2025-08-27";"";"Ferragens Santa Rita";"CASA DO PEQUENO";"importacao_excel";"a_pagar";"3,99"
"862719";"2025-08-27";"";"Ferragens Santa Rita";"CASA DO PEQUENO";"importacao_excel";"a_pagar";"16,98"
"862718";"2025-08-27";"";"Ferragens Santa Rita";"CASA DO PEQUENO";"importacao_excel";"a_pagar";"107,20"
"862717";"2025-08-27";"";"Ferragens Santa Rita";"CASA DO PEQUENO";"importacao_excel";"a_pagar";"144,94"
"862716";"2025-08-27";"";"Ferragens Santa Rita";"CASA DO PEQUENO";"importacao_excel";"a_pagar";"100,70"
"862715";"2025-08-27";"";"Ferragens Santa Rita";"CASA DO PEQUENO";"importacao_excel";"a_pagar";"16,98"
"862714";"2025-08-27";"";"Ferragens Santa Rita";"CASA DO PEQUENO";"importacao_excel";"a_pagar";"525,54"
"862713";"2025-08-27";"";"Ferragens Santa Rita";"CASA DO PEQUENO";"importacao_excel";"a_pagar";"144,94"
"862696";"2025-08-27";"";"Ferragens Santa Rita";"CASA DO PEQUENO";"importacao_excel";"a_pagar";"3,80"
"862722";"2025-08-28";"Contrato: Pintura Base GLP - 153 - Medição: 1";"Retenção Técnica - Uberlândia Pinte";"Chlorum - Bases Pipe";"importacao_excel";"a_pagar";"65,00"
"862724";"2025-08-28";"Contrato: D1 - Abrigo Gás C4  - 152 - Medição: 1";"Retenção Técnica - Uberlândia Pinte";"Chlorum Solutions - Uberlândia";"importacao_excel";"a_pagar";"115,00"
"862726";"2025-08-28";"";"Ferragens Santa Rita";"Hotel Qiu 2 - Fase 3";"importacao_excel";"a_pagar";"214,40"
"862727";"2025-08-28";"Contrato: Pintura interna do C4 - 119 - Medição: 2";"Retenção Técnica - Uberlândia Pinte";"Chlorum Solutions - Uberlândia";"importacao_excel";"a_pagar";"187,50"
"862723";"2025-08-28";"Contrato: Elétrica - 106 - Medição: 2";"Retenção Técnica - Márcio Eletricista";"LUCIANA - FINAL BLOCO B";"importacao_excel";"a_pagar";"50,00"
"862725";"2025-08-28";"";"Ferragens Santa Rita";"Hotel Qiu 2 - Fase 3";"importacao_excel";"a_pagar";"214,40"
"862728";"2025-08-29";"BM - 02";"Retenção Técnica - Souza Pisos Industriais";"Santuário - UTC";"importacao_excel";"a_pagar";"596,80"
"862729";"2025-08-29";"Contrato: Assentamento de piso e revestimento  - 154 - Medição: 1";"Retenção Técnica - Rodrigo Uberlândia";"Chlorum Solutions - Uberlândia";"importacao_excel";"a_pagar";"490,00"
"862730";"2025-08-31";"Contrato: Cobertura Metálica - 82 - Medição: 5";"Retenção Técnica - Jaime - Montqualy";"Santuário - UTC";"importacao_excel";"a_pagar";"5000,00"
"862816";"2025-09-01";"espaçador nivelador cortag 1mm";"Coimbra";"Hotel Qiu 2 - Fase 3";"importacao_excel";"a_pagar";"55,46"
"862809";"2025-09-01";"espaçadores e Cunha para piso";"Coimbra";"Hotel Qiu 2 - Fase 3";"importacao_excel";"a_pagar";"99,41"
"862810";"2025-09-01";"Piso Mezanino";"Coimbra";"Hotel Qiu 2 - Fase 3";"importacao_excel";"a_pagar";"4454,91"
"862811";"2025-09-01";"Canaletas cerâmicas";"Coimbra";"LUCIANA - FINAL BLOCO B";"importacao_excel";"a_pagar";"168,30"
"862812";"2025-09-01";"Blocos Ceramicos";"Coimbra";"LUCIANA - FINAL BLOCO B";"importacao_excel";"a_pagar";"1282,52"
"862813";"2025-09-01";"Blocos Ceramicos";"Coimbra";"LUCIANA - FINAL BLOCO B";"importacao_excel";"a_pagar";"112,05"
"862814";"2025-09-01";"Blocos Ceramicos";"Coimbra";"LUCIANA - FINAL BLOCO B";"importacao_excel";"a_pagar";"65,33"
"862798";"2025-09-01";"Blocos Ceramicos";"Coimbra";"LUCIANA - FINAL BLOCO B";"importacao_excel";"a_pagar";"112,05"
"862815";"2025-09-01";"espaçadores e cunha nilvelador piso";"Coimbra";"Hotel Qiu 2 - Fase 3";"importacao_excel";"a_pagar";"87,89"
"862797";"2025-09-01";"Blocos Ceramicos";"Coimbra";"LUCIANA - FINAL BLOCO B";"importacao_excel";"a_pagar";"65,33"
"862817";"2025-09-01";"graute";"Coimbra";"Hotel Qiu 2 - Fase 3";"importacao_excel";"a_pagar";"147,99"
"862818";"2025-09-01";"Bisnagas PU";"Coimbra";"Hotel Qiu 2 - Fase 3";"importacao_excel";"a_pagar";"474,00"
"862819";"2025-09-01";"Blocos Ceramicos";"Coimbra";"LUCIANA - FINAL BLOCO B";"importacao_excel";"a_pagar";"112,05"
"862820";"2025-09-01";"Blocos Ceramicos";"Coimbra";"LUCIANA - FINAL BLOCO B";"importacao_excel";"a_pagar";"65,33"
"862821";"2025-09-01";"Canaletas cerâmicas";"Coimbra";"LUCIANA - FINAL BLOCO B";"importacao_excel";"a_pagar";"168,30"
"862822";"2025-09-01";"Canaletas cerâmicas";"Coimbra";"LUCIANA - FINAL BLOCO B";"importacao_excel";"a_pagar";"168,30"
"862823";"2025-09-01";"";"Himasa";"Car Sanitários";"importacao_excel";"a_pagar";"66,22"
"862830";"2025-09-01";"";"Himasa";"Car Sanitários";"importacao_excel";"a_pagar";"314,14"
"862831";"2025-09-01";"";"Himasa";"Car Sanitários";"importacao_excel";"a_pagar";"22,95"
"862832";"2025-09-01";"espaçadores e cunha nilvelador piso";"Coimbra";"Hotel Qiu 2 - Fase 3";"importacao_excel";"a_pagar";"87,89"
"862833";"2025-09-01";"";"Himasa";"Car Sanitários";"importacao_excel";"a_pagar";"52,60"
"862834";"2025-09-01";"";"Himasa";"Car Sanitários";"importacao_excel";"a_pagar";"3,69"
"862835";"2025-09-01";"";"Himasa";"Car Sanitários";"importacao_excel";"a_pagar";"156,04"
"862836";"2025-09-01";"";"Himasa";"Car Sanitários";"importacao_excel";"a_pagar";"48,78"
"862778";"2025-09-01";"espaçadores e cunha nilvelador piso";"Coimbra";"Hotel Qiu 2 - Fase 3";"importacao_excel";"a_pagar";"87,89"
"862779";"2025-09-01";"Graute";"Coimbra";"Hotel Qiu 2 - Fase 3";"importacao_excel";"a_pagar";"147,99"
"862803";"2025-09-01";"Contrato: Assentamento de bloquete e regularização - 127 - Medição: 1";"Retenção Técnica - Agostinho";"Santuário - Praça Asa Sul";"importacao_excel";"a_pagar";"175,75"
"862789";"2025-09-01";"espaçadores e cunha nilvelador piso";"Coimbra";"Hotel Qiu 2 - Fase 3";"importacao_excel";"a_pagar";"87,89"
"862796";"2025-09-01";"espaçadores e cunha nilvelador piso";"Coimbra";"Hotel Qiu 2 - Fase 3";"importacao_excel";"a_pagar";"87,89"
"862795";"2025-09-01";"";"Himasa";"Car Sanitários";"importacao_excel";"a_pagar";"30,01"
"862794";"2025-09-01";"Bisnagas PU";"Coimbra";"Hotel Qiu 2 - Fase 3";"importacao_excel";"a_pagar";"474,00"
"862793";"2025-09-01";"Kit Bacia Deca Ravena Branca";"Coimbra";"Chlorum Solutions - Uberlândia";"importacao_excel";"a_pagar";"99,07"
"862792";"2025-09-01";"Piso Mezanino";"Coimbra";"Hotel Qiu 2 - Fase 3";"importacao_excel";"a_pagar";"4461,05"
"862777";"2025-09-01";"espaçadores e Cunha para piso";"Coimbra";"Hotel Qiu 2 - Fase 3";"importacao_excel";"a_pagar";"99,41"
"862776";"2025-09-01";"Kit Bacia Deca Ravena Branca";"Coimbra";"Chlorum Solutions - Uberlândia";"importacao_excel";"a_pagar";"99,07"
"862775";"2025-09-01";"Canaletas cerâmicas";"Coimbra";"LUCIANA - FINAL BLOCO B";"importacao_excel";"a_pagar";"168,30"
"862774";"2025-09-01";"Blocos Ceramicos";"Coimbra";"LUCIANA - FINAL BLOCO B";"importacao_excel";"a_pagar";"65,33"
"862773";"2025-09-01";"espaçadores e Cunha para piso";"Coimbra";"Hotel Qiu 2 - Fase 3";"importacao_excel";"a_pagar";"99,41"
"862772";"2025-09-01";"";"Himasa";"Car Sanitários";"importacao_excel";"a_pagar";"226,28"
"862771";"2025-09-01";"Blocos Ceramicos";"Coimbra";"LUCIANA - FINAL BLOCO B";"importacao_excel";"a_pagar";"112,05"
"862770";"2025-09-01";"Blocos Ceramicos";"Coimbra";"LUCIANA - FINAL BLOCO B";"importacao_excel";"a_pagar";"1282,52"
"862769";"2025-09-01";"Rejunte cinza perola";"Coimbra";"Hotel Qiu 2 - Fase 3";"importacao_excel";"a_pagar";"461,60"
"862768";"2025-09-01";"Rejunte cinza perola";"Coimbra";"Hotel Qiu 2 - Fase 3";"importacao_excel";"a_pagar";"461,60"
"862767";"2025-09-01";"Rejunte cinza perola";"Coimbra";"Hotel Qiu 2 - Fase 3";"importacao_excel";"a_pagar";"461,60"
"862766";"2025-09-01";"Graute";"Coimbra";"Hotel Qiu 2 - Fase 3";"importacao_excel";"a_pagar";"147,99"
"862765";"2025-09-01";"Rejunte cinza perola";"Coimbra";"Hotel Qiu 2 - Fase 3";"importacao_excel";"a_pagar";"461,60"
"862764";"2025-09-01";"espaçadores e Cunha para piso";"Coimbra";"Hotel Qiu 2 - Fase 3";"importacao_excel";"a_pagar";"99,41"
"862763";"2025-09-01";"Rejunte cinza perola";"Coimbra";"Hotel Qiu 2 - Fase 3";"importacao_excel";"a_pagar";"461,60"
"862762";"2025-09-01";"Kit Bacia Deca Ravena Branca";"Coimbra";"Chlorum Solutions - Uberlândia";"importacao_excel";"a_pagar";"99,07"
"862761";"2025-09-01";"Piso Mezanino";"Coimbra";"Hotel Qiu 2 - Fase 3";"importacao_excel";"a_pagar";"5664,64"
"862760";"2025-09-01";"Blocos Ceramicos";"Coimbra";"LUCIANA - FINAL BLOCO B";"importacao_excel";"a_pagar";"1282,52"
"862759";"2025-09-01";"graute";"Coimbra";"Hotel Qiu 2 - Fase 3";"importacao_excel";"a_pagar";"147,99"
"862758";"2025-09-01";"Graute";"Coimbra";"Hotel Qiu 2 - Fase 3";"importacao_excel";"a_pagar";"147,99"
"862757";"2025-09-01";"Piso Mezanino";"Coimbra";"Hotel Qiu 2 - Fase 3";"importacao_excel";"a_pagar";"5664,64"
"862756";"2025-09-01";"Graute";"Coimbra";"Hotel Qiu 2 - Fase 3";"importacao_excel";"a_pagar";"147,99"
"862755";"2025-09-01";"espaçador nivelador cortag 1mm";"Coimbra";"Hotel Qiu 2 - Fase 3";"importacao_excel";"a_pagar";"55,46"
"862754";"2025-09-01";"graute";"Coimbra";"Hotel Qiu 2 - Fase 3";"importacao_excel";"a_pagar";"147,99"
"862829";"2025-09-01";"";"Himasa";"Car Sanitários";"importacao_excel";"a_pagar";"36,50"
"862828";"2025-09-01";"espaçadores e cunha nilvelador piso";"Coimbra";"Hotel Qiu 2 - Fase 3";"importacao_excel";"a_pagar";"87,89"
"862827";"2025-09-01";"";"Himasa";"Car Sanitários";"importacao_excel";"a_pagar";"41,12"
"862826";"2025-09-01";"";"Himasa";"Car Sanitários";"importacao_excel";"a_pagar";"100,80"
"862753";"2025-09-01";"Bisnagas PU";"Coimbra";"Hotel Qiu 2 - Fase 3";"importacao_excel";"a_pagar";"474,00"
"862752";"2025-09-01";"Graute";"Coimbra";"Hotel Qiu 2 - Fase 3";"importacao_excel";"a_pagar";"147,99"
"862825";"2025-09-01";"";"Himasa";"Car Sanitários";"importacao_excel";"a_pagar";"1954,00"
"862824";"2025-09-01";"espaçador nivelador cortag 1mm";"Coimbra";"Hotel Qiu 2 - Fase 3";"importacao_excel";"a_pagar";"55,46"
"862751";"2025-09-01";"graute";"Coimbra";"Hotel Qiu 2 - Fase 3";"importacao_excel";"a_pagar";"147,99"
"862805";"2025-09-01";"Kit Bacia Deca Ravena Branca";"Coimbra";"Chlorum Solutions - Uberlândia";"importacao_excel";"a_pagar";"99,07"
"862804";"2025-09-01";"Canaletas cerâmicas";"Coimbra";"LUCIANA - FINAL BLOCO B";"importacao_excel";"a_pagar";"168,30"
"862788";"2025-09-01";"espaçador nivelador cortag 1mm";"Coimbra";"Hotel Qiu 2 - Fase 3";"importacao_excel";"a_pagar";"55,46"
"862787";"2025-09-01";"Kit Bacia Deca Ravena Branca";"Coimbra";"Chlorum Solutions - Uberlândia";"importacao_excel";"a_pagar";"99,07"
"862786";"2025-09-01";"Piso Mezanino";"Coimbra";"Hotel Qiu 2 - Fase 3";"importacao_excel";"a_pagar";"5664,64"
"862785";"2025-09-01";"graute";"Coimbra";"Hotel Qiu 2 - Fase 3";"importacao_excel";"a_pagar";"147,99"
"862784";"2025-09-01";"Graute";"Coimbra";"Hotel Qiu 2 - Fase 3";"importacao_excel";"a_pagar";"147,99"
"862783";"2025-09-01";"Bisnagas PU";"Coimbra";"Hotel Qiu 2 - Fase 3";"importacao_excel";"a_pagar";"474,00"
"862782";"2025-09-01";"Bisnagas PU";"Coimbra";"Hotel Qiu 2 - Fase 3";"importacao_excel";"a_pagar";"474,00"
"862781";"2025-09-01";"graute";"Coimbra";"Hotel Qiu 2 - Fase 3";"importacao_excel";"a_pagar";"147,99"
"862780";"2025-09-01";"espaçador nivelador cortag 1mm";"Coimbra";"Hotel Qiu 2 - Fase 3";"importacao_excel";"a_pagar";"55,46"
"862750";"2025-09-01";"Bisnagas PU";"Coimbra";"Hotel Qiu 2 - Fase 3";"importacao_excel";"a_pagar";"474,00"
"862749";"2025-09-01";"Kit Bacia Deca Ravena Branca";"Coimbra";"Chlorum Solutions - Uberlândia";"importacao_excel";"a_pagar";"99,07"
"862748";"2025-09-01";"Blocos Ceramicos";"Coimbra";"LUCIANA - FINAL BLOCO B";"importacao_excel";"a_pagar";"65,33"
"862747";"2025-09-01";"Blocos Ceramicos";"Coimbra";"LUCIANA - FINAL BLOCO B";"importacao_excel";"a_pagar";"112,05"
"862746";"2025-09-01";"Blocos Ceramicos";"Coimbra";"LUCIANA - FINAL BLOCO B";"importacao_excel";"a_pagar";"112,05"
"862745";"2025-09-01";"Rejunte cinza perola";"Coimbra";"Hotel Qiu 2 - Fase 3";"importacao_excel";"a_pagar";"461,60"
"862744";"2025-09-01";"Blocos Ceramicos";"Coimbra";"LUCIANA - FINAL BLOCO B";"importacao_excel";"a_pagar";"1282,52"
"862743";"2025-09-01";"Blocos Ceramicos";"Coimbra";"LUCIANA - FINAL BLOCO B";"importacao_excel";"a_pagar";"112,05"
"862742";"2025-09-01";"Blocos Ceramicos";"Coimbra";"LUCIANA - FINAL BLOCO B";"importacao_excel";"a_pagar";"65,33"
"862741";"2025-09-01";"Blocos Ceramicos";"Coimbra";"LUCIANA - FINAL BLOCO B";"importacao_excel";"a_pagar";"65,33"
"862740";"2025-09-01";"Canaletas cerâmicas";"Coimbra";"LUCIANA - FINAL BLOCO B";"importacao_excel";"a_pagar";"168,30"
"862739";"2025-09-01";"espaçadores e cunha nilvelador piso";"Coimbra";"Hotel Qiu 2 - Fase 3";"importacao_excel";"a_pagar";"87,89"
"862738";"2025-09-01";"espaçador nivelador cortag 1mm";"Coimbra";"Hotel Qiu 2 - Fase 3";"importacao_excel";"a_pagar";"55,46"
"862737";"2025-09-01";"graute";"Coimbra";"Hotel Qiu 2 - Fase 3";"importacao_excel";"a_pagar";"147,99"
"862736";"2025-09-01";"Bisnagas PU";"Coimbra";"Hotel Qiu 2 - Fase 3";"importacao_excel";"a_pagar";"474,00"
"862735";"2025-09-01";"Piso Mezanino";"Coimbra";"Hotel Qiu 2 - Fase 3";"importacao_excel";"a_pagar";"4454,91"
"862734";"2025-09-01";"Graute";"Coimbra";"Hotel Qiu 2 - Fase 3";"importacao_excel";"a_pagar";"147,99"
"862733";"2025-09-01";"Kit Bacia Deca Ravena Branca";"Coimbra";"Chlorum Solutions - Uberlândia";"importacao_excel";"a_pagar";"99,07"
"862732";"2025-09-01";"espaçadores e Cunha para piso";"Coimbra";"Hotel Qiu 2 - Fase 3";"importacao_excel";"a_pagar";"99,41"
"862731";"2025-09-01";"Blocos Ceramicos";"Coimbra";"LUCIANA - FINAL BLOCO B";"importacao_excel";"a_pagar";"1282,52"
"862791";"2025-09-01";"Canaletas cerâmicas";"Coimbra";"LUCIANA - FINAL BLOCO B";"importacao_excel";"a_pagar";"168,30"
"862790";"2025-09-01";"espaçadores e Cunha para piso";"Coimbra";"Hotel Qiu 2 - Fase 3";"importacao_excel";"a_pagar";"99,41"
"862799";"2025-09-01";"Blocos Ceramicos";"Coimbra";"LUCIANA - FINAL BLOCO B";"importacao_excel";"a_pagar";"1282,52"
"862800";"2025-09-01";"Blocos Ceramicos";"Coimbra";"LUCIANA - FINAL BLOCO B";"importacao_excel";"a_pagar";"1282,52"
"862801";"2025-09-01";"Piso Mezanino";"Coimbra";"Hotel Qiu 2 - Fase 3";"importacao_excel";"a_pagar";"4454,91"
"862802";"2025-09-01";"";"Himasa";"Car Sanitários";"importacao_excel";"a_pagar";"2,06"
"862806";"2025-09-01";"espaçador nivelador cortag 1mm";"Coimbra";"Hotel Qiu 2 - Fase 3";"importacao_excel";"a_pagar";"55,46"
"862807";"2025-09-01";"espaçadores e Cunha para piso";"Coimbra";"Hotel Qiu 2 - Fase 3";"importacao_excel";"a_pagar";"99,41"
"862808";"2025-09-01";"Rejunte cinza perola";"Coimbra";"Hotel Qiu 2 - Fase 3";"importacao_excel";"a_pagar";"461,60"
"862840";"2025-09-02";"Medição - Ago/2025";"Retenção Técnica - Metal Rico";"PALES ";"importacao_excel";"a_pagar";"176,26"
"862841";"2025-09-02";"Medição - Ago/2025";"Retenção Técnica - Metal Rico";"PALES ";"importacao_excel";"a_pagar";"1,44"
"862839";"2025-09-02";"Medição - Ago/2025";"Retenção Técnica - Metal Rico";"PALES ";"importacao_excel";"a_pagar";"160,45"
"862838";"2025-09-02";"Medição - Ago/2025";"Retenção Técnica - Metal Rico";"PALES ";"importacao_excel";"a_pagar";"1,44"
"862837";"2025-09-02";"Medição - Ago/2025";"Retenção Técnica - Metal Rico";"PALES ";"importacao_excel";"a_pagar";"30,92"
"862894";"2025-09-03";"Medição - Ago/2025";"Retenção Técnica - RM Ramos";"Hotel Qiu 2 - Fase 3";"importacao_excel";"a_pagar";"557,48"
"862900";"2025-09-03";"";"Coimbra";"CASA DO PEQUENO";"importacao_excel";"a_pagar";"257,04"
"862870";"2025-09-03";"Medição - Ago/2025";"Retenção Técnica - RF Gesso";"Hotel Qiu 2 - Fase 3";"importacao_excel";"a_pagar";"3986,87"
"862863";"2025-09-03";"Medição - Ago/2025";"Retenção Técnica - GAHS";"Hotel Qiu 2 - Fase 3";"importacao_excel";"a_pagar";"581,62"
"862899";"2025-09-03";"";"Coimbra";"Santuário - Praça Asa Sul";"importacao_excel";"a_pagar";"16,56"
"862896";"2025-09-03";"";"Ferragens Santa Rita";"CASA DO PEQUENO";"importacao_excel";"a_pagar";"56,60"
"862895";"2025-09-03";"VISUALIZAR CAMPO DE OBSERVAÇÃO";"Coimbra";"CASA DO PEQUENO";"importacao_excel";"a_pagar";"142,80"
"862893";"2025-09-03";"VISUALIZAR CAMPO DE OBSERVAÇÃO";"Coimbra";"CASA DO PEQUENO";"importacao_excel";"a_pagar";"142,80"
"862892";"2025-09-03";"";"Coimbra";"Santuário - Praça Asa Sul";"importacao_excel";"a_pagar";"20,57"
"862889";"2025-09-03";"";"Coimbra";"CASA DO PEQUENO";"importacao_excel";"a_pagar";"30,56"
"862888";"2025-09-03";"";"Coimbra";"PALES ";"importacao_excel";"a_pagar";"39,13"
"862887";"2025-09-03";"";"Coimbra";"Santuário - Praça Asa Sul";"importacao_excel";"a_pagar";"20,57"
"862886";"2025-09-03";"";"Coimbra";"CASA DO PEQUENO";"importacao_excel";"a_pagar";"524,25"
"862885";"2025-09-03";"";"Coimbra";"Santuário - Praça Asa Sul";"importacao_excel";"a_pagar";"20,57"
"862880";"2025-09-03";"";"Coimbra";"CASA DO PEQUENO";"importacao_excel";"a_pagar";"524,25"
"862879";"2025-09-03";"";"Coimbra";"CASA DO PEQUENO";"importacao_excel";"a_pagar";"524,25"
"862878";"2025-09-03";"";"Coimbra";"Santuário - Praça Asa Sul";"importacao_excel";"a_pagar";"16,56"
"862891";"2025-09-03";"Medição - Ago/2025";"Jerryaliton Augusto Bezerra";"Hotel Qiu 2 - Fase 3";"importacao_excel";"a_pagar";"283,25"
"862877";"2025-09-03";"";"Coimbra";"CASA DO PEQUENO";"importacao_excel";"a_pagar";"257,04"
"862846";"2025-09-03";"";"Coimbra";"PALES ";"importacao_excel";"a_pagar";"39,13"
"862845";"2025-09-03";"";"Coimbra";"Santuário - Praça Asa Sul";"importacao_excel";"a_pagar";"16,56"
"862844";"2025-09-03";"";"Coimbra";"PALES ";"importacao_excel";"a_pagar";"39,13"
"862876";"2025-09-03";"";"Ferragens Santa Rita";"CASA DO PEQUENO";"importacao_excel";"a_pagar";"56,60"
"862875";"2025-09-03";"VISUALIZAR CAMPO DE OBSERVAÇÃO";"Coimbra";"CASA DO PEQUENO";"importacao_excel";"a_pagar";"142,80"
"862874";"2025-09-03";"";"Coimbra";"Santuário - Praça Asa Sul";"importacao_excel";"a_pagar";"20,57"
"862873";"2025-09-03";"";"Coimbra";"PALES ";"importacao_excel";"a_pagar";"39,13"
"862868";"2025-09-03";"VISUALIZAR CAMPO DE OBSERVAÇÃO";"Coimbra";"CASA DO PEQUENO";"importacao_excel";"a_pagar";"142,80"
"862867";"2025-09-03";"";"Coimbra";"Santuário - Praça Asa Sul";"importacao_excel";"a_pagar";"16,56"
"862866";"2025-09-03";"VISUALIZAR CAMPO DE OBSERVAÇÃO";"Coimbra";"CASA DO PEQUENO";"importacao_excel";"a_pagar";"142,80"
"862865";"2025-09-03";"";"Coimbra";"CASA DO PEQUENO";"importacao_excel";"a_pagar";"30,56"
"862864";"2025-09-03";"";"Coimbra";"CASA DO PEQUENO";"importacao_excel";"a_pagar";"524,25"
"862862";"2025-09-03";"";"Coimbra";"CASA DO PEQUENO";"importacao_excel";"a_pagar";"30,56"
"862861";"2025-09-03";"";"Coimbra";"PALES ";"importacao_excel";"a_pagar";"39,13"
"862860";"2025-09-03";"";"Coimbra";"Santuário - Praça Asa Sul";"importacao_excel";"a_pagar";"20,57"
"862859";"2025-09-03";"";"Coimbra";"Santuário - Praça Asa Sul";"importacao_excel";"a_pagar";"16,56"
"862858";"2025-09-03";"";"Coimbra";"CASA DO PEQUENO";"importacao_excel";"a_pagar";"524,25"
"862857";"2025-09-03";"";"Coimbra";"Santuário - Praça Asa Sul";"importacao_excel";"a_pagar";"20,57"
"862856";"2025-09-03";"VISUALIZAR CAMPO DE OBSERVAÇÃO";"Coimbra";"CASA DO PEQUENO";"importacao_excel";"a_pagar";"142,80"
"862855";"2025-09-03";"";"Coimbra";"CASA DO PEQUENO";"importacao_excel";"a_pagar";"257,04"
"862854";"2025-09-03";"";"Coimbra";"CASA DO PEQUENO";"importacao_excel";"a_pagar";"257,04"
"862897";"2025-09-03";"";"Coimbra";"Santuário - Praça Asa Sul";"importacao_excel";"a_pagar";"20,57"
"862898";"2025-09-03";"";"Coimbra";"CASA DO PEQUENO";"importacao_excel";"a_pagar";"257,04"
"862890";"2025-09-03";"Medição - Ago/2025";"Retenção Técnica - RM Ramos";"Hotel Qiu 2 - Fase 3";"importacao_excel";"a_pagar";"1863,19"
"862853";"2025-09-03";"";"Coimbra";"CASA DO PEQUENO";"importacao_excel";"a_pagar";"524,25"
"862884";"2025-09-03";"";"Coimbra";"PALES ";"importacao_excel";"a_pagar";"39,13"
"862883";"2025-09-03";"";"Coimbra";"PALES ";"importacao_excel";"a_pagar";"39,13"
"862882";"2025-09-03";"VISUALIZAR CAMPO DE OBSERVAÇÃO";"Coimbra";"CASA DO PEQUENO";"importacao_excel";"a_pagar";"142,80"
"862852";"2025-09-03";"";"Coimbra";"Santuário - Praça Asa Sul";"importacao_excel";"a_pagar";"16,56"
"862881";"2025-09-03";"";"Coimbra";"CASA DO PEQUENO";"importacao_excel";"a_pagar";"30,56"
"862872";"2025-09-03";"";"Coimbra";"CASA DO PEQUENO";"importacao_excel";"a_pagar";"30,56"
"862869";"2025-09-03";"";"Coimbra";"CASA DO PEQUENO";"importacao_excel";"a_pagar";"30,56"
"862842";"2025-09-03";"";"Coimbra";"CASA DO PEQUENO";"importacao_excel";"a_pagar";"30,56"
"862843";"2025-09-03";"";"Coimbra";"CASA DO PEQUENO";"importacao_excel";"a_pagar";"524,25"
"862847";"2025-09-03";"";"Coimbra";"Santuário - Praça Asa Sul";"importacao_excel";"a_pagar";"16,56"
"862850";"2025-09-03";"";"Coimbra";"CASA DO PEQUENO";"importacao_excel";"a_pagar";"257,04"
"862851";"2025-09-03";"";"Coimbra";"CASA DO PEQUENO";"importacao_excel";"a_pagar";"257,04"
"862871";"2025-09-03";"Medição - Ago/2025";"Retenção Técnica - Agostinho";"Hotel Qiu 2 - Fase 3";"importacao_excel";"a_pagar";"115,80"
"862848";"2025-09-03";"Medição - Ago/2025";"Retenção Técnica - Isaias - ISF Perfurações";"Hotel Qiu 2 - Fase 3";"importacao_excel";"a_pagar";"492,49"
"862849";"2025-09-03";"Medição - Ago/2025";"Retenção Técnica - Midas Tintas";"Hotel Qiu 2 - Fase 3";"importacao_excel";"a_pagar";"1324,56"
"862902";"2025-09-04";"LOCNOW Retro 01";"HDI Seguros S.A";"";"importacao_excel";"a_pagar";"1152,41"
"862901";"2025-09-04";"LOCNOW Retro 01";"HDI Seguros S.A";"";"importacao_excel";"a_pagar";"1152,41"
"862907";"2025-09-05";"";"J Alves Locação de Andaimes e Equipamentos Ltda";"CASA DO PEQUENO";"importacao_excel";"a_pagar";"171,43"
"862903";"2025-09-05";"";"J Alves Locação de Andaimes e Equipamentos Ltda";"CASA DO PEQUENO";"importacao_excel";"a_pagar";"171,43"
"862906";"2025-09-05";"Medição - Ago/2025";"Retenção Técnica - Paulo Vitor Martins Felipe";"Chlorum Solutions - Uberlândia";"importacao_excel";"a_pagar";"259,50"
"862904";"2025-09-05";"Medição - Ago/2025";"Retenção Técnica - RF Gesso";"CASA DO PEQUENO";"importacao_excel";"a_pagar";"2029,28"
"862905";"2025-09-05";"";"J Alves Locação de Andaimes e Equipamentos Ltda";"CASA DO PEQUENO";"importacao_excel";"a_pagar";"171,43"
"862920";"2025-09-08";"";"J Alves Locação de Andaimes e Equipamentos Ltda";"PALES ";"importacao_excel";"a_pagar";"57,14"
"862919";"2025-09-08";"";"J Alves Locação de Andaimes e Equipamentos Ltda";"CASA DO PEQUENO";"importacao_excel";"a_pagar";"2029,93"
"862908";"2025-09-08";"Conselho regional de engenharia e agronomia de Pernambuco";"Crea - PE";"";"importacao_excel";"a_pagar";"211,36"
"862925";"2025-09-08";"";"J Alves Locação de Andaimes e Equipamentos Ltda";"PALES ";"importacao_excel";"a_pagar";"174,29"
"862918";"2025-09-08";"";"J Alves Locação de Andaimes e Equipamentos Ltda";"Car Sanitários";"importacao_excel";"a_pagar";"34,86"
"862916";"2025-09-08";"";"J Alves Locação de Andaimes e Equipamentos Ltda";"PALES ";"importacao_excel";"a_pagar";"57,14"
"862915";"2025-09-08";"";"J Alves Locação de Andaimes e Equipamentos Ltda";"PALES ";"importacao_excel";"a_pagar";"67,14"
"862914";"2025-09-08";"";"J Alves Locação de Andaimes e Equipamentos Ltda";"Car Sanitários";"importacao_excel";"a_pagar";"34,86"
"862934";"2025-09-08";"";"J Alves Locação de Andaimes e Equipamentos Ltda";"Car Sanitários";"importacao_excel";"a_pagar";"467,86"
"862933";"2025-09-08";"";"J Alves Locação de Andaimes e Equipamentos Ltda";"Car Sanitários";"importacao_excel";"a_pagar";"467,86"
"862930";"2025-09-08";"";"J Alves Locação de Andaimes e Equipamentos Ltda";"CASA DO PEQUENO";"importacao_excel";"a_pagar";"2029,93"
"862909";"2025-09-08";"10m³ areia";"Ferragens Santa Rita";"Hotel Qiu 2 - Fase 3";"importacao_excel";"a_pagar";"214,40"
"862917";"2025-09-08";"10m³ areia";"Ferragens Santa Rita";"Hotel Qiu 2 - Fase 3";"importacao_excel";"a_pagar";"214,40"
"862936";"2025-09-08";"10m³ areia";"Ferragens Santa Rita";"Hotel Qiu 2 - Fase 3";"importacao_excel";"a_pagar";"214,40"
"862932";"2025-09-08";"";"J Alves Locação de Andaimes e Equipamentos Ltda";"PALES ";"importacao_excel";"a_pagar";"174,29"
"862913";"2025-09-08";"";"J Alves Locação de Andaimes e Equipamentos Ltda";"Car Sanitários";"importacao_excel";"a_pagar";"467,86"
"862931";"2025-09-08";"";"J Alves Locação de Andaimes e Equipamentos Ltda";"PALES ";"importacao_excel";"a_pagar";"71,79"
"862912";"2025-09-08";"";"J Alves Locação de Andaimes e Equipamentos Ltda";"PALES ";"importacao_excel";"a_pagar";"71,79"
"862921";"2025-09-08";"";"J Alves Locação de Andaimes e Equipamentos Ltda";"PALES ";"importacao_excel";"a_pagar";"67,14"
"862911";"2025-09-08";"";"J Alves Locação de Andaimes e Equipamentos Ltda";"CASA DO PEQUENO";"importacao_excel";"a_pagar";"2029,93"
"862929";"2025-09-08";"";"J Alves Locação de Andaimes e Equipamentos Ltda";"Santuário - UTC";"importacao_excel";"a_pagar";"127,14"
"862928";"2025-09-08";"";"J Alves Locação de Andaimes e Equipamentos Ltda";"PALES ";"importacao_excel";"a_pagar";"25,71"
"862938";"2025-09-08";"";"J Alves Locação de Andaimes e Equipamentos Ltda";"Santuário - UTC";"importacao_excel";"a_pagar";"127,14"
"862935";"2025-09-08";"";"J Alves Locação de Andaimes e Equipamentos Ltda";"PALES ";"importacao_excel";"a_pagar";"57,14"
"862927";"2025-09-08";"";"J Alves Locação de Andaimes e Equipamentos Ltda";"PALES ";"importacao_excel";"a_pagar";"67,14"
"862937";"2025-09-08";"";"J Alves Locação de Andaimes e Equipamentos Ltda";"PALES ";"importacao_excel";"a_pagar";"25,71"
"862926";"2025-09-08";"";"J Alves Locação de Andaimes e Equipamentos Ltda";"Santuário - UTC";"importacao_excel";"a_pagar";"127,14"
"862910";"2025-09-08";"";"J Alves Locação de Andaimes e Equipamentos Ltda";"PALES ";"importacao_excel";"a_pagar";"174,29"
"862924";"2025-09-08";"";"J Alves Locação de Andaimes e Equipamentos Ltda";"PALES ";"importacao_excel";"a_pagar";"25,71"
"862922";"2025-09-08";"";"J Alves Locação de Andaimes e Equipamentos Ltda";"Car Sanitários";"importacao_excel";"a_pagar";"34,86"
"862923";"2025-09-08";"";"J Alves Locação de Andaimes e Equipamentos Ltda";"PALES ";"importacao_excel";"a_pagar";"71,79"
"862944";"2025-09-09";"";"J Alves Locação de Andaimes e Equipamentos Ltda";"LUCIANA - FINAL BLOCO B";"importacao_excel";"a_pagar";"303,14"
"862946";"2025-09-09";"Materiais diversos";"Ferragens Santa Rita";"LUCIANA - FINAL BLOCO B";"importacao_excel";"a_pagar";"55,88"
"862966";"2025-09-09";"";"Casa dos Vidros";"CASA DO PEQUENO";"importacao_excel";"a_pagar";"132,50"
"862967";"2025-09-09";"";"Casa dos Vidros";"CASA DO PEQUENO";"importacao_excel";"a_pagar";"52,50"
"862968";"2025-09-09";"";"Casa dos Vidros";"CASA DO PEQUENO";"importacao_excel";"a_pagar";"30,00"
"862969";"2025-09-09";"";"Casa dos Vidros";"CASA DO PEQUENO";"importacao_excel";"a_pagar";"30,00"
"862970";"2025-09-09";"";"Casa dos Vidros";"CASA DO PEQUENO";"importacao_excel";"a_pagar";"60,00"
"862971";"2025-09-09";"";"Casa dos Vidros";"CASA DO PEQUENO";"importacao_excel";"a_pagar";"105,00"
"862950";"2025-09-09";"";"Casa dos Vidros";"CASA DO PEQUENO";"importacao_excel";"a_pagar";"112,50"
"862949";"2025-09-09";"Materiais diversos";"Ferragens Santa Rita";"LUCIANA - FINAL BLOCO B";"importacao_excel";"a_pagar";"272,60"
"862945";"2025-09-09";"";"J Alves Locação de Andaimes e Equipamentos Ltda";"Santuário - UTC";"importacao_excel";"a_pagar";"7,14"
"862948";"2025-09-09";"Materiais diversos";"Ferragens Santa Rita";"LUCIANA - FINAL BLOCO B";"importacao_excel";"a_pagar";"55,88"
"862962";"2025-09-09";"";"Casa dos Vidros";"CASA DO PEQUENO";"importacao_excel";"a_pagar";"67,50"
"862973";"2025-09-09";"";"Casa dos Vidros";"CASA DO PEQUENO";"importacao_excel";"a_pagar";"62,50"
"862974";"2025-09-09";"";"Casa dos Vidros";"CASA DO PEQUENO";"importacao_excel";"a_pagar";"265,00"
"862965";"2025-09-09";"";"Casa dos Vidros";"CASA DO PEQUENO";"importacao_excel";"a_pagar";"60,00"
"862964";"2025-09-09";"";"Casa dos Vidros";"CASA DO PEQUENO";"importacao_excel";"a_pagar";"30,00"
"862958";"2025-09-09";"";"Casa dos Vidros";"CASA DO PEQUENO";"importacao_excel";"a_pagar";"67,50"
"862957";"2025-09-09";"";"Casa dos Vidros";"CASA DO PEQUENO";"importacao_excel";"a_pagar";"132,50"
"862975";"2025-09-09";"";"Casa dos Vidros";"CASA DO PEQUENO";"importacao_excel";"a_pagar";"135,00"
"862972";"2025-09-09";"";"J Alves Locação de Andaimes e Equipamentos Ltda";"Santuário - UTC";"importacao_excel";"a_pagar";"7,14"
"862963";"2025-09-09";"";"J Alves";"POS OBRA";"importacao_excel";"a_pagar";"7,14"
"862961";"2025-09-09";"";"J Alves Locação de Andaimes e Equipamentos Ltda";"Santuário - UTC";"importacao_excel";"a_pagar";"7,14"
"862960";"2025-09-09";"";"J Alves";"POS OBRA";"importacao_excel";"a_pagar";"7,14"
"862959";"2025-09-09";"";"J Alves Locação de Andaimes e Equipamentos Ltda";"LUCIANA - FINAL BLOCO B";"importacao_excel";"a_pagar";"303,14"
"862956";"2025-09-09";"";"Casa dos Vidros";"CASA DO PEQUENO";"importacao_excel";"a_pagar";"187,50"
"862955";"2025-09-09";"";"J Alves Locação de Andaimes e Equipamentos Ltda";"LUCIANA - FINAL BLOCO B";"importacao_excel";"a_pagar";"303,14"
"862954";"2025-09-09";"";"Casa dos Vidros";"CASA DO PEQUENO";"importacao_excel";"a_pagar";"67,50"
"862941";"2025-09-09";"Materiais diversos";"Ferragens Santa Rita";"LUCIANA - FINAL BLOCO B";"importacao_excel";"a_pagar";"272,60"
"862953";"2025-09-09";"";"Casa dos Vidros";"CASA DO PEQUENO";"importacao_excel";"a_pagar";"95,00"
"862951";"2025-09-09";"";"J Alves";"POS OBRA";"importacao_excel";"a_pagar";"7,14"
"862952";"2025-09-09";"";"Casa dos Vidros";"CASA DO PEQUENO";"importacao_excel";"a_pagar";"187,50"
"862939";"2025-09-09";"";"Casa dos Vidros";"CASA DO PEQUENO";"importacao_excel";"a_pagar";"112,50"
"862940";"2025-09-09";"";"Casa dos Vidros";"CASA DO PEQUENO";"importacao_excel";"a_pagar";"270,00"
"862942";"2025-09-09";"";"Casa dos Vidros";"CASA DO PEQUENO";"importacao_excel";"a_pagar";"30,00"
"862943";"2025-09-09";"Materiais diversos";"Ferragens Santa Rita";"LUCIANA - FINAL BLOCO B";"importacao_excel";"a_pagar";"55,88"
"862947";"2025-09-09";"Materiais diversos";"Ferragens Santa Rita";"LUCIANA - FINAL BLOCO B";"importacao_excel";"a_pagar";"272,60"
"862994";"2025-09-10";"";"Ferragens Santa Rita";"LUCIANA - FINAL BLOCO B";"importacao_excel";"a_pagar";"262,33"
"862991";"2025-09-10";"";"Ferragens Santa Rita";"Hotel Qiu 2 - Fase 3";"importacao_excel";"a_pagar";"100,67"
"862992";"2025-09-10";"";"Ferragens Santa Rita";"Santuário - UTC";"importacao_excel";"a_pagar";"107,17"
"862976";"2025-09-10";"";"Ferragens Santa Rita";"Hotel Qiu 2 - Fase 3";"importacao_excel";"a_pagar";"100,67"
"862977";"2025-09-10";"";"Ferragens Santa Rita";"LUCIANA - FINAL BLOCO B";"importacao_excel";"a_pagar";"262,33"
"862978";"2025-09-10";"";"Ferragens Santa Rita";"Santuário - UTC";"importacao_excel";"a_pagar";"107,17"
"862979";"2025-09-10";"";"Ferragens Santa Rita";"LUCIANA - FINAL BLOCO B";"importacao_excel";"a_pagar";"32,30"
"862980";"2025-09-10";"";"Ferragens Santa Rita";"Hotel Qiu 2 - Fase 3";"importacao_excel";"a_pagar";"495,00"
"862981";"2025-09-10";"";"Ferragens Santa Rita";"Hotel Qiu 2 - Fase 3";"importacao_excel";"a_pagar";"151,92"
"862982";"2025-09-10";"";"Ferragens Santa Rita";"Hotel Qiu 2 - Fase 3";"importacao_excel";"a_pagar";"178,67"
"862983";"2025-09-10";"";"Ferragens Santa Rita";"LUCIANA - FINAL BLOCO B";"importacao_excel";"a_pagar";"116,67"
"862984";"2025-09-10";"";"Ferragens Santa Rita";"Hotel Qiu 2 - Fase 3";"importacao_excel";"a_pagar";"495,00"
"862985";"2025-09-10";"Ferramentas diversas";"Ferragens Santa Rita";"Santuário - UTC";"importacao_excel";"a_pagar";"470,48"
"862986";"2025-09-10";"Ferramentas diversas";"Ferragens Santa Rita";"Santuário - UTC";"importacao_excel";"a_pagar";"470,48"
"862987";"2025-09-10";"";"Ferragens Santa Rita";"LUCIANA - FINAL BLOCO B";"importacao_excel";"a_pagar";"262,33"
"862988";"2025-09-10";"";"Ferragens Santa Rita";"LUCIANA - FINAL BLOCO B";"importacao_excel";"a_pagar";"116,67"
"862989";"2025-09-10";"";"Ferragens Santa Rita";"Hotel Qiu 2 - Fase 3";"importacao_excel";"a_pagar";"178,67"
"862990";"2025-09-10";"";"Ferragens Santa Rita";"Hotel Qiu 2 - Fase 3";"importacao_excel";"a_pagar";"151,92"
"862993";"2025-09-10";"Ferramentas diversas";"Ferragens Santa Rita";"Santuário - UTC";"importacao_excel";"a_pagar";"470,48"
"862995";"2025-09-10";"";"Ferragens Santa Rita";"LUCIANA - FINAL BLOCO B";"importacao_excel";"a_pagar";"32,30"
"862996";"2025-09-10";"";"Ferragens Santa Rita";"LUCIANA - FINAL BLOCO B";"importacao_excel";"a_pagar";"116,67"
"862997";"2025-09-10";"";"Ferragens Santa Rita";"Hotel Qiu 2 - Fase 3";"importacao_excel";"a_pagar";"178,67"
"862998";"2025-09-10";"";"Ferragens Santa Rita";"Hotel Qiu 2 - Fase 3";"importacao_excel";"a_pagar";"495,00"
"862999";"2025-09-10";"";"Ferragens Santa Rita";"Hotel Qiu 2 - Fase 3";"importacao_excel";"a_pagar";"100,67"
"863000";"2025-09-10";"";"Ferragens Santa Rita";"Santuário - UTC";"importacao_excel";"a_pagar";"107,17"
"863001";"2025-09-10";"";"Ferragens Santa Rita";"LUCIANA - FINAL BLOCO B";"importacao_excel";"a_pagar";"32,30"
"863002";"2025-09-10";"";"Ferragens Santa Rita";"Hotel Qiu 2 - Fase 3";"importacao_excel";"a_pagar";"151,92"
"863017";"2025-09-11";"";"Ferragens Santa Rita";"PALES ";"importacao_excel";"a_pagar";"89,33"
"863031";"2025-09-11";"";"Ferragens Santa Rita";"Hotel Qiu 2 - Fase 3";"importacao_excel";"a_pagar";"178,67"
"863032";"2025-09-11";"";"Ferragens Santa Rita";"Hotel Qiu 2 - Fase 3";"importacao_excel";"a_pagar";"76,53"
"863033";"2025-09-11";"";"Ferragens Santa Rita";"Hotel Qiu 2 - Fase 3";"importacao_excel";"a_pagar";"178,67"
"863034";"2025-09-11";"";"Ferragens Santa Rita";"Hotel Qiu 2 - Fase 3";"importacao_excel";"a_pagar";"56,25"
"863035";"2025-09-11";"";"Ferragens Santa Rita";"Hotel Qiu 2 - Fase 3";"importacao_excel";"a_pagar";"200,36"
"863036";"2025-09-11";"";"Ferragens Santa Rita";"PALES ";"importacao_excel";"a_pagar";"45,00"
"863037";"2025-09-11";"";"Ferragens Santa Rita";"PALES ";"importacao_excel";"a_pagar";"922,12"
"863038";"2025-09-11";"";"Coimbra";"LUCIANA - FINAL BLOCO B";"importacao_excel";"a_pagar";"44,99"
"863039";"2025-09-11";"";"Coimbra";"POS OBRA";"importacao_excel";"a_pagar";"832,23"
"863040";"2025-09-11";"";"Ferragens Santa Rita";"PALES ";"importacao_excel";"a_pagar";"45,00"
"863041";"2025-09-11";"";"Ferragens Santa Rita";"PALES ";"importacao_excel";"a_pagar";"922,12"
"863042";"2025-09-11";"";"Ferragens Santa Rita";"PALES ";"importacao_excel";"a_pagar";"45,00"
"863043";"2025-09-11";"";"Ferragens Santa Rita";"PALES ";"importacao_excel";"a_pagar";"89,33"
"863044";"2025-09-11";"";"Ferragens Santa Rita";"PALES ";"importacao_excel";"a_pagar";"45,00"
"863045";"2025-09-11";"";"Ferragens Santa Rita";"PALES ";"importacao_excel";"a_pagar";"45,00"
"863046";"2025-09-11";"";"Ferragens Santa Rita";"PALES ";"importacao_excel";"a_pagar";"45,00"
"863047";"2025-09-11";"";"Ferragens Santa Rita";"PALES ";"importacao_excel";"a_pagar";"45,00"
"863048";"2025-09-11";"";"Ferragens Santa Rita";"Hotel Qiu 2 - Fase 3";"importacao_excel";"a_pagar";"76,53"
"863049";"2025-09-11";"";"Ferragens Santa Rita";"Hotel Qiu 2 - Fase 3";"importacao_excel";"a_pagar";"99,73"
"863050";"2025-09-11";"";"Ferragens Santa Rita";"Hotel Qiu 2 - Fase 3";"importacao_excel";"a_pagar";"10,77"
"863052";"2025-09-11";"";"Ferragens Santa Rita";"Hotel Qiu 2 - Fase 3";"importacao_excel";"a_pagar";"301,83"
"863053";"2025-09-11";"";"Coimbra";"POS OBRA";"importacao_excel";"a_pagar";"832,23"
"863054";"2025-09-11";"";"Coimbra";"LUCIANA - FINAL BLOCO B";"importacao_excel";"a_pagar";"44,99"
"863055";"2025-09-11";"";"Ferragens Santa Rita";"PALES ";"importacao_excel";"a_pagar";"45,00"
"863056";"2025-09-11";"";"Ferragens Santa Rita";"PALES ";"importacao_excel";"a_pagar";"89,33"
"863057";"2025-09-11";"";"Coimbra";"LUCIANA - FINAL BLOCO B";"importacao_excel";"a_pagar";"44,99"
"863058";"2025-09-11";"";"Ferragens Santa Rita";"PALES ";"importacao_excel";"a_pagar";"45,00"
"863059";"2025-09-11";"";"Coimbra";"POS OBRA";"importacao_excel";"a_pagar";"832,23"
"863060";"2025-09-11";"";"Ferragens Santa Rita";"Hotel Qiu 2 - Fase 3";"importacao_excel";"a_pagar";"301,83"
"863061";"2025-09-11";"";"Ferragens Santa Rita";"Hotel Qiu 2 - Fase 3";"importacao_excel";"a_pagar";"10,77"
"863062";"2025-09-11";"";"Ferragens Santa Rita";"Hotel Qiu 2 - Fase 3";"importacao_excel";"a_pagar";"56,25"
"863063";"2025-09-11";"";"Ferragens Santa Rita";"Hotel Qiu 2 - Fase 3";"importacao_excel";"a_pagar";"99,73"
"863051";"2025-09-11";"";"Ferragens Santa Rita";"PALES ";"importacao_excel";"a_pagar";"45,00"
"863011";"2025-09-11";"";"Ferragens Santa Rita";"PALES ";"importacao_excel";"a_pagar";"45,00"
"863004";"2025-09-11";"Medição - Ago/2025";"Retenção Técnica - São José Ferragem Armada";"Santuário - UTC";"importacao_excel";"a_pagar";"3603,35"
"863003";"2025-09-11";"Medição - Ago/2025";"Retenção Técnica - Agostinho";"Santuário - UTC";"importacao_excel";"a_pagar";"155,12"
"863020";"2025-09-11";"Medição - Ago/2025";"Jerryaliton Augusto Bezerra";"Santuário - UTC";"importacao_excel";"a_pagar";"155,12"
"863005";"2025-09-11";"";"Coimbra";"LUCIANA - FINAL BLOCO B";"importacao_excel";"a_pagar";"44,99"
"863006";"2025-09-11";"";"Coimbra";"POS OBRA";"importacao_excel";"a_pagar";"832,23"
"863007";"2025-09-11";"";"Ferragens Santa Rita";"Hotel Qiu 2 - Fase 3";"importacao_excel";"a_pagar";"76,53"
"863008";"2025-09-11";"";"Ferragens Santa Rita";"Hotel Qiu 2 - Fase 3";"importacao_excel";"a_pagar";"200,36"
"863009";"2025-09-11";"";"Ferragens Santa Rita";"Hotel Qiu 2 - Fase 3";"importacao_excel";"a_pagar";"178,67"
"863010";"2025-09-11";"";"Ferragens Santa Rita";"Hotel Qiu 2 - Fase 3";"importacao_excel";"a_pagar";"99,73"
"863012";"2025-09-11";"";"Ferragens Santa Rita";"PALES ";"importacao_excel";"a_pagar";"45,00"
"863013";"2025-09-11";"";"Ferragens Santa Rita";"PALES ";"importacao_excel";"a_pagar";"45,00"
"863014";"2025-09-11";"";"Ferragens Santa Rita";"PALES ";"importacao_excel";"a_pagar";"45,00"
"863015";"2025-09-11";"";"Ferragens Santa Rita";"PALES ";"importacao_excel";"a_pagar";"45,00"
"863016";"2025-09-11";"";"Ferragens Santa Rita";"PALES ";"importacao_excel";"a_pagar";"45,00"
"863018";"2025-09-11";"";"Ferragens Santa Rita";"PALES ";"importacao_excel";"a_pagar";"45,00"
"863019";"2025-09-11";"";"Ferragens Santa Rita";"PALES ";"importacao_excel";"a_pagar";"922,12"
"863021";"2025-09-11";"";"Ferragens Santa Rita";"PALES ";"importacao_excel";"a_pagar";"45,00"
"863022";"2025-09-11";"";"Ferragens Santa Rita";"PALES ";"importacao_excel";"a_pagar";"45,00"
"863023";"2025-09-11";"";"Ferragens Santa Rita";"PALES ";"importacao_excel";"a_pagar";"45,00"
"863024";"2025-09-11";"";"Ferragens Santa Rita";"PALES ";"importacao_excel";"a_pagar";"45,00"
"863025";"2025-09-11";"";"Coimbra";"POS OBRA";"importacao_excel";"a_pagar";"832,23"
"863026";"2025-09-11";"";"Coimbra";"LUCIANA - FINAL BLOCO B";"importacao_excel";"a_pagar";"44,99"
"863027";"2025-09-11";"";"Ferragens Santa Rita";"Hotel Qiu 2 - Fase 3";"importacao_excel";"a_pagar";"10,77"
"863028";"2025-09-11";"";"Ferragens Santa Rita";"Hotel Qiu 2 - Fase 3";"importacao_excel";"a_pagar";"301,83"
"863029";"2025-09-11";"";"Ferragens Santa Rita";"Hotel Qiu 2 - Fase 3";"importacao_excel";"a_pagar";"200,36"
"863030";"2025-09-11";"";"Ferragens Santa Rita";"Hotel Qiu 2 - Fase 3";"importacao_excel";"a_pagar";"56,25"
"863064";"2025-09-12";"Medição - Ago/2025";"Retenção Técnica - São José Ferragem Armada";"Santuário - UTC";"importacao_excel";"a_pagar";"439,31"
"863092";"2025-09-15";"";"Ferragens Santa Rita";"";"importacao_excel";"a_pagar";"21,80"
"863091";"2025-09-15";"";"Ferragens Santa Rita";"LUCIANA - FINAL BLOCO B";"importacao_excel";"a_pagar";"17,10"
"863083";"2025-09-15";"";"Casa Brasil";"PALES ";"importacao_excel";"a_pagar";"22,50"
"863084";"2025-09-15";"";"Casa Brasil";"POS OBRA";"importacao_excel";"a_pagar";"13,99"
"863093";"2025-09-15";"MED 01";"Retenção Técnica - Samuel Bloqueteiro";"Santuário - UTC";"importacao_excel";"a_pagar";"546,00"
"863085";"2025-09-15";"";"Coimbra";"Hotel Qiu 2 - Fase 3";"importacao_excel";"a_pagar";"645,89"
"863086";"2025-09-15";"";"Coimbra";"Hotel Qiu 2 - Fase 3";"importacao_excel";"a_pagar";"645,89"
"863087";"2025-09-15";"";"Coimbra";"Hotel Qiu 2 - Fase 3";"importacao_excel";"a_pagar";"645,89"
"863088";"2025-09-15";"Pedra ,areia e pedrisco";"Ferragens Santa Rita";"Santuário - UTC";"importacao_excel";"a_pagar";"465,40"
"863089";"2025-09-15";"Pedra ,areia e pedrisco";"Ferragens Santa Rita";"Santuário - UTC";"importacao_excel";"a_pagar";"465,40"
"863090";"2025-09-15";"";"Ferragens Santa Rita";"LUCIANA - FINAL BLOCO B";"importacao_excel";"a_pagar";"70,00"
"863065";"2025-09-15";"";"Coimbra";"Hotel Qiu 2 - Fase 3";"importacao_excel";"a_pagar";"645,89"
"863066";"2025-09-15";"";"Coimbra";"Hotel Qiu 2 - Fase 3";"importacao_excel";"a_pagar";"645,89"
"863067";"2025-09-15";"Pedra ,areia e pedrisco";"Ferragens Santa Rita";"Santuário - UTC";"importacao_excel";"a_pagar";"465,40"
"863068";"2025-09-15";"Materiais diversos";"Casa Brasil";"Hotel Qiu 2 - Fase 3";"importacao_excel";"a_pagar";"153,88"
"863069";"2025-09-15";"Espaçador 2mm";"Casa Brasil";"Hotel Qiu 2 - Fase 3";"importacao_excel";"a_pagar";"63,00"
"863070";"2025-09-15";"";"Casa Brasil";"CASA DO PEQUENO";"importacao_excel";"a_pagar";"49,50"
"863071";"2025-09-15";"";"Casa Brasil";"CASA DO PEQUENO";"importacao_excel";"a_pagar";"148,95"
"863072";"2025-09-15";"";"Casa Brasil";"CASA DO PEQUENO";"importacao_excel";"a_pagar";"168,75"
"571743";"2025-09-15";"OS #8183 — Serviço executado: substituição de silicone loctatti, pivo, jogo vela, aditivo, óleo direção, reservatório d'água, junta carter, junta suporte filtro óleo, kit amortecedor dianteiro, correia poliv, filtro combustível, filtro ar, kit estabilizador, sapata freio traseira, reparo bicos, tensor correia poliv, rol auxiliar poliv, mangueira pra mola, coxim câmbio, coxim amortecedor dianteiro, trizeta lado esquerdo, tulipa dir, óleo motor, eixo sem fim caixa direção, concerto caixa direção, alinhamento e lavagem do carro.";"OS #8183 — Serviço executado: substituição de silicone loctatti, pivo, jogo vela, aditivo, óleo direção, reservatório d'água, junta carter, junta suporte filtro óleo, kit amortecedor dianteiro, correia poliv, filtro combustível, filtro ar, kit estabilizad";"";"frota_manutencao";"a_pagar";"6803,00"
"863073";"2025-09-15";"";"Casa Brasil";"CASA DO PEQUENO";"importacao_excel";"a_pagar";"302,15"
"863074";"2025-09-15";"";"Casa Brasil";"CASA DO PEQUENO";"importacao_excel";"a_pagar";"8,82"
"863075";"2025-09-15";"";"Casa Brasil";"CASA DO PEQUENO";"importacao_excel";"a_pagar";"11,70"
"863076";"2025-09-15";"";"Casa Brasil";"CASA DO PEQUENO";"importacao_excel";"a_pagar";"89,78"
"863077";"2025-09-15";"Espaçador piso 2mm";"Casa Brasil";"Hotel Qiu 2 - Fase 3";"importacao_excel";"a_pagar";"63,00"
"863078";"2025-09-15";"";"Casa Brasil";"PALES ";"importacao_excel";"a_pagar";"22,50"
"863079";"2025-09-15";"";"Casa Brasil";"PALES ";"importacao_excel";"a_pagar";"40,50"
"863080";"2025-09-15";"";"Casa Brasil";"PALES ";"importacao_excel";"a_pagar";"3,60"
"863081";"2025-09-15";"";"Casa Brasil";"PALES ";"importacao_excel";"a_pagar";"22,50"
"863094";"2025-09-15";"";"Ferragens Santa Rita";"LUCIANA - FINAL BLOCO B";"importacao_excel";"a_pagar";"117,80"
"863082";"2025-09-15";"";"Casa Brasil";"PALES ";"importacao_excel";"a_pagar";"17,32"
"863113";"2025-09-16";"";"Ferragens Santa Rita";"PALES ";"importacao_excel";"a_pagar";"17,20"
"863141";"2025-09-16";"";"Casa Brasil";"Santuário - UTC";"importacao_excel";"a_pagar";"9,90"
"863140";"2025-09-16";"";"Casa Brasil";"Hotel Qiu 2 - Fase 3";"importacao_excel";"a_pagar";"27,00"
"863139";"2025-09-16";"Areia";"Ferragens Santa Rita";"Santuário - UTC";"importacao_excel";"a_pagar";"107,20"
"863138";"2025-09-16";"Tela viveiro";"Ferragens Santa Rita";"Hotel Qiu 2 - Fase 3";"importacao_excel";"a_pagar";"150,00"
"863137";"2025-09-16";"";"Casa Brasil";"Santuário - UTC";"importacao_excel";"a_pagar";"29,45"
"863136";"2025-09-16";"";"Casa Brasil";"Hotel Qiu 2 - Fase 3";"importacao_excel";"a_pagar";"31,50"
"863135";"2025-09-16";"Tela viveiro";"Ferragens Santa Rita";"Hotel Qiu 2 - Fase 3";"importacao_excel";"a_pagar";"150,00"
"863134";"2025-09-16";"";"Casa Brasil";"";"importacao_excel";"a_pagar";"15,97"
"863133";"2025-09-16";"";"Ferragens Santa Rita";"CASA DO PEQUENO";"importacao_excel";"a_pagar";"294,50"
"863132";"2025-09-16";"";"Ferragens Santa Rita";"Car Sanitários";"importacao_excel";"a_pagar";"450,00"
"863131";"2025-09-16";"";"Ferragens Santa Rita";"Santuário - UTC";"importacao_excel";"a_pagar";"45,60"
"863130";"2025-09-16";"";"Ferragens Santa Rita";"Santuário - UTC";"importacao_excel";"a_pagar";"206,80"
"863129";"2025-09-16";"";"Ferragens Santa Rita";"Car Sanitários";"importacao_excel";"a_pagar";"352,00"
"863128";"2025-09-16";"";"Ferragens Santa Rita";"CASA DO PEQUENO";"importacao_excel";"a_pagar";"214,40"
"863127";"2025-09-16";"";"Ferragens Santa Rita";"CASA DO PEQUENO";"importacao_excel";"a_pagar";"214,40"
"863126";"2025-09-16";"";"Ferragens Santa Rita";"CASA DO PEQUENO";"importacao_excel";"a_pagar";"152,00"
"863125";"2025-09-16";"";"Ferragens Santa Rita";"CASA DO PEQUENO";"importacao_excel";"a_pagar";"205,20"
"863124";"2025-09-16";"";"Ferragens Santa Rita";"Car Sanitários";"importacao_excel";"a_pagar";"108,60"
"863123";"2025-09-16";"";"Ferragens Santa Rita";"CASA DO PEQUENO";"importacao_excel";"a_pagar";"185,20"
"863122";"2025-09-16";"";"Ferragens Santa Rita";"CASA DO PEQUENO";"importacao_excel";"a_pagar";"1558,00"
"863121";"2025-09-16";"Areia";"Ferragens Santa Rita";"Santuário - UTC";"importacao_excel";"a_pagar";"107,20"
"863120";"2025-09-16";"Areia";"Ferragens Santa Rita";"Santuário - UTC";"importacao_excel";"a_pagar";"107,20"
"863119";"2025-09-16";"Tela viveiro";"Ferragens Santa Rita";"Hotel Qiu 2 - Fase 3";"importacao_excel";"a_pagar";"150,00"
"863116";"2025-09-16";"";"Ferragens Santa Rita";"Santuário - UTC";"importacao_excel";"a_pagar";"65,90"
"863115";"2025-09-16";"";"Ferragens Santa Rita";"Car Sanitários";"importacao_excel";"a_pagar";"18,20"
"863114";"2025-09-16";"";"Casa Brasil";"Hotel Qiu 2 - Fase 3";"importacao_excel";"a_pagar";"6,84"
"863110";"2025-09-16";"";"Ferragens Santa Rita";"Hotel Qiu 2 - Fase 3";"importacao_excel";"a_pagar";"321,60"
"863109";"2025-09-16";"";"Ferragens Santa Rita";"Hotel Qiu 2 - Fase 3";"importacao_excel";"a_pagar";"95,38"
"863108";"2025-09-16";"";"Ferragens Santa Rita";"Hotel Qiu 2 - Fase 3";"importacao_excel";"a_pagar";"13,96"
"863107";"2025-09-16";"";"Ferragens Santa Rita";"Hotel Qiu 2 - Fase 3";"importacao_excel";"a_pagar";"150,60"
"863106";"2025-09-16";"";"Ferragens Santa Rita";"Hotel Qiu 2 - Fase 3";"importacao_excel";"a_pagar";"600,00"
"863105";"2025-09-16";"";"Ferragens Santa Rita";"Hotel Qiu 2 - Fase 3";"importacao_excel";"a_pagar";"214,40"
"863103";"2025-09-16";"";"Ferragens Santa Rita";"Hotel Qiu 2 - Fase 3";"importacao_excel";"a_pagar";"158,84"
"863102";"2025-09-16";"";"Ferragens Santa Rita";"PALES ";"importacao_excel";"a_pagar";"96,90"
"863101";"2025-09-16";"";"Ferragens Santa Rita";"PALES ";"importacao_excel";"a_pagar";"107,20"
"863100";"2025-09-16";"";"Ferragens Santa Rita";"Hotel Qiu 2 - Fase 3";"importacao_excel";"a_pagar";"26,80"
"863099";"2025-09-16";"";"Ferragens Santa Rita";"PALES ";"importacao_excel";"a_pagar";"220,00"
"863098";"2025-09-16";"";"Ferragens Santa Rita";"PALES ";"importacao_excel";"a_pagar";"30,60"
"863097";"2025-09-16";"";"Ferragens Santa Rita";"PALES ";"importacao_excel";"a_pagar";"450,00"
"863096";"2025-09-16";"";"Ferragens Santa Rita";"PALES ";"importacao_excel";"a_pagar";"33,20"
"863095";"2025-09-16";"Contrato: Concretagem - 136 - Medição: 3";"Retenção Técnica - Souza Pisos Industriais";"Santuário - UTC";"importacao_excel";"a_pagar";"304,80"
"863117";"2025-09-16";"Contrato: Cobertura Metálica - 82 - Medição: 6";"Retenção Técnica - Jaime - Montqualy";"Santuário - UTC";"importacao_excel";"a_pagar";"2700,00"
"863118";"2025-09-16";"Medição - Ago/2025";"Retenção Técnica - Promatel";"Hotel Qiu 2 - Fase 3";"importacao_excel";"a_pagar";"5604,10"
"863111";"2025-09-16";"";"Ferragens Santa Rita";"Hotel Qiu 2 - Fase 3";"importacao_excel";"a_pagar";"180,20"
"863112";"2025-09-16";"";"Ferragens Santa Rita";"Hotel Qiu 2 - Fase 3";"importacao_excel";"a_pagar";"214,40"
"863146";"2025-09-17";"";"Himasa";"Car Sanitários";"importacao_excel";"a_pagar";"164,48"
"863145";"2025-09-17";"EMENDA";"Ferragens Santa Rita";"Santuário - UTC";"importacao_excel";"a_pagar";"0,60"
"863144";"2025-09-17";"10M³ AREIA MEDIA";"Ferragens Santa Rita";"Hotel Qiu 2 - Fase 3";"importacao_excel";"a_pagar";"214,40"
"863143";"2025-09-17";"";"Ferragens Santa Rita";"POS OBRA";"importacao_excel";"a_pagar";"6,40"
"863142";"2025-09-17";"";"Ferragens Santa Rita";"PALES ";"importacao_excel";"a_pagar";"149,20"
"863151";"2025-09-17";"10M³ AREIA MEDIA";"Ferragens Santa Rita";"Hotel Qiu 2 - Fase 3";"importacao_excel";"a_pagar";"214,40"
"863150";"2025-09-17";"10M³ AREIA MEDIA";"Ferragens Santa Rita";"Hotel Qiu 2 - Fase 3";"importacao_excel";"a_pagar";"214,40"
"863149";"2025-09-17";"EMENDA";"Ferragens Santa Rita";"Santuário - UTC";"importacao_excel";"a_pagar";"0,60"
"863148";"2025-09-17";"EMENDA";"Ferragens Santa Rita";"Santuário - UTC";"importacao_excel";"a_pagar";"0,60"
"863147";"2025-09-17";"";"Ferragens Santa Rita";"Santuário - UTC";"importacao_excel";"a_pagar";"406,89"
"863153";"2025-09-18";"";"Ferragens Santa Rita";"CASA DO PEQUENO";"importacao_excel";"a_pagar";"67,86"
"863152";"2025-09-18";"10m³ de areia";"Ferragens Santa Rita";"Santuário - UTC";"importacao_excel";"a_pagar";"178,67"
"863158";"2025-09-18";"10m³ de areia";"Ferragens Santa Rita";"Santuário - UTC";"importacao_excel";"a_pagar";"178,67"
"863157";"2025-09-18";"";"Ferragens Santa Rita";"CASA DO PEQUENO";"importacao_excel";"a_pagar";"67,86"
"863156";"2025-09-18";"10m³ de areia";"Ferragens Santa Rita";"Santuário - UTC";"importacao_excel";"a_pagar";"178,67"
"863155";"2025-09-18";"50 sc cimento";"Ferragens Santa Rita";"Santuário - UTC";"importacao_excel";"a_pagar";"536,67"
"863154";"2025-09-18";"10m³ de areia";"Ferragens Santa Rita";"Santuário - UTC";"importacao_excel";"a_pagar";"178,67"
"863166";"2025-09-19";"";"Ferragens Santa Rita";"Santuário - UTC";"importacao_excel";"a_pagar";"49,42"
"863163";"2025-09-19";"3 viagens de areia";"Ferragens Santa Rita";"Santuário - UTC";"importacao_excel";"a_pagar";"268,00"
"863159";"2025-09-19";"3 viagens de areia";"Ferragens Santa Rita";"Santuário - UTC";"importacao_excel";"a_pagar";"268,00"
"863174";"2025-09-19";"CHAPAS DE MADEIRITS";"Ferragens Santa Rita";"Hotel Qiu 2 - Fase 3";"importacao_excel";"a_pagar";"546,88"
"863175";"2025-09-19";"CHAPAS DE MADEIRITS";"Ferragens Santa Rita";"Hotel Qiu 2 - Fase 3";"importacao_excel";"a_pagar";"546,88"
"863176";"2025-09-19";"CHAPAS DE MADEIRITS";"Ferragens Santa Rita";"Hotel Qiu 2 - Fase 3";"importacao_excel";"a_pagar";"546,88"
"863177";"2025-09-19";"materiais hidráulica";"Ferragens Santa Rita";"POS OBRA";"importacao_excel";"a_pagar";"17,54"
"863178";"2025-09-19";"10m³ de areia";"Ferragens Santa Rita";"Hotel Qiu 2 - Fase 3";"importacao_excel";"a_pagar";"178,67"
"863179";"2025-09-19";"materiais hidráulica";"Ferragens Santa Rita";"POS OBRA";"importacao_excel";"a_pagar";"17,54"
"863180";"2025-09-19";"10m³ de areia";"Ferragens Santa Rita";"Hotel Qiu 2 - Fase 3";"importacao_excel";"a_pagar";"178,67"
"863162";"2025-09-19";"Materiais diversos";"Ferragens Santa Rita";"Santuário - UTC";"importacao_excel";"a_pagar";"114,83"
"863161";"2025-09-19";"materiais hidráulica";"Ferragens Santa Rita";"POS OBRA";"importacao_excel";"a_pagar";"17,54"
"863160";"2025-09-19";"";"Ferragens Santa Rita";"Santuário - UTC";"importacao_excel";"a_pagar";"21,75"
"863164";"2025-09-19";"Materiais diversos";"Ferragens Santa Rita";"Santuário - UTC";"importacao_excel";"a_pagar";"114,83"
"863165";"2025-09-19";"Materiais diversos";"Ferragens Santa Rita";"Santuário - UTC";"importacao_excel";"a_pagar";"114,83"
"863167";"2025-09-19";"10m³ de areia";"Ferragens Santa Rita";"Hotel Qiu 2 - Fase 3";"importacao_excel";"a_pagar";"178,67"
"863168";"2025-09-19";"";"Ferragens Santa Rita";"Santuário - UTC";"importacao_excel";"a_pagar";"21,75"
"863169";"2025-09-19";"3 viagens de areia";"Ferragens Santa Rita";"Santuário - UTC";"importacao_excel";"a_pagar";"268,00"
"863170";"2025-09-19";"";"Ferragens Santa Rita";"Santuário - UTC";"importacao_excel";"a_pagar";"49,42"
"863171";"2025-09-19";"CHAPAS DE MADEIRITS";"Ferragens Santa Rita";"Hotel Qiu 2 - Fase 3";"importacao_excel";"a_pagar";"546,88"
"863172";"2025-09-19";"";"Ferragens Santa Rita";"Santuário - UTC";"importacao_excel";"a_pagar";"21,75"
"863173";"2025-09-19";"10m³ de areia";"Ferragens Santa Rita";"Hotel Qiu 2 - Fase 3";"importacao_excel";"a_pagar";"178,67"
"863182";"2025-09-22";"";"Ferragens Santa Rita";"Santuário - UTC";"importacao_excel";"a_pagar";"328,95"
"863186";"2025-09-22";"Pedrisco";"Ferragens Santa Rita";"Santuário - UTC";"importacao_excel";"a_pagar";"154,17"
"863185";"2025-09-22";"Pedrisco";"Ferragens Santa Rita";"Santuário - UTC";"importacao_excel";"a_pagar";"154,17"
"863187";"2025-09-22";"";"Ferragens Santa Rita";"Santuário - UTC";"importacao_excel";"a_pagar";"328,95"
"863184";"2025-09-22";"Pedrisco";"Ferragens Santa Rita";"Santuário - UTC";"importacao_excel";"a_pagar";"154,17"
"863183";"2025-09-22";"";"Ferragens Santa Rita";"Santuário - UTC";"importacao_excel";"a_pagar";"328,95"
"863181";"2025-09-22";"Pedrisco";"Ferragens Santa Rita";"Santuário - UTC";"importacao_excel";"a_pagar";"154,17"
"863196";"2025-09-23";"materiais diversos";"Ferragens Santa Rita";"Santuário - UTC";"importacao_excel";"a_pagar";"64,60"
"863195";"2025-09-23";"50m de lona plastica";"Ferragens Santa Rita";"Santuário - UTC";"importacao_excel";"a_pagar";"47,50"
"863190";"2025-09-23";"barras de apoio";"Coimbra";"Hotel Qiu 2 - Fase 3";"importacao_excel";"a_pagar";"864,87"
"863189";"2025-09-23";"materiais diversos";"Ferragens Santa Rita";"Santuário - UTC";"importacao_excel";"a_pagar";"64,60"
"863208";"2025-09-23";"materiais diversos";"Ferragens Santa Rita";"Santuário - UTC";"importacao_excel";"a_pagar";"206,80"
"863207";"2025-09-23";"50m de lona plastica";"Ferragens Santa Rita";"Santuário - UTC";"importacao_excel";"a_pagar";"47,50"
"863206";"2025-09-23";"barras de apoio";"Coimbra";"Hotel Qiu 2 - Fase 3";"importacao_excel";"a_pagar";"864,87"
"863205";"2025-09-23";"sifão sinfonado cromado 1.1/2""";"Coimbra";"Hotel Qiu 2 - Fase 3";"importacao_excel";"a_pagar";"1186,23"
"863204";"2025-09-23";"sifão sinfonado cromado 1.1/2""";"Coimbra";"Hotel Qiu 2 - Fase 3";"importacao_excel";"a_pagar";"1186,23"
"863199";"2025-09-23";"materiais diversos";"Ferragens Santa Rita";"Santuário - UTC";"importacao_excel";"a_pagar";"64,60"
"863198";"2025-09-23";"papeleira DOCOL cromada";"Coimbra";"Hotel Qiu 2 - Fase 3";"importacao_excel";"a_pagar";"568,50"
"863197";"2025-09-23";"materiais diversos";"Ferragens Santa Rita";"Santuário - UTC";"importacao_excel";"a_pagar";"206,80"
"863188";"2025-09-23";"materiais diversos";"Ferragens Santa Rita";"Santuário - UTC";"importacao_excel";"a_pagar";"206,80"
"863213";"2025-09-23";"grelha com filtro";"Eletroguara Materiais Eletricos LTDA";"Chlorum Solutions - Uberlândia";"importacao_excel";"a_pagar";"98,90"
"863212";"2025-09-23";"sifão sinfonado cromado 1.1/2""";"Coimbra";"Hotel Qiu 2 - Fase 3";"importacao_excel";"a_pagar";"1186,23"
"863211";"2025-09-23";"luminaria";"Eletroguara Materiais Eletricos LTDA";"";"importacao_excel";"a_pagar";"10,80"
"863210";"2025-09-23";"50m de lona plastica";"Ferragens Santa Rita";"Santuário - UTC";"importacao_excel";"a_pagar";"47,50"
"863209";"2025-09-23";"sifão sinfonado cromado 1.1/2""";"Coimbra";"Hotel Qiu 2 - Fase 3";"importacao_excel";"a_pagar";"1186,23"
"863203";"2025-09-23";"papeleira DOCOL cromada";"Coimbra";"Hotel Qiu 2 - Fase 3";"importacao_excel";"a_pagar";"568,50"
"863202";"2025-09-23";"barras de apoio";"Coimbra";"Hotel Qiu 2 - Fase 3";"importacao_excel";"a_pagar";"864,87"
"863201";"2025-09-23";"papeleira DOCOL cromada";"Coimbra";"Hotel Qiu 2 - Fase 3";"importacao_excel";"a_pagar";"568,50"
"863200";"2025-09-23";"barras de apoio";"Coimbra";"Hotel Qiu 2 - Fase 3";"importacao_excel";"a_pagar";"864,87"
"863194";"2025-09-23";"grelha com filtro";"Eletroguara Materiais Eletricos LTDA";"Chlorum Solutions - Uberlândia";"importacao_excel";"a_pagar";"98,90"
"863193";"2025-09-23";"";"Casa Brasil";"POS OBRA";"importacao_excel";"a_pagar";"21,89"
"863192";"2025-09-23";"luminaria";"Eletroguara Materiais Eletricos LTDA";"";"importacao_excel";"a_pagar";"10,80"
"863191";"2025-09-23";"papeleira DOCOL cromada";"Coimbra";"Hotel Qiu 2 - Fase 3";"importacao_excel";"a_pagar";"568,50"
"863262";"2025-09-24";"";"Ferragens Santa Rita";"Hotel Qiu 2 - Fase 3";"importacao_excel";"a_pagar";"43,70"
"863263";"2025-09-24";"";"Ferragens Santa Rita";"Hotel Qiu 2 - Fase 3";"importacao_excel";"a_pagar";"486,00"
"863264";"2025-09-24";"";"Ferragens Santa Rita";"POS OBRA";"importacao_excel";"a_pagar";"108,00"
"863265";"2025-09-24";"";"Ferragens Santa Rita";"Hotel Qiu 2 - Fase 3";"importacao_excel";"a_pagar";"64,20"
"863266";"2025-09-24";"";"Ferragens Santa Rita";"PALES ";"importacao_excel";"a_pagar";"164,92"
"863267";"2025-09-24";"";"Ferragens Santa Rita";"Hotel Qiu 2 - Fase 3";"importacao_excel";"a_pagar";"237,66"
"863268";"2025-09-24";"";"Ferragens Santa Rita";"Santuário - UTC";"importacao_excel";"a_pagar";"325,40"
"863269";"2025-09-24";"";"Ferragens Santa Rita";"LUCIANA - FINAL BLOCO B";"importacao_excel";"a_pagar";"70,00"
"863270";"2025-09-24";"";"Ferragens Santa Rita";"LUCIANA - FINAL BLOCO B";"importacao_excel";"a_pagar";"70,00"
"863271";"2025-09-24";"";"Ferragens Santa Rita";"CASA DO PEQUENO";"importacao_excel";"a_pagar";"414,00"
"863272";"2025-09-24";"80 SC cimento";"Ferragens Santa Rita";"Santuário - UTC";"importacao_excel";"a_pagar";"858,67"
"863273";"2025-09-24";"";"Ferragens Santa Rita";"Hotel Qiu 2 - Fase 3";"importacao_excel";"a_pagar";"228,04"
"863274";"2025-09-24";"";"Ferragens Santa Rita";"Hotel Qiu 2 - Fase 3";"importacao_excel";"a_pagar";"43,70"
"863275";"2025-09-24";"";"Ferragens Santa Rita";"Hotel Qiu 2 - Fase 3";"importacao_excel";"a_pagar";"486,00"
"863276";"2025-09-24";"";"Ferragens Santa Rita";"POS OBRA";"importacao_excel";"a_pagar";"108,00"
"863277";"2025-09-24";"";"Ferragens Santa Rita";"Hotel Qiu 2 - Fase 3";"importacao_excel";"a_pagar";"64,20"
"863278";"2025-09-24";"";"Ferragens Santa Rita";"PALES ";"importacao_excel";"a_pagar";"164,92"
"863279";"2025-09-24";"";"Ferragens Santa Rita";"Hotel Qiu 2 - Fase 3";"importacao_excel";"a_pagar";"237,66"
"863280";"2025-09-24";"";"Ferragens Santa Rita";"Santuário - UTC";"importacao_excel";"a_pagar";"325,40"
"863281";"2025-09-24";"";"Ferragens Santa Rita";"PALES ";"importacao_excel";"a_pagar";"27,94"
"863235";"2025-09-24";"PLACA EVW9H23 / FFI4B12 / EUY7E02";"Jefcar Autopeças";"";"importacao_excel";"a_pagar";"2035,00"
"863215";"2025-09-24";"";"Ferragens Santa Rita";"Santuário - UTC";"importacao_excel";"a_pagar";"325,40"
"863214";"2025-09-24";"";"Ferragens Santa Rita";"PALES ";"importacao_excel";"a_pagar";"54,00"
"863251";"2025-09-24";"";"Ferragens Santa Rita";"CASA DO PEQUENO";"importacao_excel";"a_pagar";"107,20"
"863250";"2025-09-24";"";"Ferragens Santa Rita";"CASA DO PEQUENO";"importacao_excel";"a_pagar";"107,20"
"863249";"2025-09-24";"";"Ferragens Santa Rita";"PALES ";"importacao_excel";"a_pagar";"1,00"
"863248";"2025-09-24";"";"Ferragens Santa Rita";"PALES ";"importacao_excel";"a_pagar";"69,16"
"863246";"2025-09-24";"";"Ferragens Santa Rita";"PALES ";"importacao_excel";"a_pagar";"1,00"
"863245";"2025-09-24";"";"Ferragens Santa Rita";"PALES ";"importacao_excel";"a_pagar";"54,00"
"863244";"2025-09-24";"";"Ferragens Santa Rita";"CASA DO PEQUENO";"importacao_excel";"a_pagar";"192,00"
"863243";"2025-09-24";"";"Ferragens Santa Rita";"PALES ";"importacao_excel";"a_pagar";"108,00"
"863242";"2025-09-24";"";"Ferragens Santa Rita";"CASA DO PEQUENO";"importacao_excel";"a_pagar";"406,40"
"863241";"2025-09-24";"";"Ferragens Santa Rita";"CASA DO PEQUENO";"importacao_excel";"a_pagar";"214,40"
"863240";"2025-09-24";"";"Ferragens Santa Rita";"CASA DO PEQUENO";"importacao_excel";"a_pagar";"107,20"
"863239";"2025-09-24";"";"Ferragens Santa Rita";"CASA DO PEQUENO";"importacao_excel";"a_pagar";"107,20"
"863238";"2025-09-24";"";"Ferragens Santa Rita";"CASA DO PEQUENO";"importacao_excel";"a_pagar";"107,20"
"863237";"2025-09-24";"";"Ferragens Santa Rita";"PALES ";"importacao_excel";"a_pagar";"27,94"
"863236";"2025-09-24";"";"Ferragens Santa Rita";"PALES ";"importacao_excel";"a_pagar";"166,20"
"863234";"2025-09-24";"";"Ferragens Santa Rita";"PALES ";"importacao_excel";"a_pagar";"1,00"
"863233";"2025-09-24";"";"Ferragens Santa Rita";"Hotel Qiu 2 - Fase 3";"importacao_excel";"a_pagar";"486,00"
"863232";"2025-09-24";"";"Ferragens Santa Rita";"PALES ";"importacao_excel";"a_pagar";"166,20"
"863231";"2025-09-24";"";"Ferragens Santa Rita";"PALES ";"importacao_excel";"a_pagar";"108,00"
"863230";"2025-09-24";"";"Ferragens Santa Rita";"Hotel Qiu 2 - Fase 3";"importacao_excel";"a_pagar";"237,66"
"863229";"2025-09-24";"";"Ferragens Santa Rita";"PALES ";"importacao_excel";"a_pagar";"69,16"
"863228";"2025-09-24";"";"Ferragens Santa Rita";"PALES ";"importacao_excel";"a_pagar";"164,92"
"863227";"2025-09-24";"";"Ferragens Santa Rita";"PALES ";"importacao_excel";"a_pagar";"27,94"
"863225";"2025-09-24";"";"Ferragens Santa Rita";"LUCIANA - FINAL BLOCO B";"importacao_excel";"a_pagar";"70,00"
"863247";"2025-09-24";"";"Ferragens Santa Rita";"PALES ";"importacao_excel";"a_pagar";"166,20"
"863226";"2025-09-24";"";"Ferragens Santa Rita";"POS OBRA";"importacao_excel";"a_pagar";"108,00"
"863218";"2025-09-24";"";"Ferragens Santa Rita";"CASA DO PEQUENO";"importacao_excel";"a_pagar";"107,20"
"863217";"2025-09-24";"";"Ferragens Santa Rita";"CASA DO PEQUENO";"importacao_excel";"a_pagar";"214,40"
"863216";"2025-09-24";"";"Ferragens Santa Rita";"Hotel Qiu 2 - Fase 3";"importacao_excel";"a_pagar";"228,04"
"863224";"2025-09-24";"";"Ferragens Santa Rita";"Hotel Qiu 2 - Fase 3";"importacao_excel";"a_pagar";"64,20"
"863223";"2025-09-24";"";"Ferragens Santa Rita";"CASA DO PEQUENO";"importacao_excel";"a_pagar";"107,20"
"863222";"2025-09-24";"";"Ferragens Santa Rita";"CASA DO PEQUENO";"importacao_excel";"a_pagar";"107,20"
"863221";"2025-09-24";"";"Ferragens Santa Rita";"CASA DO PEQUENO";"importacao_excel";"a_pagar";"192,00"
"863220";"2025-09-24";"";"Ferragens Santa Rita";"CASA DO PEQUENO";"importacao_excel";"a_pagar";"414,00"
"863219";"2025-09-24";"";"Ferragens Santa Rita";"Hotel Qiu 2 - Fase 3";"importacao_excel";"a_pagar";"43,70"
"863252";"2025-09-24";"";"Ferragens Santa Rita";"CASA DO PEQUENO";"importacao_excel";"a_pagar";"107,20"
"863253";"2025-09-24";"";"Ferragens Santa Rita";"CASA DO PEQUENO";"importacao_excel";"a_pagar";"214,40"
"863254";"2025-09-24";"";"Ferragens Santa Rita";"CASA DO PEQUENO";"importacao_excel";"a_pagar";"406,40"
"863255";"2025-09-24";"";"Ferragens Santa Rita";"CASA DO PEQUENO";"importacao_excel";"a_pagar";"192,00"
"863256";"2025-09-24";"";"Ferragens Santa Rita";"PALES ";"importacao_excel";"a_pagar";"54,00"
"863257";"2025-09-24";"";"Ferragens Santa Rita";"CASA DO PEQUENO";"importacao_excel";"a_pagar";"406,40"
"863258";"2025-09-24";"";"Ferragens Santa Rita";"PALES ";"importacao_excel";"a_pagar";"108,00"
"863259";"2025-09-24";"";"Ferragens Santa Rita";"PALES ";"importacao_excel";"a_pagar";"69,16"
"863260";"2025-09-24";"";"Ferragens Santa Rita";"CASA DO PEQUENO";"importacao_excel";"a_pagar";"414,00"
"863261";"2025-09-24";"";"Ferragens Santa Rita";"Hotel Qiu 2 - Fase 3";"importacao_excel";"a_pagar";"228,04"
"863329";"2025-09-25";"";"Ferragens Santa Rita";"CASA DO PEQUENO";"importacao_excel";"a_pagar";"139,60"
"863331";"2025-09-25";"";"Ferragens Santa Rita";"CASA DO PEQUENO";"importacao_excel";"a_pagar";"268,46"
"863332";"2025-09-25";"";"Ferragens Santa Rita";"CASA DO PEQUENO";"importacao_excel";"a_pagar";"32,44"
"863333";"2025-09-25";"";"Ferragens Santa Rita";"CASA DO PEQUENO";"importacao_excel";"a_pagar";"2,64"
"863324";"2025-09-25";"materiais diversos";"Ferragens Santa Rita";"Santuário - UTC";"importacao_excel";"a_pagar";"37,06"
"863325";"2025-09-25";"";"Ferragens Santa Rita";"CASA DO PEQUENO";"importacao_excel";"a_pagar";"185,00"
"863326";"2025-09-25";"";"Ferragens Santa Rita";"CASA DO PEQUENO";"importacao_excel";"a_pagar";"23,38"
"863327";"2025-09-25";"";"Ferragens Santa Rita";"CASA DO PEQUENO";"importacao_excel";"a_pagar";"2,20"
"863328";"2025-09-25";"";"Ferragens Santa Rita";"CASA DO PEQUENO";"importacao_excel";"a_pagar";"23,40"
"863330";"2025-09-25";"";"Ferragens Santa Rita";"CASA DO PEQUENO";"importacao_excel";"a_pagar";"139,60"
"863334";"2025-09-25";"";"Ferragens Santa Rita";"CASA DO PEQUENO";"importacao_excel";"a_pagar";"43,90"
"863335";"2025-09-25";"";"Ferragens Santa Rita";"CASA DO PEQUENO";"importacao_excel";"a_pagar";"8,64"
"863336";"2025-09-25";"";"Ferragens Santa Rita";"CASA DO PEQUENO";"importacao_excel";"a_pagar";"2,86"
"863337";"2025-09-25";"materiais diversos";"Ferragens Santa Rita";"Santuário - UTC";"importacao_excel";"a_pagar";"5,61"
"863338";"2025-09-25";"";"Ferragens Santa Rita";"CASA DO PEQUENO";"importacao_excel";"a_pagar";"2,86"
"863282";"2025-09-25";"";"Ferragens Santa Rita";"CASA DO PEQUENO";"importacao_excel";"a_pagar";"43,90"
"863283";"2025-09-25";"materiais diversos";"Ferragens Santa Rita";"Santuário - UTC";"importacao_excel";"a_pagar";"5,61"
"863284";"2025-09-25";"materiais diversos";"Ferragens Santa Rita";"Santuário - UTC";"importacao_excel";"a_pagar";"37,06"
"863285";"2025-09-25";"materiais diversos";"Ferragens Santa Rita";"Santuário - UTC";"importacao_excel";"a_pagar";"37,06"
"863286";"2025-09-25";"materiais diversos";"Ferragens Santa Rita";"Santuário - UTC";"importacao_excel";"a_pagar";"5,61"
"863287";"2025-09-25";"";"Ferragens Santa Rita";"CASA DO PEQUENO";"importacao_excel";"a_pagar";"268,46"
"863288";"2025-09-25";"";"Ferragens Santa Rita";"CASA DO PEQUENO";"importacao_excel";"a_pagar";"139,60"
"863289";"2025-09-25";"";"Ferragens Santa Rita";"CASA DO PEQUENO";"importacao_excel";"a_pagar";"17,30"
"863290";"2025-09-25";"";"Ferragens Santa Rita";"CASA DO PEQUENO";"importacao_excel";"a_pagar";"139,60"
"863291";"2025-09-25";"";"Ferragens Santa Rita";"CASA DO PEQUENO";"importacao_excel";"a_pagar";"139,60"
"863292";"2025-09-25";"";"Ferragens Santa Rita";"CASA DO PEQUENO";"importacao_excel";"a_pagar";"23,40"
"863293";"2025-09-25";"";"Ferragens Santa Rita";"CASA DO PEQUENO";"importacao_excel";"a_pagar";"2,20"
"863294";"2025-09-25";"";"Ferragens Santa Rita";"CASA DO PEQUENO";"importacao_excel";"a_pagar";"23,38"
"863295";"2025-09-25";"";"Ferragens Santa Rita";"CASA DO PEQUENO";"importacao_excel";"a_pagar";"185,00"
"863296";"2025-09-25";"";"Ferragens Santa Rita";"CASA DO PEQUENO";"importacao_excel";"a_pagar";"6,20"
"863297";"2025-09-25";"";"Ferragens Santa Rita";"CASA DO PEQUENO";"importacao_excel";"a_pagar";"235,60"
"863298";"2025-09-25";"";"Ferragens Santa Rita";"CASA DO PEQUENO";"importacao_excel";"a_pagar";"17,30"
"863299";"2025-09-25";"";"Ferragens Santa Rita";"CASA DO PEQUENO";"importacao_excel";"a_pagar";"497,40"
"863300";"2025-09-25";"materiais diversos";"Ferragens Santa Rita";"Santuário - UTC";"importacao_excel";"a_pagar";"37,06"
"863301";"2025-09-25";"materiais diversos";"Ferragens Santa Rita";"Santuário - UTC";"importacao_excel";"a_pagar";"5,61"
"863302";"2025-09-25";"";"Ferragens Santa Rita";"CASA DO PEQUENO";"importacao_excel";"a_pagar";"8,64"
"863303";"2025-09-25";"";"Ferragens Santa Rita";"CASA DO PEQUENO";"importacao_excel";"a_pagar";"43,90"
"863304";"2025-09-25";"";"Ferragens Santa Rita";"CASA DO PEQUENO";"importacao_excel";"a_pagar";"2,86"
"863305";"2025-09-25";"";"Ferragens Santa Rita";"CASA DO PEQUENO";"importacao_excel";"a_pagar";"2,64"
"863306";"2025-09-25";"";"Ferragens Santa Rita";"CASA DO PEQUENO";"importacao_excel";"a_pagar";"32,44"
"863307";"2025-09-25";"";"Ferragens Santa Rita";"CASA DO PEQUENO";"importacao_excel";"a_pagar";"268,46"
"863308";"2025-09-25";"";"Ferragens Santa Rita";"CASA DO PEQUENO";"importacao_excel";"a_pagar";"139,60"
"863309";"2025-09-25";"";"Ferragens Santa Rita";"CASA DO PEQUENO";"importacao_excel";"a_pagar";"32,44"
"863310";"2025-09-25";"";"Ferragens Santa Rita";"CASA DO PEQUENO";"importacao_excel";"a_pagar";"23,40"
"863311";"2025-09-25";"";"Ferragens Santa Rita";"CASA DO PEQUENO";"importacao_excel";"a_pagar";"2,20"
"863312";"2025-09-25";"";"Ferragens Santa Rita";"CASA DO PEQUENO";"importacao_excel";"a_pagar";"2,64"
"863313";"2025-09-25";"";"Ferragens Santa Rita";"CASA DO PEQUENO";"importacao_excel";"a_pagar";"23,38"
"863314";"2025-09-25";"";"Ferragens Santa Rita";"CASA DO PEQUENO";"importacao_excel";"a_pagar";"185,00"
"863315";"2025-09-25";"";"Ferragens Santa Rita";"CASA DO PEQUENO";"importacao_excel";"a_pagar";"6,20"
"863316";"2025-09-25";"";"Ferragens Santa Rita";"CASA DO PEQUENO";"importacao_excel";"a_pagar";"235,60"
"863317";"2025-09-25";"";"Ferragens Santa Rita";"CASA DO PEQUENO";"importacao_excel";"a_pagar";"497,40"
"863318";"2025-09-25";"";"Ferragens Santa Rita";"CASA DO PEQUENO";"importacao_excel";"a_pagar";"8,64"
"863319";"2025-09-25";"50 sc Cimento";"Ferragens Santa Rita";"LUCIANA - FINAL BLOCO B";"importacao_excel";"a_pagar";"536,67"
"863320";"2025-09-25";"";"Ferragens Santa Rita";"CASA DO PEQUENO";"importacao_excel";"a_pagar";"497,40"
"863321";"2025-09-25";"";"Ferragens Santa Rita";"CASA DO PEQUENO";"importacao_excel";"a_pagar";"17,30"
"863322";"2025-09-25";"";"Ferragens Santa Rita";"CASA DO PEQUENO";"importacao_excel";"a_pagar";"235,60"
"863323";"2025-09-25";"";"Ferragens Santa Rita";"CASA DO PEQUENO";"importacao_excel";"a_pagar";"6,20"
"863344";"2025-09-26";"MADEIRIT";"Ferragens Santa Rita";"Santuário - UTC";"importacao_excel";"a_pagar";"6,83"
"863345";"2025-09-26";"MADEIRIT";"Ferragens Santa Rita";"Santuário - UTC";"importacao_excel";"a_pagar";"6,83"
"863341";"2025-09-26";"2 spot para trilho";"Eletroguara Materiais Eletricos LTDA";"";"importacao_excel";"a_pagar";"17,50"
"863339";"2025-09-26";"MADEIRIT";"Ferragens Santa Rita";"Santuário - UTC";"importacao_excel";"a_pagar";"6,83"
"863340";"2025-09-26";"2 spot para trilho";"Eletroguara Materiais Eletricos LTDA";"";"importacao_excel";"a_pagar";"17,50"
"863343";"2025-09-26";"MADEIRIT";"Ferragens Santa Rita";"Santuário - UTC";"importacao_excel";"a_pagar";"6,83"
"863357";"2025-09-29";"";"Coimbra";"CASA DO PEQUENO";"importacao_excel";"a_pagar";"98,43"
"863464";"2025-09-29";"";"Coimbra";"Hotel Qiu 2 - Fase 3";"importacao_excel";"a_pagar";"943,33"
"863449";"2025-09-29";"";"Coimbra";"";"importacao_excel";"a_pagar";"122,92"
"863445";"2025-09-29";"";"Coimbra";"CASA DO PEQUENO";"importacao_excel";"a_pagar";"164,98"
"863444";"2025-09-29";"Broca AR 10mm";"Ferragens Santa Rita";"Santuário - UTC";"importacao_excel";"a_pagar";"38,35"
"863425";"2025-09-29";"";"Coimbra";"Hotel Qiu 2 - Fase 3";"importacao_excel";"a_pagar";"663,00"
"863424";"2025-09-29";"";"Coimbra";"Hotel Qiu 2 - Fase 3";"importacao_excel";"a_pagar";"932,00"
"863430";"2025-09-29";"Contrato: Elétrica - 27 - Medição: 1";"Retenção Técnica - MULT LIGHT ENERGIA";"Chlorum Solutions - Uberlândia";"importacao_excel";"a_pagar";"1011,40"
"863346";"2025-09-29";"";"Coimbra";"CASA DO PEQUENO";"importacao_excel";"a_pagar";"240,00"
"863347";"2025-09-29";"";"Coimbra";"CASA DO PEQUENO";"importacao_excel";"a_pagar";"164,98"
"863348";"2025-09-29";"";"Coimbra";"Hotel Qiu 2 - Fase 3";"importacao_excel";"a_pagar";"943,33"
"863349";"2025-09-29";"";"Coimbra";"CASA DO PEQUENO";"importacao_excel";"a_pagar";"164,33"
"863350";"2025-09-29";"";"Coimbra";"CASA DO PEQUENO";"importacao_excel";"a_pagar";"205,33"
"863351";"2025-09-29";"";"Coimbra";"Hotel Qiu 2 - Fase 3";"importacao_excel";"a_pagar";"710,97"
"863352";"2025-09-29";"";"Coimbra";"CASA DO PEQUENO";"importacao_excel";"a_pagar";"55,13"
"863353";"2025-09-29";"";"Coimbra";"Hotel Qiu 2 - Fase 3";"importacao_excel";"a_pagar";"246,65"
"863354";"2025-09-29";"";"Coimbra";"Hotel Qiu 2 - Fase 3";"importacao_excel";"a_pagar";"663,00"
"863355";"2025-09-29";"";"Coimbra";"CASA DO PEQUENO";"importacao_excel";"a_pagar";"85,33"
"863356";"2025-09-29";"";"Coimbra";"Hotel Qiu 2 - Fase 3";"importacao_excel";"a_pagar";"290,60"
"863358";"2025-09-29";"";"Coimbra";"CASA DO PEQUENO";"importacao_excel";"a_pagar";"256,00"
"863359";"2025-09-29";"";"Coimbra";"Hotel Qiu 2 - Fase 3";"importacao_excel";"a_pagar";"1217,40"
"863360";"2025-09-29";"";"Coimbra";"Hotel Qiu 2 - Fase 3";"importacao_excel";"a_pagar";"144,45"
"863361";"2025-09-29";"";"Coimbra";"Hotel Qiu 2 - Fase 3";"importacao_excel";"a_pagar";"865,00"
"863362";"2025-09-29";"";"Coimbra";"Hotel Qiu 2 - Fase 3";"importacao_excel";"a_pagar";"932,00"
"863363";"2025-09-29";"";"Coimbra";"CASA DO PEQUENO";"importacao_excel";"a_pagar";"52,40"
"863364";"2025-09-29";"150 canaletas cerâmicas";"Coimbra";"LUCIANA - FINAL BLOCO B";"importacao_excel";"a_pagar";"0,08"
"863365";"2025-09-29";"150 canaletas cerâmicas";"Coimbra";"LUCIANA - FINAL BLOCO B";"importacao_excel";"a_pagar";"0,08"
"863366";"2025-09-29";"";"Coimbra";"CASA DO PEQUENO";"importacao_excel";"a_pagar";"52,40"
"863367";"2025-09-29";"";"Coimbra";"Hotel Qiu 2 - Fase 3";"importacao_excel";"a_pagar";"663,00"
"863368";"2025-09-29";"";"Coimbra";"CASA DO PEQUENO";"importacao_excel";"a_pagar";"557,77"
"863369";"2025-09-29";"";"Coimbra";"CASA DO PEQUENO";"importacao_excel";"a_pagar";"96,12"
"863370";"2025-09-29";"";"Coimbra";"";"importacao_excel";"a_pagar";"122,92"
"863371";"2025-09-29";"";"Coimbra";"";"importacao_excel";"a_pagar";"122,92"
"863372";"2025-09-29";"150 canaletas cerâmicas";"Coimbra";"LUCIANA - FINAL BLOCO B";"importacao_excel";"a_pagar";"0,08"
"863373";"2025-09-29";"";"Coimbra";"CASA DO PEQUENO";"importacao_excel";"a_pagar";"52,40"
"863374";"2025-09-29";"";"Coimbra";"Hotel Qiu 2 - Fase 3";"importacao_excel";"a_pagar";"663,00"
"863375";"2025-09-29";"";"Coimbra";"Hotel Qiu 2 - Fase 3";"importacao_excel";"a_pagar";"932,00"
"863376";"2025-09-29";"";"Coimbra";"Hotel Qiu 2 - Fase 3";"importacao_excel";"a_pagar";"865,00"
"863377";"2025-09-29";"";"Coimbra";"Hotel Qiu 2 - Fase 3";"importacao_excel";"a_pagar";"144,45"
"863378";"2025-09-29";"";"Coimbra";"Hotel Qiu 2 - Fase 3";"importacao_excel";"a_pagar";"1217,40"
"863379";"2025-09-29";"";"Coimbra";"Hotel Qiu 2 - Fase 3";"importacao_excel";"a_pagar";"290,60"
"863380";"2025-09-29";"";"Coimbra";"CASA DO PEQUENO";"importacao_excel";"a_pagar";"256,00"
"863381";"2025-09-29";"";"Coimbra";"CASA DO PEQUENO";"importacao_excel";"a_pagar";"98,43"
"863382";"2025-09-29";"";"Coimbra";"CASA DO PEQUENO";"importacao_excel";"a_pagar";"85,33"
"863383";"2025-09-29";"";"Coimbra";"CASA DO PEQUENO";"importacao_excel";"a_pagar";"557,77"
"863384";"2025-09-29";"";"Coimbra";"Hotel Qiu 2 - Fase 3";"importacao_excel";"a_pagar";"246,65"
"863385";"2025-09-29";"";"Coimbra";"Hotel Qiu 2 - Fase 3";"importacao_excel";"a_pagar";"943,33"
"863386";"2025-09-29";"";"Coimbra";"CASA DO PEQUENO";"importacao_excel";"a_pagar";"55,13"
"863387";"2025-09-29";"";"Coimbra";"Hotel Qiu 2 - Fase 3";"importacao_excel";"a_pagar";"710,97"
"863388";"2025-09-29";"";"Coimbra";"CASA DO PEQUENO";"importacao_excel";"a_pagar";"164,33"
"863389";"2025-09-29";"";"Coimbra";"CASA DO PEQUENO";"importacao_excel";"a_pagar";"240,00"
"863390";"2025-09-29";"";"Coimbra";"CASA DO PEQUENO";"importacao_excel";"a_pagar";"164,98"
"863391";"2025-09-29";"";"Coimbra";"CASA DO PEQUENO";"importacao_excel";"a_pagar";"205,33"
"863392";"2025-09-29";"";"Coimbra";"CASA DO PEQUENO";"importacao_excel";"a_pagar";"96,12"
"863393";"2025-09-29";"";"Coimbra";"CASA DO PEQUENO";"importacao_excel";"a_pagar";"123,90"
"863394";"2025-09-29";"";"Coimbra";"Hotel Qiu 2 - Fase 3";"importacao_excel";"a_pagar";"932,00"
"863395";"2025-09-29";"";"Coimbra";"CASA DO PEQUENO";"importacao_excel";"a_pagar";"176,67"
"863396";"2025-09-29";"";"Coimbra";"CASA DO PEQUENO";"importacao_excel";"a_pagar";"256,00"
"863397";"2025-09-29";"";"Coimbra";"CASA DO PEQUENO";"importacao_excel";"a_pagar";"820,25"
"863398";"2025-09-29";"";"Coimbra";"CASA DO PEQUENO";"importacao_excel";"a_pagar";"820,25"
"863399";"2025-09-29";"";"Coimbra";"CASA DO PEQUENO";"importacao_excel";"a_pagar";"256,00"
"863400";"2025-09-29";"";"Coimbra";"CASA DO PEQUENO";"importacao_excel";"a_pagar";"176,67"
"863401";"2025-09-29";"";"Coimbra";"CASA DO PEQUENO";"importacao_excel";"a_pagar";"123,90"
"863402";"2025-09-29";"";"Coimbra";"Hotel Qiu 2 - Fase 3";"importacao_excel";"a_pagar";"865,00"
"863403";"2025-09-29";"";"Ferragens Santa Rita";"Santuário - UTC";"importacao_excel";"a_pagar";"43,00"
"863404";"2025-09-29";"";"Coimbra";"Hotel Qiu 2 - Fase 3";"importacao_excel";"a_pagar";"1217,40"
"863405";"2025-09-29";"";"Coimbra";"";"importacao_excel";"a_pagar";"122,92"
"863406";"2025-09-29";"";"Coimbra";"CASA DO PEQUENO";"importacao_excel";"a_pagar";"123,90"
"863407";"2025-09-29";"";"Coimbra";"CASA DO PEQUENO";"importacao_excel";"a_pagar";"96,12"
"863408";"2025-09-29";"";"Coimbra";"CASA DO PEQUENO";"importacao_excel";"a_pagar";"205,33"
"863409";"2025-09-29";"";"Coimbra";"CASA DO PEQUENO";"importacao_excel";"a_pagar";"164,98"
"863410";"2025-09-29";"";"Coimbra";"CASA DO PEQUENO";"importacao_excel";"a_pagar";"240,00"
"863411";"2025-09-29";"";"Coimbra";"CASA DO PEQUENO";"importacao_excel";"a_pagar";"164,33"
"863412";"2025-09-29";"";"Coimbra";"Hotel Qiu 2 - Fase 3";"importacao_excel";"a_pagar";"710,97"
"863413";"2025-09-29";"";"Coimbra";"CASA DO PEQUENO";"importacao_excel";"a_pagar";"55,13"
"863414";"2025-09-29";"";"Coimbra";"Hotel Qiu 2 - Fase 3";"importacao_excel";"a_pagar";"943,33"
"863415";"2025-09-29";"";"Coimbra";"Hotel Qiu 2 - Fase 3";"importacao_excel";"a_pagar";"246,65"
"863416";"2025-09-29";"";"Coimbra";"CASA DO PEQUENO";"importacao_excel";"a_pagar";"557,77"
"863417";"2025-09-29";"";"Coimbra";"CASA DO PEQUENO";"importacao_excel";"a_pagar";"176,67"
"863418";"2025-09-29";"";"Coimbra";"CASA DO PEQUENO";"importacao_excel";"a_pagar";"85,33"
"863419";"2025-09-29";"";"Coimbra";"CASA DO PEQUENO";"importacao_excel";"a_pagar";"98,43"
"863420";"2025-09-29";"";"Coimbra";"CASA DO PEQUENO";"importacao_excel";"a_pagar";"256,00"
"863421";"2025-09-29";"";"Coimbra";"Hotel Qiu 2 - Fase 3";"importacao_excel";"a_pagar";"1217,40"
"863422";"2025-09-29";"";"Coimbra";"Hotel Qiu 2 - Fase 3";"importacao_excel";"a_pagar";"144,45"
"863423";"2025-09-29";"";"Coimbra";"Hotel Qiu 2 - Fase 3";"importacao_excel";"a_pagar";"865,00"
"863426";"2025-09-29";"";"Coimbra";"CASA DO PEQUENO";"importacao_excel";"a_pagar";"52,40"
"863427";"2025-09-29";"150 canaletas cerâmicas";"Coimbra";"LUCIANA - FINAL BLOCO B";"importacao_excel";"a_pagar";"0,08"
"863428";"2025-09-29";"";"Ferragens Santa Rita";"Santuário - UTC";"importacao_excel";"a_pagar";"43,00"
"863429";"2025-09-29";"";"Ferragens Santa Rita";"CASA DO PEQUENO";"importacao_excel";"a_pagar";"54,20"
"863431";"2025-09-29";"";"Coimbra";"Hotel Qiu 2 - Fase 3";"importacao_excel";"a_pagar";"290,60"
"863432";"2025-09-29";"";"Coimbra";"CASA DO PEQUENO";"importacao_excel";"a_pagar";"256,00"
"863433";"2025-09-29";"";"Coimbra";"CASA DO PEQUENO";"importacao_excel";"a_pagar";"820,25"
"863434";"2025-09-29";"";"Eletroguara Materiais Eletricos LTDA";"Luciana - Residencial Multifamiliar - Etapa Final";"importacao_excel";"a_pagar";"41,88"
"863435";"2025-09-29";"";"Coimbra";"CASA DO PEQUENO";"importacao_excel";"a_pagar";"256,00"
"863436";"2025-09-29";"";"Coimbra";"CASA DO PEQUENO";"importacao_excel";"a_pagar";"98,43"
"863437";"2025-09-29";"";"Coimbra";"Hotel Qiu 2 - Fase 3";"importacao_excel";"a_pagar";"290,60"
"863438";"2025-09-29";"";"Coimbra";"CASA DO PEQUENO";"importacao_excel";"a_pagar";"85,33"
"863439";"2025-09-29";"";"Coimbra";"CASA DO PEQUENO";"importacao_excel";"a_pagar";"557,77"
"863440";"2025-09-29";"";"Coimbra";"Hotel Qiu 2 - Fase 3";"importacao_excel";"a_pagar";"246,65"
"863441";"2025-09-29";"";"Coimbra";"CASA DO PEQUENO";"importacao_excel";"a_pagar";"55,13"
"863442";"2025-09-29";"";"Coimbra";"Hotel Qiu 2 - Fase 3";"importacao_excel";"a_pagar";"710,97"
"863443";"2025-09-29";"";"Coimbra";"CASA DO PEQUENO";"importacao_excel";"a_pagar";"164,33"
"863446";"2025-09-29";"";"Coimbra";"CASA DO PEQUENO";"importacao_excel";"a_pagar";"205,33"
"863447";"2025-09-29";"";"Coimbra";"CASA DO PEQUENO";"importacao_excel";"a_pagar";"96,12"
"863448";"2025-09-29";"";"Coimbra";"CASA DO PEQUENO";"importacao_excel";"a_pagar";"123,90"
"863450";"2025-09-29";"";"Coimbra";"CASA DO PEQUENO";"importacao_excel";"a_pagar";"176,67"
"863451";"2025-09-29";"";"Coimbra";"CASA DO PEQUENO";"importacao_excel";"a_pagar";"256,00"
"863452";"2025-09-29";"";"Coimbra";"CASA DO PEQUENO";"importacao_excel";"a_pagar";"820,25"
"863453";"2025-09-29";"";"Ferragens Santa Rita";"CASA DO PEQUENO";"importacao_excel";"a_pagar";"54,20"
"863454";"2025-09-29";"";"Ferragens Santa Rita";"Santuário - UTC";"importacao_excel";"a_pagar";"43,00"
"863455";"2025-09-29";"Broca AR 10mm";"Ferragens Santa Rita";"Santuário - UTC";"importacao_excel";"a_pagar";"38,35"
"863456";"2025-09-29";"Broca AR 10mm";"Ferragens Santa Rita";"Santuário - UTC";"importacao_excel";"a_pagar";"38,35"
"863457";"2025-09-29";"Broca AR 10mm";"Ferragens Santa Rita";"Santuário - UTC";"importacao_excel";"a_pagar";"38,35"
"863458";"2025-09-29";"";"Eletroguara Materiais Eletricos LTDA";"PALES ";"importacao_excel";"a_pagar";"322,00"
"863459";"2025-09-29";"";"Eletroguara Materiais Eletricos LTDA";"";"importacao_excel";"a_pagar";"257,50"
"863460";"2025-09-29";"";"Eletroguara Materiais Eletricos LTDA";"PALES ";"importacao_excel";"a_pagar";"64,38"
"863461";"2025-09-29";"";"Eletroguara Materiais Eletricos LTDA";"LUCIANA - FINAL BLOCO B";"importacao_excel";"a_pagar";"358,26"
"863462";"2025-09-29";"";"Coimbra";"Hotel Qiu 2 - Fase 3";"importacao_excel";"a_pagar";"144,45"
"863463";"2025-09-29";"";"Coimbra";"CASA DO PEQUENO";"importacao_excel";"a_pagar";"240,00"
"863465";"2025-09-29";"";"Eletroguara Materiais Eletricos LTDA";"Luciana - Residencial Multifamiliar - Etapa Final";"importacao_excel";"a_pagar";"41,88"
"863466";"2025-09-29";"";"Eletroguara Materiais Eletricos LTDA";"PALES ";"importacao_excel";"a_pagar";"64,38"
"863467";"2025-09-29";"";"Eletroguara Materiais Eletricos LTDA";"LUCIANA - FINAL BLOCO B";"importacao_excel";"a_pagar";"358,26"
"863468";"2025-09-29";"";"Eletroguara Materiais Eletricos LTDA";"";"importacao_excel";"a_pagar";"257,50"
"863469";"2025-09-29";"";"Ferragens Santa Rita";"CASA DO PEQUENO";"importacao_excel";"a_pagar";"54,20"
"863470";"2025-09-29";"";"Eletroguara Materiais Eletricos LTDA";"PALES ";"importacao_excel";"a_pagar";"322,00"
"863491";"2025-09-30";"";"J Alves Locação de Andaimes e Equipamentos Ltda";"Car Sanitários";"importacao_excel";"a_pagar";"11,57"
"863489";"2025-09-30";"";"J Alves Locação de Andaimes e Equipamentos Ltda";"CASA DO PEQUENO";"importacao_excel";"a_pagar";"2324,07"
"863487";"2025-09-30";"";"J Alves Locação de Andaimes e Equipamentos Ltda";"CASA DO PEQUENO";"importacao_excel";"a_pagar";"2324,07"
"863485";"2025-09-30";"";"J Alves Locação de Andaimes e Equipamentos Ltda";"Car Sanitários";"importacao_excel";"a_pagar";"11,57"
"863484";"2025-09-30";"";"J Alves Locação de Andaimes e Equipamentos Ltda";"PALES ";"importacao_excel";"a_pagar";"832,64"
"863483";"2025-09-30";"";"J Alves Locação de Andaimes e Equipamentos Ltda";"PALES ";"importacao_excel";"a_pagar";"832,64"
"863482";"2025-09-30";"";"J Alves Locação de Andaimes e Equipamentos Ltda";"Santuário - UTC";"importacao_excel";"a_pagar";"1654,57"
"863481";"2025-09-30";"";"J Alves Locação de Andaimes e Equipamentos Ltda";"Car Sanitários";"importacao_excel";"a_pagar";"11,57"
"863480";"2025-09-30";"";"J Alves Locação de Andaimes e Equipamentos Ltda";"CASA DO PEQUENO";"importacao_excel";"a_pagar";"2324,07"
"863479";"2025-09-30";"";"J Alves Locação de Andaimes e Equipamentos Ltda";"Santuário - UTC";"importacao_excel";"a_pagar";"1654,57"
"863478";"2025-09-30";"";"J Alves Locação de Andaimes e Equipamentos Ltda";"Car Sanitários";"importacao_excel";"a_pagar";"11,57"
"863477";"2025-09-30";"";"J Alves Locação de Andaimes e Equipamentos Ltda";"Santuário - UTC";"importacao_excel";"a_pagar";"1654,57"
"863476";"2025-09-30";"";"J Alves Locação de Andaimes e Equipamentos Ltda";"CASA DO PEQUENO";"importacao_excel";"a_pagar";"2324,07"
"863474";"2025-09-30";"";"J Alves Locação de Andaimes e Equipamentos Ltda";"CASA DO PEQUENO";"importacao_excel";"a_pagar";"2324,07"
"863473";"2025-09-30";"";"J Alves Locação de Andaimes e Equipamentos Ltda";"PALES ";"importacao_excel";"a_pagar";"832,64"
"863472";"2025-09-30";"";"J Alves Locação de Andaimes e Equipamentos Ltda";"Car Sanitários";"importacao_excel";"a_pagar";"11,57"
"863471";"2025-09-30";"";"J Alves Locação de Andaimes e Equipamentos Ltda";"Santuário - UTC";"importacao_excel";"a_pagar";"1654,57"
"863490";"2025-09-30";"Contrato: Pintura interna do C4 - 119 - Medição: 3";"Retenção Técnica - Uberlândia Pinte";"Chlorum Solutions - Uberlândia";"importacao_excel";"a_pagar";"62,50"
"863475";"2025-09-30";"Contrato:  Piso intertravado, meio fio e sarjeta. - 168 - Medição: 2";"Retenção Técnica - Paulo Vitor Martins Felipe";"Chlorum Solutions - Uberlândia";"importacao_excel";"a_pagar";"737,88"
"863486";"2025-09-30";"Contrato: Elétrica - 32 - Medição: 5";"Retenção Técnica - Márcio Eletricista";"Luciana - Residencial Multifamiliar 2ª Etapa";"importacao_excel";"a_pagar";"200,00"
"863488";"2025-09-30";"Contrato: Contrato Pintura - 78 - Medição: 3";"Retenção Técnica - Uberlândia Pinte";"Chlorum Solutions - Uberlândia";"importacao_excel";"a_pagar";"105,00"
"863494";"2025-09-30";"";"J Alves Locação de Andaimes e Equipamentos Ltda";"PALES ";"importacao_excel";"a_pagar";"832,64"
"863493";"2025-09-30";"";"J Alves Locação de Andaimes e Equipamentos Ltda";"Santuário - UTC";"importacao_excel";"a_pagar";"1654,57"
"863492";"2025-09-30";"";"J Alves Locação de Andaimes e Equipamentos Ltda";"PALES ";"importacao_excel";"a_pagar";"832,64"
"863516";"2025-10-01";"";"J Alves Locação de Andaimes e Equipamentos Ltda";"Hotel Qiu 2 - Fase 3";"importacao_excel";"a_pagar";"51,43"
"863513";"2025-10-01";"";"J Alves Locação de Andaimes e Equipamentos Ltda";"Hotel Qiu 2 - Fase 3";"importacao_excel";"a_pagar";"71,43"
"863515";"2025-10-01";"";"J Alves Locação de Andaimes e Equipamentos Ltda";"Hotel Qiu 2 - Fase 3";"importacao_excel";"a_pagar";"595,86"
"863514";"2025-10-01";"";"J Alves Locação de Andaimes e Equipamentos Ltda";"Hotel Qiu 2 - Fase 3";"importacao_excel";"a_pagar";"182,86"
"863504";"2025-10-01";"";"J Alves Locação de Andaimes e Equipamentos Ltda";"Hotel Qiu 2 - Fase 3";"importacao_excel";"a_pagar";"182,86"
"863506";"2025-10-01";"";"J Alves Locação de Andaimes e Equipamentos Ltda";"Hotel Qiu 2 - Fase 3";"importacao_excel";"a_pagar";"142,86"
"863507";"2025-10-01";"";"J Alves Locação de Andaimes e Equipamentos Ltda";"Hotel Qiu 2 - Fase 3";"importacao_excel";"a_pagar";"71,43"
"863508";"2025-10-01";"";"J Alves Locação de Andaimes e Equipamentos Ltda";"Hotel Qiu 2 - Fase 3";"importacao_excel";"a_pagar";"595,86"
"863510";"2025-10-01";"";"J Alves Locação de Andaimes e Equipamentos Ltda";"Hotel Qiu 2 - Fase 3";"importacao_excel";"a_pagar";"595,86"
"863502";"2025-10-01";"";"J Alves Locação de Andaimes e Equipamentos Ltda";"Hotel Qiu 2 - Fase 3";"importacao_excel";"a_pagar";"595,86"
"863501";"2025-10-01";"";"J Alves Locação de Andaimes e Equipamentos Ltda";"Hotel Qiu 2 - Fase 3";"importacao_excel";"a_pagar";"51,43"
"863500";"2025-10-01";"";"J Alves Locação de Andaimes e Equipamentos Ltda";"Hotel Qiu 2 - Fase 3";"importacao_excel";"a_pagar";"142,86"
"863503";"2025-10-01";"";"J Alves Locação de Andaimes e Equipamentos Ltda";"Hotel Qiu 2 - Fase 3";"importacao_excel";"a_pagar";"182,86"
"863509";"2025-10-01";"Contrato: Formas - 170 - Medição: 2";"Sergovale Construções Ltda";"Santuário - UTC";"importacao_excel";"a_pagar";"1783,15"
"863499";"2025-10-01";"";"J Alves Locação de Andaimes e Equipamentos Ltda";"Hotel Qiu 2 - Fase 3";"importacao_excel";"a_pagar";"51,43"
"863498";"2025-10-01";"";"J Alves Locação de Andaimes e Equipamentos Ltda";"Hotel Qiu 2 - Fase 3";"importacao_excel";"a_pagar";"182,86"
"863511";"2025-10-01";"";"J Alves Locação de Andaimes e Equipamentos Ltda";"Hotel Qiu 2 - Fase 3";"importacao_excel";"a_pagar";"71,43"
"863497";"2025-10-01";"";"J Alves Locação de Andaimes e Equipamentos Ltda";"Hotel Qiu 2 - Fase 3";"importacao_excel";"a_pagar";"71,43"
"863496";"2025-10-01";"";"J Alves Locação de Andaimes e Equipamentos Ltda";"Hotel Qiu 2 - Fase 3";"importacao_excel";"a_pagar";"51,43"
"863495";"2025-10-01";"";"J Alves Locação de Andaimes e Equipamentos Ltda";"Hotel Qiu 2 - Fase 3";"importacao_excel";"a_pagar";"142,86"
"863512";"2025-10-01";"";"J Alves Locação de Andaimes e Equipamentos Ltda";"Hotel Qiu 2 - Fase 3";"importacao_excel";"a_pagar";"595,86"
"863521";"2025-10-01";"";"J Alves Locação de Andaimes e Equipamentos Ltda";"Hotel Qiu 2 - Fase 3";"importacao_excel";"a_pagar";"142,86"
"863520";"2025-10-01";"";"J Alves Locação de Andaimes e Equipamentos Ltda";"Hotel Qiu 2 - Fase 3";"importacao_excel";"a_pagar";"71,43"
"863519";"2025-10-01";"";"J Alves Locação de Andaimes e Equipamentos Ltda";"Hotel Qiu 2 - Fase 3";"importacao_excel";"a_pagar";"142,86"
"863518";"2025-10-01";"";"J Alves Locação de Andaimes e Equipamentos Ltda";"Hotel Qiu 2 - Fase 3";"importacao_excel";"a_pagar";"182,86"
"863517";"2025-10-01";"";"J Alves Locação de Andaimes e Equipamentos Ltda";"Hotel Qiu 2 - Fase 3";"importacao_excel";"a_pagar";"51,43"
"863531";"2025-10-02";"22 cx viaplus 1000";"Himasa";"Santuário - UTC";"importacao_excel";"a_pagar";"318,34"
"863525";"2025-10-02";"Contrato: Carpintaria - 130 - Medição: 4";"Sergovale Construções Ltda";"Santuário - UTC";"importacao_excel";"a_pagar";"2250,00"
"863522";"2025-10-02";"";"Regis Papelaria Presentes";"CASA DO PEQUENO";"importacao_excel";"a_pagar";"21,50"
"863523";"2025-10-02";"";"Regis Papelaria Presentes";"CASA DO PEQUENO";"importacao_excel";"a_pagar";"127,10"
"863526";"2025-10-02";"";"J Alves Locação de Andaimes e Equipamentos Ltda";"LUCIANA - FINAL BLOCO B";"importacao_excel";"a_pagar";"750,50"
"863527";"2025-10-02";"";"J Alves Locação de Andaimes e Equipamentos Ltda";"LUCIANA - FINAL BLOCO B";"importacao_excel";"a_pagar";"750,50"
"863528";"2025-10-02";"";"J Alves Locação de Andaimes e Equipamentos Ltda";"LUCIANA - FINAL BLOCO B";"importacao_excel";"a_pagar";"750,50"
"863530";"2025-10-02";"";"Regis Papelaria Presentes";"";"importacao_excel";"a_pagar";"641,85"
"863532";"2025-10-02";"";"J Alves Locação de Andaimes e Equipamentos Ltda";"LUCIANA - FINAL BLOCO B";"importacao_excel";"a_pagar";"750,50"
"863533";"2025-10-02";"";"J Alves Locação de Andaimes e Equipamentos Ltda";"LUCIANA - FINAL BLOCO B";"importacao_excel";"a_pagar";"750,50"
"863524";"2025-10-02";"22 cx viaplus 1000";"Himasa";"Santuário - UTC";"importacao_excel";"a_pagar";"318,34"
"863529";"2025-10-02";"60 sc cimento";"Ferragens Santa Rita";"Santuário - UTC";"importacao_excel";"a_pagar";"644,00"
"863536";"2025-10-03";"Medição - Set/2025";"Sergovale Construções Ltda";"Santuário - UTC";"importacao_excel";"a_pagar";"600,00"
"863537";"2025-10-03";"30m sarrafo de  15cm";"Ferragens Santa Rita";"Santuário - UTC";"importacao_excel";"a_pagar";"51,20"
"863538";"2025-10-03";"30m sarrafo de  15cm";"Ferragens Santa Rita";"Santuário - UTC";"importacao_excel";"a_pagar";"51,16"
"863540";"2025-10-03";"30m sarrafo de  15cm";"Ferragens Santa Rita";"Santuário - UTC";"importacao_excel";"a_pagar";"51,16"
"863541";"2025-10-03";"30m sarrafo de  15cm";"Ferragens Santa Rita";"Santuário - UTC";"importacao_excel";"a_pagar";"51,16"
"863535";"2025-10-03";"Medição - Set/2025";"Retenção Técnica - São José Ferragem Armada";"Santuário - UTC";"importacao_excel";"a_pagar";"1018,23"
"863542";"2025-10-03";"Medição - Set/2025";"Sergovale Construções Ltda";"Santuário - UTC";"importacao_excel";"a_pagar";"1066,85"
"863534";"2025-10-03";"Medição - Set/2025";"Sergovale Construções Ltda";"Santuário - UTC";"importacao_excel";"a_pagar";"495,00"
"863539";"2025-10-03";"Contrato:  Piso intertravado, meio fio e sarjeta. - 168 - Medição: 3";"Retenção Técnica - Paulo Vitor Martins Felipe";"Chlorum Solutions - Uberlândia";"importacao_excel";"a_pagar";"1035,00"
"863601";"2025-10-06";"mandril de 1/2";"Ferragens Santa Rita";"Santuário - UTC";"importacao_excel";"a_pagar";"7,12"
"863602";"2025-10-06";"";"Ferragens Santa Rita";"CASA DO PEQUENO";"importacao_excel";"a_pagar";"178,67"
"863603";"2025-10-06";"";"Ferragens Santa Rita";"Santuário - UTC";"importacao_excel";"a_pagar";"13,77"
"863604";"2025-10-06";"";"Ferragens Santa Rita";"Santuário - UTC";"importacao_excel";"a_pagar";"89,33"
"863605";"2025-10-06";"3500 lajotas ceramicas 19 x19x 29";"Coimbra";"LUCIANA - FINAL BLOCO B";"importacao_excel";"a_pagar";"1662,50"
"863606";"2025-10-06";"";"Ferragens Santa Rita";"Santuário - UTC";"importacao_excel";"a_pagar";"15,63"
"863607";"2025-10-06";"materiais diversos canteiro";"Ferragens Santa Rita";"Santuário - UTC";"importacao_excel";"a_pagar";"13,43"
"863608";"2025-10-06";"";"Ferragens Santa Rita";"Santuário - UTC";"importacao_excel";"a_pagar";"2,67"
"863609";"2025-10-06";"materiais diversos canteiro";"Ferragens Santa Rita";"Santuário - UTC";"importacao_excel";"a_pagar";"13,43"
"863610";"2025-10-06";"";"Ferragens Santa Rita";"CASA DO PEQUENO";"importacao_excel";"a_pagar";"497,17"
"863611";"2025-10-06";"";"Ferragens Santa Rita";"Santuário - UTC";"importacao_excel";"a_pagar";"15,63"
"863612";"2025-10-06";"";"Ferragens Santa Rita";"Santuário - UTC";"importacao_excel";"a_pagar";"227,83"
"863613";"2025-10-06";"";"Ferragens Santa Rita";"Santuário - UTC";"importacao_excel";"a_pagar";"89,33"
"863614";"2025-10-06";"";"Ferragens Santa Rita";"Santuário - UTC";"importacao_excel";"a_pagar";"227,83"
"863615";"2025-10-06";"";"Ferragens Santa Rita";"CASA DO PEQUENO";"importacao_excel";"a_pagar";"178,67"
"863616";"2025-10-06";"";"Ferragens Santa Rita";"Hotel Qiu 2 - Fase 3";"importacao_excel";"a_pagar";"178,67"
"863617";"2025-10-06";"";"Ferragens Santa Rita";"Santuário - UTC";"importacao_excel";"a_pagar";"227,83"
"863618";"2025-10-06";"";"Ferragens Santa Rita";"Hotel Qiu 2 - Fase 3";"importacao_excel";"a_pagar";"178,67"
"863619";"2025-10-06";"3500 lajotas ceramicas 19 x19x 29";"Coimbra";"LUCIANA - FINAL BLOCO B";"importacao_excel";"a_pagar";"1662,50"
"863620";"2025-10-06";"";"Ferragens Santa Rita";"Hotel Qiu 2 - Fase 3";"importacao_excel";"a_pagar";"178,67"
"863621";"2025-10-06";"3500 lajotas ceramicas 19 x19x 29";"Coimbra";"LUCIANA - FINAL BLOCO B";"importacao_excel";"a_pagar";"1662,50"
"863622";"2025-10-06";"";"Ferragens Santa Rita";"POS OBRA";"importacao_excel";"a_pagar";"45,00"
"863623";"2025-10-06";"";"Ferragens Santa Rita";"LUCIANA - FINAL BLOCO B";"importacao_excel";"a_pagar";"58,33"
"863624";"2025-10-06";"";"Ferragens Santa Rita";"Hotel Qiu 2 - Fase 3";"importacao_excel";"a_pagar";"495,00"
"863625";"2025-10-06";"";"Ferragens Santa Rita";"Hotel Qiu 2 - Fase 3";"importacao_excel";"a_pagar";"178,67"
"863626";"2025-10-06";"";"Ferragens Santa Rita";"Hotel Qiu 2 - Fase 3";"importacao_excel";"a_pagar";"178,67"
"863627";"2025-10-06";"";"Ferragens Santa Rita";"Hotel Qiu 2 - Fase 3";"importacao_excel";"a_pagar";"178,67"
"863628";"2025-10-06";"";"Ferragens Santa Rita";"CASA DO PEQUENO";"importacao_excel";"a_pagar";"1,67"
"863629";"2025-10-06";"";"Ferragens Santa Rita";"Hotel Qiu 2 - Fase 3";"importacao_excel";"a_pagar";"31,17"
"863630";"2025-10-06";"";"Ferragens Santa Rita";"CASA DO PEQUENO";"importacao_excel";"a_pagar";"6,60"
"863631";"2025-10-06";"";"Ferragens Santa Rita";"CASA DO PEQUENO";"importacao_excel";"a_pagar";"116,50"
"863632";"2025-10-06";"";"Ferragens Santa Rita";"Hotel Qiu 2 - Fase 3";"importacao_excel";"a_pagar";"254,17"
"863633";"2025-10-06";"";"Ferragens Santa Rita";"Santuário - UTC";"importacao_excel";"a_pagar";"57,32"
"863634";"2025-10-06";"";"Ferragens Santa Rita";"Hotel Qiu 2 - Fase 3";"importacao_excel";"a_pagar";"178,67"
"863635";"2025-10-06";"";"Ferragens Santa Rita";"CASA DO PEQUENO";"importacao_excel";"a_pagar";"4,47"
"863636";"2025-10-06";"";"Ferragens Santa Rita";"Hotel Qiu 2 - Fase 3";"importacao_excel";"a_pagar";"495,00"
"863637";"2025-10-06";"";"Ferragens Santa Rita";"Santuário - UTC";"importacao_excel";"a_pagar";"12,30"
"863638";"2025-10-06";"";"Ferragens Santa Rita";"Santuário - UTC";"importacao_excel";"a_pagar";"2,67"
"863639";"2025-10-06";"";"Ferragens Santa Rita";"LUCIANA - FINAL BLOCO B";"importacao_excel";"a_pagar";"58,33"
"863640";"2025-10-06";"";"Ferragens Santa Rita";"POS OBRA";"importacao_excel";"a_pagar";"45,00"
"863641";"2025-10-06";"materiais diversos canteiro";"Ferragens Santa Rita";"Santuário - UTC";"importacao_excel";"a_pagar";"13,43"
"863642";"2025-10-06";"";"Ferragens Santa Rita";"CASA DO PEQUENO";"importacao_excel";"a_pagar";"497,17"
"863643";"2025-10-06";"";"Ferragens Santa Rita";"Hotel Qiu 2 - Fase 3";"importacao_excel";"a_pagar";"178,67"
"863644";"2025-10-06";"";"Ferragens Santa Rita";"Santuário - UTC";"importacao_excel";"a_pagar";"13,77"
"863645";"2025-10-06";"";"Ferragens Santa Rita";"Santuário - UTC";"importacao_excel";"a_pagar";"89,33"
"863646";"2025-10-06";"";"Ferragens Santa Rita";"CASA DO PEQUENO";"importacao_excel";"a_pagar";"178,67"
"863647";"2025-10-06";"mandril de 1/2";"Ferragens Santa Rita";"Santuário - UTC";"importacao_excel";"a_pagar";"7,12"
"863648";"2025-10-06";"";"Ferragens Santa Rita";"Santuário - UTC";"importacao_excel";"a_pagar";"15,63"
"863649";"2025-10-06";"";"Ferragens Santa Rita";"Santuário - UTC";"importacao_excel";"a_pagar";"13,30"
"863585";"2025-10-06";"";"Ferragens Santa Rita";"CASA DO PEQUENO";"importacao_excel";"a_pagar";"1,67"
"863584";"2025-10-06";"";"Ferragens Santa Rita";"Hotel Qiu 2 - Fase 3";"importacao_excel";"a_pagar";"495,00"
"863583";"2025-10-06";"";"Ferragens Santa Rita";"LUCIANA - FINAL BLOCO B";"importacao_excel";"a_pagar";"58,33"
"863582";"2025-10-06";"";"Ferragens Santa Rita";"POS OBRA";"importacao_excel";"a_pagar";"45,00"
"863581";"2025-10-06";"";"Pier Brasil Comércio de Máquinas, Ferramentas e acessórios";"Hotel Qiu 2 - Fase 3";"importacao_excel";"a_pagar";"62,10"
"863580";"2025-10-06";"";"Pier Brasil Comércio de Máquinas, Ferramentas e acessórios";"Hotel Qiu 2 - Fase 3";"importacao_excel";"a_pagar";"266,67"
"863579";"2025-10-06";"";"Ferragens Santa Rita";"Santuário - UTC";"importacao_excel";"a_pagar";"57,32"
"863578";"2025-10-06";"";"Ferragens Santa Rita";"Santuário - UTC";"importacao_excel";"a_pagar";"12,30"
"863577";"2025-10-06";"";"Ferragens Santa Rita";"CASA DO PEQUENO";"importacao_excel";"a_pagar";"4,47"
"863576";"2025-10-06";"";"Ferragens Santa Rita";"CASA DO PEQUENO";"importacao_excel";"a_pagar";"116,50"
"863575";"2025-10-06";"";"Ferragens Santa Rita";"Hotel Qiu 2 - Fase 3";"importacao_excel";"a_pagar";"254,17"
"863574";"2025-10-06";"";"Ferragens Santa Rita";"Hotel Qiu 2 - Fase 3";"importacao_excel";"a_pagar";"31,17"
"863573";"2025-10-06";"";"Ferragens Santa Rita";"CASA DO PEQUENO";"importacao_excel";"a_pagar";"116,50"
"863572";"2025-10-06";"";"Ferragens Santa Rita";"Santuário - UTC";"importacao_excel";"a_pagar";"13,77"
"863571";"2025-10-06";"";"Ferragens Santa Rita";"CASA DO PEQUENO";"importacao_excel";"a_pagar";"178,67"
"863570";"2025-10-06";"";"Ferragens Santa Rita";"Santuário - UTC";"importacao_excel";"a_pagar";"13,30"
"863569";"2025-10-06";"";"Ferragens Santa Rita";"CASA DO PEQUENO";"importacao_excel";"a_pagar";"4,47"
"863568";"2025-10-06";"";"Ferragens Santa Rita";"Santuário - UTC";"importacao_excel";"a_pagar";"12,30"
"863567";"2025-10-06";"";"Ferragens Santa Rita";"Santuário - UTC";"importacao_excel";"a_pagar";"57,32"
"863566";"2025-10-06";"";"Ferragens Santa Rita";"Hotel Qiu 2 - Fase 3";"importacao_excel";"a_pagar";"254,17"
"863565";"2025-10-06";"";"Ferragens Santa Rita";"CASA DO PEQUENO";"importacao_excel";"a_pagar";"6,60"
"863564";"2025-10-06";"";"Ferragens Santa Rita";"Santuário - UTC";"importacao_excel";"a_pagar";"15,63"
"863563";"2025-10-06";"";"Ferragens Santa Rita";"CASA DO PEQUENO";"importacao_excel";"a_pagar";"497,17"
"863550";"2025-10-06";"";"Ferragens Santa Rita";"Hotel Qiu 2 - Fase 3";"importacao_excel";"a_pagar";"178,67"
"863549";"2025-10-06";"";"Ferragens Santa Rita";"Hotel Qiu 2 - Fase 3";"importacao_excel";"a_pagar";"178,67"
"863548";"2025-10-06";"materiais diversos canteiro";"Ferragens Santa Rita";"Santuário - UTC";"importacao_excel";"a_pagar";"13,43"
"863547";"2025-10-06";"";"Ferragens Santa Rita";"LUCIANA - FINAL BLOCO B";"importacao_excel";"a_pagar";"58,33"
"863546";"2025-10-06";"";"Ferragens Santa Rita";"Hotel Qiu 2 - Fase 3";"importacao_excel";"a_pagar";"495,00"
"863545";"2025-10-06";"";"Ferragens Santa Rita";"Santuário - UTC";"importacao_excel";"a_pagar";"227,83"
"863544";"2025-10-06";"";"Ferragens Santa Rita";"Santuário - UTC";"importacao_excel";"a_pagar";"2,67"
"863551";"2025-10-06";"";"Ferragens Santa Rita";"Hotel Qiu 2 - Fase 3";"importacao_excel";"a_pagar";"178,67"
"863543";"2025-10-06";"";"Ferragens Santa Rita";"Hotel Qiu 2 - Fase 3";"importacao_excel";"a_pagar";"178,67"
"863552";"2025-10-06";"";"Ferragens Santa Rita";"CASA DO PEQUENO";"importacao_excel";"a_pagar";"1,67"
"863553";"2025-10-06";"";"Ferragens Santa Rita";"POS OBRA";"importacao_excel";"a_pagar";"45,00"
"863554";"2025-10-06";"";"Ferragens Santa Rita";"CASA DO PEQUENO";"importacao_excel";"a_pagar";"497,17"
"863555";"2025-10-06";"mandril de 1/2";"Ferragens Santa Rita";"Santuário - UTC";"importacao_excel";"a_pagar";"7,12"
"863595";"2025-10-06";"";"Ferragens Santa Rita";"CASA DO PEQUENO";"importacao_excel";"a_pagar";"6,60"
"863562";"2025-10-06";"";"Ferragens Santa Rita";"CASA DO PEQUENO";"importacao_excel";"a_pagar";"4,47"
"863561";"2025-10-06";"";"Ferragens Santa Rita";"Santuário - UTC";"importacao_excel";"a_pagar";"13,30"
"863586";"2025-10-06";"";"Ferragens Santa Rita";"Hotel Qiu 2 - Fase 3";"importacao_excel";"a_pagar";"254,17"
"863587";"2025-10-06";"";"Ferragens Santa Rita";"CASA DO PEQUENO";"importacao_excel";"a_pagar";"116,50"
"863596";"2025-10-06";"mandril de 1/2";"Ferragens Santa Rita";"Santuário - UTC";"importacao_excel";"a_pagar";"7,12"
"863597";"2025-10-06";"";"Ferragens Santa Rita";"Santuário - UTC";"importacao_excel";"a_pagar";"13,77"
"863598";"2025-10-06";"";"Ferragens Santa Rita";"Hotel Qiu 2 - Fase 3";"importacao_excel";"a_pagar";"178,67"
"863560";"2025-10-06";"";"Ferragens Santa Rita";"Santuário - UTC";"importacao_excel";"a_pagar";"2,67"
"863559";"2025-10-06";"3500 lajotas ceramicas 19 x19x 29";"Coimbra";"LUCIANA - FINAL BLOCO B";"importacao_excel";"a_pagar";"1662,50"
"863558";"2025-10-06";"3500 lajotas ceramicas 19 x19x 29";"Coimbra";"LUCIANA - FINAL BLOCO B";"importacao_excel";"a_pagar";"1662,50"
"571776";"2025-10-06";"Bomba de carga 10FO28 nova + Óleo 68";"Bomba de carga 10FO28 nova + Óleo 68";"";"frota_manutencao";"a_pagar";"16780,00"
"863557";"2025-10-06";"";"Ferragens Santa Rita";"Hotel Qiu 2 - Fase 3";"importacao_excel";"a_pagar";"31,17"
"863588";"2025-10-06";"";"Ferragens Santa Rita";"CASA DO PEQUENO";"importacao_excel";"a_pagar";"6,60"
"863556";"2025-10-06";"";"Ferragens Santa Rita";"Santuário - UTC";"importacao_excel";"a_pagar";"89,33"
"863589";"2025-10-06";"";"Ferragens Santa Rita";"Hotel Qiu 2 - Fase 3";"importacao_excel";"a_pagar";"31,17"
"863590";"2025-10-06";"";"Ferragens Santa Rita";"CASA DO PEQUENO";"importacao_excel";"a_pagar";"1,67"
"863591";"2025-10-06";"";"Ferragens Santa Rita";"Hotel Qiu 2 - Fase 3";"importacao_excel";"a_pagar";"178,67"
"863592";"2025-10-06";"";"Ferragens Santa Rita";"Hotel Qiu 2 - Fase 3";"importacao_excel";"a_pagar";"178,67"
"863593";"2025-10-06";"";"Ferragens Santa Rita";"Hotel Qiu 2 - Fase 3";"importacao_excel";"a_pagar";"178,67"
"863594";"2025-10-06";"";"Ferragens Santa Rita";"Santuário - UTC";"importacao_excel";"a_pagar";"13,30"
"863599";"2025-10-06";"";"Ferragens Santa Rita";"Santuário - UTC";"importacao_excel";"a_pagar";"57,32"
"863600";"2025-10-06";"";"Ferragens Santa Rita";"Santuário - UTC";"importacao_excel";"a_pagar";"12,30"
"863739";"2025-10-07";"";"Ferragens Santa Rita";"CASA DO PEQUENO";"importacao_excel";"a_pagar";"15,03"
"863669";"2025-10-07";"";"Ferragens Santa Rita";"CASA DO PEQUENO";"importacao_excel";"a_pagar";"83,50"
"863670";"2025-10-07";"";"Ferragens Santa Rita";"PALES ";"importacao_excel";"a_pagar";"135,00"
"863751";"2025-10-07";"";"Ferragens Santa Rita";"PALES ";"importacao_excel";"a_pagar";"101,67"
"863752";"2025-10-07";"";"Ferragens Santa Rita";"Santuário - UTC";"importacao_excel";"a_pagar";"23,87"
"863666";"2025-10-07";"";"Ferragens Santa Rita";"CASA DO PEQUENO";"importacao_excel";"a_pagar";"29,29"
"863667";"2025-10-07";"";"Ferragens Santa Rita";"CASA DO PEQUENO";"importacao_excel";"a_pagar";"138,00"
"863668";"2025-10-07";"";"Ferragens Santa Rita";"CASA DO PEQUENO";"importacao_excel";"a_pagar";"6,65"
"863672";"2025-10-07";"";"Ferragens Santa Rita";"CASA DO PEQUENO";"importacao_excel";"a_pagar";"4,58"
"863673";"2025-10-07";"";"Ferragens Santa Rita";"CASA DO PEQUENO";"importacao_excel";"a_pagar";"89,33"
"863674";"2025-10-07";"";"Ferragens Santa Rita";"CASA DO PEQUENO";"importacao_excel";"a_pagar";"15,03"
"863675";"2025-10-07";"";"Ferragens Santa Rita";"CASA DO PEQUENO";"importacao_excel";"a_pagar";"405,00"
"863676";"2025-10-07";"";"Ferragens Santa Rita";"CASA DO PEQUENO";"importacao_excel";"a_pagar";"497,17"
"863677";"2025-10-07";"";"Ferragens Santa Rita";"CASA DO PEQUENO";"importacao_excel";"a_pagar";"16,15"
"863678";"2025-10-07";"";"Ferragens Santa Rita";"CASA DO PEQUENO";"importacao_excel";"a_pagar";"29,29"
"863679";"2025-10-07";"";"Ferragens Santa Rita";"CASA DO PEQUENO";"importacao_excel";"a_pagar";"497,17"
"863680";"2025-10-07";"";"Ferragens Santa Rita";"CASA DO PEQUENO";"importacao_excel";"a_pagar";"9,97"
"863681";"2025-10-07";"";"Ferragens Santa Rita";"CASA DO PEQUENO";"importacao_excel";"a_pagar";"332,83"
"863682";"2025-10-07";"";"Ferragens Santa Rita";"CASA DO PEQUENO";"importacao_excel";"a_pagar";"3,72"
"863683";"2025-10-07";"";"Ferragens Santa Rita";"CASA DO PEQUENO";"importacao_excel";"a_pagar";"36,00"
"863684";"2025-10-07";"";"Ferragens Santa Rita";"CASA DO PEQUENO";"importacao_excel";"a_pagar";"3,72"
"863685";"2025-10-07";"";"Ferragens Santa Rita";"CASA DO PEQUENO";"importacao_excel";"a_pagar";"23,67"
"863686";"2025-10-07";"";"Ferragens Santa Rita";"CASA DO PEQUENO";"importacao_excel";"a_pagar";"12,95"
"863687";"2025-10-07";"";"Ferragens Santa Rita";"CASA DO PEQUENO";"importacao_excel";"a_pagar";"332,83"
"863688";"2025-10-07";"";"Ferragens Santa Rita";"CASA DO PEQUENO";"importacao_excel";"a_pagar";"3,35"
"863689";"2025-10-07";"";"Ferragens Santa Rita";"CASA DO PEQUENO";"importacao_excel";"a_pagar";"89,33"
"863690";"2025-10-07";"";"Ferragens Santa Rita";"CASA DO PEQUENO";"importacao_excel";"a_pagar";"36,00"
"863691";"2025-10-07";"";"Ferragens Santa Rita";"CASA DO PEQUENO";"importacao_excel";"a_pagar";"2,85"
"863692";"2025-10-07";"";"Ferragens Santa Rita";"CASA DO PEQUENO";"importacao_excel";"a_pagar";"23,67"
"863693";"2025-10-07";"";"Ferragens Santa Rita";"CASA DO PEQUENO";"importacao_excel";"a_pagar";"138,00"
"863694";"2025-10-07";"";"Ferragens Santa Rita";"CASA DO PEQUENO";"importacao_excel";"a_pagar";"497,17"
"863695";"2025-10-07";"";"Ferragens Santa Rita";"CASA DO PEQUENO";"importacao_excel";"a_pagar";"29,29"
"863696";"2025-10-07";"";"Ferragens Santa Rita";"CASA DO PEQUENO";"importacao_excel";"a_pagar";"12,95"
"863697";"2025-10-07";"";"Ferragens Santa Rita";"CASA DO PEQUENO";"importacao_excel";"a_pagar";"3,72"
"863698";"2025-10-07";"";"Ferragens Santa Rita";"CASA DO PEQUENO";"importacao_excel";"a_pagar";"16,15"
"863699";"2025-10-07";"";"Ferragens Santa Rita";"CASA DO PEQUENO";"importacao_excel";"a_pagar";"15,03"
"863700";"2025-10-07";"";"Ferragens Santa Rita";"CASA DO PEQUENO";"importacao_excel";"a_pagar";"4,58"
"863701";"2025-10-07";"";"Ferragens Santa Rita";"PALES ";"importacao_excel";"a_pagar";"227,83"
"863702";"2025-10-07";"";"Ferragens Santa Rita";"PALES ";"importacao_excel";"a_pagar";"135,00"
"863703";"2025-10-07";"";"Ferragens Santa Rita";"CASA DO PEQUENO";"importacao_excel";"a_pagar";"6,65"
"863704";"2025-10-07";"";"Ferragens Santa Rita";"PALES ";"importacao_excel";"a_pagar";"101,67"
"863705";"2025-10-07";"";"Ferragens Santa Rita";"CASA DO PEQUENO";"importacao_excel";"a_pagar";"109,43"
"863706";"2025-10-07";"";"Ferragens Santa Rita";"CASA DO PEQUENO";"importacao_excel";"a_pagar";"405,00"
"863707";"2025-10-07";"";"Ferragens Santa Rita";"CASA DO PEQUENO";"importacao_excel";"a_pagar";"332,83"
"863708";"2025-10-07";"";"Ferragens Santa Rita";"CASA DO PEQUENO";"importacao_excel";"a_pagar";"9,97"
"863709";"2025-10-07";"";"Ferragens Santa Rita";"CASA DO PEQUENO";"importacao_excel";"a_pagar";"89,33"
"863710";"2025-10-07";"";"Ferragens Santa Rita";"CASA DO PEQUENO";"importacao_excel";"a_pagar";"83,50"
"863711";"2025-10-07";"";"Ferragens Santa Rita";"CASA DO PEQUENO";"importacao_excel";"a_pagar";"9,97"
"863712";"2025-10-07";"";"Ferragens Santa Rita";"CASA DO PEQUENO";"importacao_excel";"a_pagar";"0,03"
"863713";"2025-10-07";"";"Ferragens Santa Rita";"CASA DO PEQUENO";"importacao_excel";"a_pagar";"5,80"
"863714";"2025-10-07";"";"Ferragens Santa Rita";"CASA DO PEQUENO";"importacao_excel";"a_pagar";"243,50"
"863715";"2025-10-07";"";"Ferragens Santa Rita";"CASA DO PEQUENO";"importacao_excel";"a_pagar";"29,53"
"863716";"2025-10-07";"";"Ferragens Santa Rita";"Santuário - UTC";"importacao_excel";"a_pagar";"23,87"
"863717";"2025-10-07";"";"Ferragens Santa Rita";"CASA DO PEQUENO";"importacao_excel";"a_pagar";"3,35"
"863718";"2025-10-07";"";"Ferragens Santa Rita";"CASA DO PEQUENO";"importacao_excel";"a_pagar";"5,80"
"863719";"2025-10-07";"";"Ferragens Santa Rita";"CASA DO PEQUENO";"importacao_excel";"a_pagar";"109,43"
"863720";"2025-10-07";"";"Ferragens Santa Rita";"Santuário - UTC";"importacao_excel";"a_pagar";"23,87"
"863721";"2025-10-07";"";"Ferragens Santa Rita";"CASA DO PEQUENO";"importacao_excel";"a_pagar";"29,53"
"863722";"2025-10-07";"";"Ferragens Santa Rita";"CASA DO PEQUENO";"importacao_excel";"a_pagar";"243,50"
"863723";"2025-10-07";"";"Ferragens Santa Rita";"CASA DO PEQUENO";"importacao_excel";"a_pagar";"3,35"
"863724";"2025-10-07";"";"Ferragens Santa Rita";"CASA DO PEQUENO";"importacao_excel";"a_pagar";"0,03"
"863725";"2025-10-07";"";"Ferragens Santa Rita";"CASA DO PEQUENO";"importacao_excel";"a_pagar";"9,97"
"863726";"2025-10-07";"";"Ferragens Santa Rita";"CASA DO PEQUENO";"importacao_excel";"a_pagar";"83,50"
"863727";"2025-10-07";"";"Ferragens Santa Rita";"CASA DO PEQUENO";"importacao_excel";"a_pagar";"9,97"
"863728";"2025-10-07";"";"Ferragens Santa Rita";"CASA DO PEQUENO";"importacao_excel";"a_pagar";"5,80"
"863729";"2025-10-07";"";"Ferragens Santa Rita";"CASA DO PEQUENO";"importacao_excel";"a_pagar";"2,85"
"863730";"2025-10-07";"";"Ferragens Santa Rita";"CASA DO PEQUENO";"importacao_excel";"a_pagar";"29,53"
"863731";"2025-10-07";"";"Ferragens Santa Rita";"CASA DO PEQUENO";"importacao_excel";"a_pagar";"36,00"
"863732";"2025-10-07";"";"Ferragens Santa Rita";"CASA DO PEQUENO";"importacao_excel";"a_pagar";"23,67"
"863733";"2025-10-07";"";"Ferragens Santa Rita";"CASA DO PEQUENO";"importacao_excel";"a_pagar";"138,00"
"863734";"2025-10-07";"";"Ferragens Santa Rita";"CASA DO PEQUENO";"importacao_excel";"a_pagar";"497,17"
"863735";"2025-10-07";"";"Ferragens Santa Rita";"CASA DO PEQUENO";"importacao_excel";"a_pagar";"29,29"
"863736";"2025-10-07";"";"Ferragens Santa Rita";"CASA DO PEQUENO";"importacao_excel";"a_pagar";"12,95"
"863737";"2025-10-07";"";"Ferragens Santa Rita";"CASA DO PEQUENO";"importacao_excel";"a_pagar";"16,15"
"863738";"2025-10-07";"";"Ferragens Santa Rita";"CASA DO PEQUENO";"importacao_excel";"a_pagar";"405,00"
"863740";"2025-10-07";"";"Ferragens Santa Rita";"CASA DO PEQUENO";"importacao_excel";"a_pagar";"4,58"
"863741";"2025-10-07";"";"Ferragens Santa Rita";"PALES ";"importacao_excel";"a_pagar";"135,00"
"863742";"2025-10-07";"";"Ferragens Santa Rita";"CASA DO PEQUENO";"importacao_excel";"a_pagar";"6,65"
"863743";"2025-10-07";"";"Ferragens Santa Rita";"PALES ";"importacao_excel";"a_pagar";"227,83"
"863744";"2025-10-07";"";"Ferragens Santa Rita";"CASA DO PEQUENO";"importacao_excel";"a_pagar";"243,50"
"863745";"2025-10-07";"";"Ferragens Santa Rita";"PALES ";"importacao_excel";"a_pagar";"101,67"
"863746";"2025-10-07";"";"Ferragens Santa Rita";"CASA DO PEQUENO";"importacao_excel";"a_pagar";"3,72"
"863747";"2025-10-07";"";"Ferragens Santa Rita";"CASA DO PEQUENO";"importacao_excel";"a_pagar";"332,83"
"863748";"2025-10-07";"";"Ferragens Santa Rita";"CASA DO PEQUENO";"importacao_excel";"a_pagar";"2,85"
"863749";"2025-10-07";"";"Ferragens Santa Rita";"CASA DO PEQUENO";"importacao_excel";"a_pagar";"89,33"
"863750";"2025-10-07";"";"Ferragens Santa Rita";"CASA DO PEQUENO";"importacao_excel";"a_pagar";"109,43"
"863753";"2025-10-07";"";"Ferragens Santa Rita";"Santuário - UTC";"importacao_excel";"a_pagar";"23,87"
"863755";"2025-10-07";"";"Ferragens Santa Rita";"CASA DO PEQUENO";"importacao_excel";"a_pagar";"109,43"
"863756";"2025-10-07";"";"Ferragens Santa Rita";"CASA DO PEQUENO";"importacao_excel";"a_pagar";"9,97"
"863758";"2025-10-07";"";"Ferragens Santa Rita";"CASA DO PEQUENO";"importacao_excel";"a_pagar";"243,50"
"863759";"2025-10-07";"";"Ferragens Santa Rita";"CASA DO PEQUENO";"importacao_excel";"a_pagar";"5,80"
"863760";"2025-10-07";"";"Ferragens Santa Rita";"CASA DO PEQUENO";"importacao_excel";"a_pagar";"3,35"
"863761";"2025-10-07";"";"Ferragens Santa Rita";"CASA DO PEQUENO";"importacao_excel";"a_pagar";"0,03"
"863762";"2025-10-07";"";"Ferragens Santa Rita";"CASA DO PEQUENO";"importacao_excel";"a_pagar";"9,97"
"863763";"2025-10-07";"";"Ferragens Santa Rita";"CASA DO PEQUENO";"importacao_excel";"a_pagar";"83,50"
"863764";"2025-10-07";"";"Ferragens Santa Rita";"CASA DO PEQUENO";"importacao_excel";"a_pagar";"29,53"
"863665";"2025-10-07";"";"Ferragens Santa Rita";"PALES ";"importacao_excel";"a_pagar";"227,83"
"863664";"2025-10-07";"";"Ferragens Santa Rita";"CASA DO PEQUENO";"importacao_excel";"a_pagar";"0,03"
"863663";"2025-10-07";"";"Ferragens Santa Rita";"PALES ";"importacao_excel";"a_pagar";"101,67"
"863662";"2025-10-07";"";"Ferragens Santa Rita";"CASA DO PEQUENO";"importacao_excel";"a_pagar";"138,00"
"863661";"2025-10-07";"";"Ferragens Santa Rita";"PALES ";"importacao_excel";"a_pagar";"227,83"
"863660";"2025-10-07";"";"Ferragens Santa Rita";"CASA DO PEQUENO";"importacao_excel";"a_pagar";"36,00"
"863659";"2025-10-07";"";"Ferragens Santa Rita";"CASA DO PEQUENO";"importacao_excel";"a_pagar";"12,95"
"863658";"2025-10-07";"";"Ferragens Santa Rita";"CASA DO PEQUENO";"importacao_excel";"a_pagar";"6,65"
"863657";"2025-10-07";"";"Ferragens Santa Rita";"PALES ";"importacao_excel";"a_pagar";"135,00"
"863656";"2025-10-07";"";"Ferragens Santa Rita";"CASA DO PEQUENO";"importacao_excel";"a_pagar";"23,67"
"863655";"2025-10-07";"";"Ferragens Santa Rita";"CASA DO PEQUENO";"importacao_excel";"a_pagar";"4,58"
"863654";"2025-10-07";"";"Ferragens Santa Rita";"CASA DO PEQUENO";"importacao_excel";"a_pagar";"15,03"
"863653";"2025-10-07";"";"Ferragens Santa Rita";"CASA DO PEQUENO";"importacao_excel";"a_pagar";"405,00"
"863652";"2025-10-07";"";"Ferragens Santa Rita";"CASA DO PEQUENO";"importacao_excel";"a_pagar";"9,97"
"863651";"2025-10-07";"";"Ferragens Santa Rita";"CASA DO PEQUENO";"importacao_excel";"a_pagar";"16,15"
"863650";"2025-10-07";"";"Ferragens Santa Rita";"CASA DO PEQUENO";"importacao_excel";"a_pagar";"2,85"
"863757";"2025-10-07";"Medição - Set/2025";"Retenção Técnica - Carlos Roberto S Martins";"Hotel Qiu 2 - Fase 3";"importacao_excel";"a_pagar";"402,50"
"863754";"2025-10-07";"Medição - Set/2025";"Retenção Técnica - RM Ramos";"Hotel Qiu 2 - Fase 3";"importacao_excel";"a_pagar";"605,33"
"863671";"2025-10-07";"Medição - Set/2025";"Retenção Técnica - RM Ramos";"Hotel Qiu 2 - Fase 3";"importacao_excel";"a_pagar";"3372,55"
"863776";"2025-10-08";"10m³ areia media";"Ferragens Santa Rita";"Santuário - UTC";"importacao_excel";"a_pagar";"178,66"
"863775";"2025-10-08";"";"Ferragens Santa Rita";"CASA DO PEQUENO";"importacao_excel";"a_pagar";"63,03"
"863774";"2025-10-08";"";"Ferragens Santa Rita";"Santuário - UTC";"importacao_excel";"a_pagar";"24,15"
"863773";"2025-10-08";"10m³ areia media";"Ferragens Santa Rita";"Santuário - UTC";"importacao_excel";"a_pagar";"178,66"
"863772";"2025-10-08";"";"Ferragens Santa Rita";"Santuário - UTC";"importacao_excel";"a_pagar";"24,15"
"863771";"2025-10-08";"";"Ferragens Santa Rita";"CASA DO PEQUENO";"importacao_excel";"a_pagar";"63,03"
"863770";"2025-10-08";"10m³ areia media";"Ferragens Santa Rita";"Santuário - UTC";"importacao_excel";"a_pagar";"178,66"
"863769";"2025-10-08";"";"Ferragens Santa Rita";"CASA DO PEQUENO";"importacao_excel";"a_pagar";"63,03"
"863768";"2025-10-08";"";"Ferragens Santa Rita";"Santuário - UTC";"importacao_excel";"a_pagar";"24,15"
"863767";"2025-10-08";"10m³ areia media";"Ferragens Santa Rita";"Santuário - UTC";"importacao_excel";"a_pagar";"178,70"
"863766";"2025-10-08";"";"Ferragens Santa Rita";"Santuário - UTC";"importacao_excel";"a_pagar";"24,15"
"863765";"2025-10-08";"";"Ferragens Santa Rita";"CASA DO PEQUENO";"importacao_excel";"a_pagar";"63,03"
"571772";"2025-10-08";"Cinta de pressão, vedação saída, trocador de calor, MO bomba hidráulica";"Cinta de pressão, vedação saída, trocador de calor, MO bomba hidráulica";"";"frota_manutencao";"a_pagar";"4713,00"
"863790";"2025-10-09";"";"Tintas Avenida Guara";"PALES ";"importacao_excel";"a_pagar";"46,75"
"863789";"2025-10-09";"";"Tintas Avenida Guara";"Luciana - Residencial Multifamiliar - Etapa Final";"importacao_excel";"a_pagar";"39,95"
"863788";"2025-10-09";"36 m tubo coletor corrugado 150mm";"Coimbra";"Santuário - UTC";"importacao_excel";"a_pagar";"292,50"
"863787";"2025-10-09";"";"Tintas Avenida Guara";"CASA DO PEQUENO";"importacao_excel";"a_pagar";"73,95"
"863786";"2025-10-09";"";"Tintas Avenida Guara";"CASA DO PEQUENO";"importacao_excel";"a_pagar";"1410,00"
"863785";"2025-10-09";"";"Casa Brasil";"Hotel Qiu 2 - Fase 3";"importacao_excel";"a_pagar";"70,66"
"863784";"2025-10-09";"36 m tubo coletor corrugado 150mm";"Coimbra";"Santuário - UTC";"importacao_excel";"a_pagar";"487,50"
"863783";"2025-10-09";"";"Casa Brasil";"PALES ";"importacao_excel";"a_pagar";"43,49"
"863782";"2025-10-09";"";"Casa Brasil";"Hotel Qiu 2 - Fase 3";"importacao_excel";"a_pagar";"7,50"
"863781";"2025-10-09";"";"Casa Brasil";"Hotel Qiu 2 - Fase 3";"importacao_excel";"a_pagar";"10,35"
"863780";"2025-10-09";"";"TLO Soluções Vendas de Ferro e Aço";"PALES ";"importacao_excel";"a_pagar";"2640,00"
"863803";"2025-10-09";"";"Casa Brasil";"CASA DO PEQUENO";"importacao_excel";"a_pagar";"29,25"
"863778";"2025-10-09";"50 sc cimento";"Ferragens Santa Rita";"LUCIANA - FINAL BLOCO B";"importacao_excel";"a_pagar";"566,67"
"863777";"2025-10-09";"";"Casa Brasil";"Hotel Qiu 2 - Fase 3";"importacao_excel";"a_pagar";"96,75"
"863779";"2025-10-09";"";"Casa Brasil";"Hotel Qiu 2 - Fase 3";"importacao_excel";"a_pagar";"439,20"
"863802";"2025-10-09";"36 m tubo coletor corrugado 150mm";"Coimbra";"Santuário - UTC";"importacao_excel";"a_pagar";"292,50"
"863801";"2025-10-09";"36 m tubo coletor corrugado 150mm";"Coimbra";"Santuário - UTC";"importacao_excel";"a_pagar";"487,50"
"863800";"2025-10-09";"";"Tintas Avenida Guara";"CASA DO PEQUENO";"importacao_excel";"a_pagar";"1410,00"
"863799";"2025-10-09";"";"Casa Brasil";"Hotel Qiu 2 - Fase 3";"importacao_excel";"a_pagar";"10,35"
"863798";"2025-10-09";"";"Tintas Avenida Guara";"CASA DO PEQUENO";"importacao_excel";"a_pagar";"73,95"
"863797";"2025-10-09";"";"Tintas Avenida Guara";"Luciana - Residencial Multifamiliar - Etapa Final";"importacao_excel";"a_pagar";"39,95"
"863796";"2025-10-09";"";"Tintas Avenida Guara";"PALES ";"importacao_excel";"a_pagar";"46,75"
"863795";"2025-10-09";"";"Tintas Avenida Guara";"PALES ";"importacao_excel";"a_pagar";"235,24"
"863794";"2025-10-09";"";"Casa Brasil";"CASA DO PEQUENO";"importacao_excel";"a_pagar";"4,50"
"863793";"2025-10-09";"";"Tintas Avenida Guara";"CASA DO PEQUENO";"importacao_excel";"a_pagar";"94,50"
"863792";"2025-10-09";"";"Casa Brasil";"CASA DO PEQUENO";"importacao_excel";"a_pagar";"35,75"
"863791";"2025-10-09";"";"Casa Brasil";"Hotel Qiu 2 - Fase 3";"importacao_excel";"a_pagar";"77,63"
"863833";"2025-10-09";"";"Casa Brasil";"Hotel Qiu 2 - Fase 3";"importacao_excel";"a_pagar";"439,20"
"863832";"2025-10-09";"";"Casa Brasil";"Hotel Qiu 2 - Fase 3";"importacao_excel";"a_pagar";"77,63"
"863831";"2025-10-09";"";"Casa Brasil";"PALES ";"importacao_excel";"a_pagar";"24,30"
"863830";"2025-10-09";"";"Casa Brasil";"Hotel Qiu 2 - Fase 3";"importacao_excel";"a_pagar";"12,60"
"863829";"2025-10-09";"";"Casa Brasil";"PALES ";"importacao_excel";"a_pagar";"43,49"
"863828";"2025-10-09";"";"Casa Brasil";"Hotel Qiu 2 - Fase 3";"importacao_excel";"a_pagar";"70,66"
"863827";"2025-10-09";"36 m tubo coletor corrugado 150mm";"Coimbra";"Santuário - UTC";"importacao_excel";"a_pagar";"292,50"
"863826";"2025-10-09";"";"Casa Brasil";"PALES ";"importacao_excel";"a_pagar";"108,00"
"863825";"2025-10-09";"";"Casa Brasil";"Hotel Qiu 2 - Fase 3";"importacao_excel";"a_pagar";"167,63"
"863824";"2025-10-09";"";"Casa Brasil";"Hotel Qiu 2 - Fase 3";"importacao_excel";"a_pagar";"7,50"
"863823";"2025-10-09";"";"Casa Brasil";"CASA DO PEQUENO";"importacao_excel";"a_pagar";"92,25"
"863807";"2025-10-09";"Medição - Set/2025";"Jerryaliton Augusto Bezerra";"Hotel Qiu 2 - Fase 3";"importacao_excel";"a_pagar";"558,67"
"863822";"2025-10-09";"";"Casa Brasil";"CASA DO PEQUENO";"importacao_excel";"a_pagar";"35,75"
"863821";"2025-10-09";"";"Casa Brasil";"CASA DO PEQUENO";"importacao_excel";"a_pagar";"29,25"
"863820";"2025-10-09";"";"Casa Brasil";"PALES ";"importacao_excel";"a_pagar";"108,00"
"863806";"2025-10-09";"Medição - Set/2025";"Retenção Técnica - Agostinho";"Hotel Qiu 2 - Fase 3";"importacao_excel";"a_pagar";"441,41"
"863808";"2025-10-09";"";"Casa Brasil";"CASA DO PEQUENO";"importacao_excel";"a_pagar";"92,25"
"863805";"2025-10-09";"36 m tubo coletor corrugado 150mm";"Coimbra";"Santuário - UTC";"importacao_excel";"a_pagar";"292,50"
"863819";"2025-10-09";"36 m tubo coletor corrugado 150mm";"Coimbra";"Santuário - UTC";"importacao_excel";"a_pagar";"487,50"
"863818";"2025-10-09";"36 m tubo coletor corrugado 150mm";"Coimbra";"Santuário - UTC";"importacao_excel";"a_pagar";"292,50"
"863817";"2025-10-09";"";"Casa Brasil";"Hotel Qiu 2 - Fase 3";"importacao_excel";"a_pagar";"12,60"
"863816";"2025-10-09";"36 m tubo coletor corrugado 150mm";"Coimbra";"Santuário - UTC";"importacao_excel";"a_pagar";"487,50"
"863815";"2025-10-09";"";"Tintas Avenida Guara";"CASA DO PEQUENO";"importacao_excel";"a_pagar";"94,50"
"863814";"2025-10-09";"";"Casa Brasil";"CASA DO PEQUENO";"importacao_excel";"a_pagar";"4,50"
"863813";"2025-10-09";"";"Casa Brasil";"Hotel Qiu 2 - Fase 3";"importacao_excel";"a_pagar";"333,00"
"863812";"2025-10-09";"";"Casa Brasil";"PALES ";"importacao_excel";"a_pagar";"24,30"
"863811";"2025-10-09";"";"Casa Brasil";"Hotel Qiu 2 - Fase 3";"importacao_excel";"a_pagar";"333,00"
"863810";"2025-10-09";"";"Tintas Avenida Guara";"PALES ";"importacao_excel";"a_pagar";"235,24"
"863809";"2025-10-09";"";"Casa Brasil";"Hotel Qiu 2 - Fase 3";"importacao_excel";"a_pagar";"167,63"
"863804";"2025-10-09";"36 m tubo coletor corrugado 150mm";"Coimbra";"Santuário - UTC";"importacao_excel";"a_pagar";"487,50"
"863834";"2025-10-09";"";"Casa Brasil";"Hotel Qiu 2 - Fase 3";"importacao_excel";"a_pagar";"96,75"
"863837";"2025-10-10";"";"Ferragens Santa Rita";"Santuário - UTC";"importacao_excel";"a_pagar";"536,67"
"863836";"2025-10-10";"";"Ferragens Santa Rita";"Hotel Qiu 2 - Fase 3";"importacao_excel";"a_pagar";"1288,00"
"863835";"2025-10-10";"10M³ AREIA";"Ferragens Santa Rita";"Santuário - UTC";"importacao_excel";"a_pagar";"178,66"
"863847";"2025-10-10";"";"Ferragens Santa Rita";"Hotel Qiu 2 - Fase 3";"importacao_excel";"a_pagar";"1288,00"
"863846";"2025-10-10";"";"Ferragens Santa Rita";"CASA DO PEQUENO";"importacao_excel";"a_pagar";"1073,33"
"863845";"2025-10-10";"10M³ AREIA";"Ferragens Santa Rita";"Santuário - UTC";"importacao_excel";"a_pagar";"178,70"
"863844";"2025-10-10";"10M³ AREIA";"Ferragens Santa Rita";"Santuário - UTC";"importacao_excel";"a_pagar";"178,66"
"863843";"2025-10-10";"";"Ferragens Santa Rita";"PALES ";"importacao_excel";"a_pagar";"107,33"
"863842";"2025-10-10";"Cimento";"Ferragens Santa Rita";"Santuário - UTC";"importacao_excel";"a_pagar";"566,67"
"863841";"2025-10-10";"";"Ferragens Santa Rita";"CASA DO PEQUENO";"importacao_excel";"a_pagar";"1073,33"
"863840";"2025-10-10";"";"Ferragens Santa Rita";"Hotel Qiu 2 - Fase 3";"importacao_excel";"a_pagar";"1288,00"
"863839";"2025-10-10";"";"Ferragens Santa Rita";"PALES ";"importacao_excel";"a_pagar";"161,00"
"863838";"2025-10-10";"10M³ AREIA";"Ferragens Santa Rita";"Santuário - UTC";"importacao_excel";"a_pagar";"178,66"
"863850";"2025-10-13";"Brocas e lona";"Ferragens Santa Rita";"Santuário - UTC";"importacao_excel";"a_pagar";"147,00"
"863849";"2025-10-13";"areia e brita";"Ferragens Santa Rita";"Santuário - UTC";"importacao_excel";"a_pagar";"455,66"
"863848";"2025-10-13";"areia e brita";"Ferragens Santa Rita";"Santuário - UTC";"importacao_excel";"a_pagar";"455,70"
"863857";"2025-10-13";"materiais Diversos";"Ferragens Santa Rita";"Santuário - UTC";"importacao_excel";"a_pagar";"67,11"
"863856";"2025-10-13";"Brocas e lona";"Ferragens Santa Rita";"Santuário - UTC";"importacao_excel";"a_pagar";"147,00"
"863858";"2025-10-13";"materiais Diversos";"Ferragens Santa Rita";"Santuário - UTC";"importacao_excel";"a_pagar";"67,11"
"863852";"2025-10-13";"Brocas e lona";"Ferragens Santa Rita";"Santuário - UTC";"importacao_excel";"a_pagar";"147,00"
"863853";"2025-10-13";"materiais Diversos";"Ferragens Santa Rita";"Santuário - UTC";"importacao_excel";"a_pagar";"67,11"
"863854";"2025-10-13";"areia e brita";"Ferragens Santa Rita";"Santuário - UTC";"importacao_excel";"a_pagar";"455,66"
"863855";"2025-10-13";"Brocas e lona";"Ferragens Santa Rita";"Santuário - UTC";"importacao_excel";"a_pagar";"147,00"
"863859";"2025-10-13";"areia e brita";"Ferragens Santa Rita";"Santuário - UTC";"importacao_excel";"a_pagar";"455,66"
"863851";"2025-10-13";"materiais Diversos";"Ferragens Santa Rita";"Santuário - UTC";"importacao_excel";"a_pagar";"67,15"
"863860";"2025-10-14";"2 carrinhos tipo gericas";"Ferragens Santa Rita";"Santuário - UTC";"importacao_excel";"a_pagar";"176,83"
"863864";"2025-10-14";"50 SC CIMENTO";"Ferragens Santa Rita";"Santuário - UTC";"importacao_excel";"a_pagar";"566,67"
"863862";"2025-10-14";"2 carrinhos tipo gericas";"Ferragens Santa Rita";"Santuário - UTC";"importacao_excel";"a_pagar";"176,85"
"863861";"2025-10-14";"2 carrinhos tipo gericas";"Ferragens Santa Rita";"Santuário - UTC";"importacao_excel";"a_pagar";"176,83"
"863863";"2025-10-14";"2 carrinhos tipo gericas";"Ferragens Santa Rita";"Santuário - UTC";"importacao_excel";"a_pagar";"176,83"
"863881";"2025-10-15";"";"Himasa";"CASA DO PEQUENO";"importacao_excel";"a_pagar";"13,55"
"863883";"2025-10-15";"";"Himasa";"PALES ";"importacao_excel";"a_pagar";"167,76"
"863884";"2025-10-15";"";"Propel Atacadão";"Hotel Qiu 2 - Fase 3";"importacao_excel";"a_pagar";"417,91"
"863885";"2025-10-15";"";"Propel Atacadão";"Hotel Qiu 2 - Fase 3";"importacao_excel";"a_pagar";"45,29"
"863886";"2025-10-15";"";"Propel Atacadão";"Hotel Qiu 2 - Fase 3";"importacao_excel";"a_pagar";"177,97"
"863887";"2025-10-15";"";"Himasa";"CASA DO PEQUENO";"importacao_excel";"a_pagar";"165,98"
"863888";"2025-10-15";"";"Himasa";"LUCIANA - FINAL BLOCO B";"importacao_excel";"a_pagar";"570,35"
"863889";"2025-10-15";"";"Himasa";"LUCIANA - FINAL BLOCO B";"importacao_excel";"a_pagar";"106,70"
"863890";"2025-10-15";"";"Propel Atacadão";"POS OBRA";"importacao_excel";"a_pagar";"33,00"
"863891";"2025-10-15";"";"Propel Atacadão";"Santuário - Praça Asa Sul";"importacao_excel";"a_pagar";"39,33"
"863892";"2025-10-15";"";"Propel Atacadão";"CASA DO PEQUENO";"importacao_excel";"a_pagar";"65,00"
"863893";"2025-10-15";"";"Himasa";"CASA DO PEQUENO";"importacao_excel";"a_pagar";"850,83"
"863894";"2025-10-15";"";"Propel Atacadão";"CASA DO PEQUENO";"importacao_excel";"a_pagar";"3,33"
"863895";"2025-10-15";"";"Himasa";"CASA DO PEQUENO";"importacao_excel";"a_pagar";"7,16"
"863896";"2025-10-15";"";"Himasa";"CASA DO PEQUENO";"importacao_excel";"a_pagar";"19,44"
"863897";"2025-10-15";"";"Pier Brasil Comércio de Máquinas, Ferramentas e acessórios";"PALES ";"importacao_excel";"a_pagar";"289,70"
"863898";"2025-10-15";"";"Himasa";"CASA DO PEQUENO";"importacao_excel";"a_pagar";"850,83"
"863899";"2025-10-15";"Junção com aneis 100 ocre";"Pier Brasil Comércio de Máquinas, Ferramentas e acessórios";"Santuário - UTC";"importacao_excel";"a_pagar";"1383,91"
"863900";"2025-10-15";"";"Pier Brasil Comércio de Máquinas, Ferramentas e acessórios";"CASA DO PEQUENO";"importacao_excel";"a_pagar";"866,80"
"863901";"2025-10-15";"";"Himasa";"LUCIANA - FINAL BLOCO B";"importacao_excel";"a_pagar";"570,35"
"863902";"2025-10-15";"";"Himasa";"LUCIANA - FINAL BLOCO B";"importacao_excel";"a_pagar";"106,70"
"863903";"2025-10-15";"";"Himasa";"LUCIANA - FINAL BLOCO B";"importacao_excel";"a_pagar";"71,81"
"863904";"2025-10-15";"";"Himasa";"CASA DO PEQUENO";"importacao_excel";"a_pagar";"13,55"
"863905";"2025-10-15";"";"Himasa";"CASA DO PEQUENO";"importacao_excel";"a_pagar";"168,78"
"863906";"2025-10-15";"";"Pier Brasil Comércio de Máquinas, Ferramentas e acessórios";"CASA DO PEQUENO";"importacao_excel";"a_pagar";"289,80"
"863907";"2025-10-15";"";"Himasa";"PALES ";"importacao_excel";"a_pagar";"167,76"
"863908";"2025-10-15";"";"Himasa";"";"importacao_excel";"a_pagar";"91,91"
"863909";"2025-10-15";"";"Himasa";"CASA DO PEQUENO";"importacao_excel";"a_pagar";"7,16"
"863910";"2025-10-15";"";"Himasa";"CASA DO PEQUENO";"importacao_excel";"a_pagar";"165,98"
"863911";"2025-10-15";"";"Himasa";"CASA DO PEQUENO";"importacao_excel";"a_pagar";"6,95"
"863876";"2025-10-15";"";"Propel Atacadão";"CASA DO PEQUENO";"importacao_excel";"a_pagar";"60,97"
"863866";"2025-10-15";"Contrato: Ajuste/corte nas vigas do elevador - 132 - Medição: 2";"Retenção Técnica - Isaias - ISF Perfurações";"Hotel Qiu 2 - Fase 3";"importacao_excel";"a_pagar";"120,01"
"863875";"2025-10-15";"";"Propel Atacadão";"";"importacao_excel";"a_pagar";"234,82"
"863865";"2025-10-15";"";"Himasa";"LUCIANA - FINAL BLOCO B";"importacao_excel";"a_pagar";"71,81"
"863867";"2025-10-15";"";"Propel Atacadão";"POS OBRA";"importacao_excel";"a_pagar";"9,67"
"863868";"2025-10-15";"";"Propel Atacadão";"POS OBRA";"importacao_excel";"a_pagar";"32,64"
"863869";"2025-10-15";"";"Propel Atacadão";"Santuário - UTC";"importacao_excel";"a_pagar";"701,42"
"863870";"2025-10-15";"";"Propel Atacadão";"CASA DO PEQUENO";"importacao_excel";"a_pagar";"365,99"
"863871";"2025-10-15";"";"Propel Atacadão";"CASA DO PEQUENO";"importacao_excel";"a_pagar";"23,33"
"863872";"2025-10-15";"";"Propel Atacadão";"CASA DO PEQUENO";"importacao_excel";"a_pagar";"53,32"
"863873";"2025-10-15";"";"Propel Atacadão";"Hotel Qiu 2 - Fase 3";"importacao_excel";"a_pagar";"150,00"
"863874";"2025-10-15";"";"Propel Atacadão";"Hotel Qiu 2 - Fase 3";"importacao_excel";"a_pagar";"253,09"
"863877";"2025-10-15";"";"Propel Atacadão";"CASA DO PEQUENO";"importacao_excel";"a_pagar";"23,19"
"863878";"2025-10-15";"";"Himasa";"";"importacao_excel";"a_pagar";"91,91"
"863879";"2025-10-15";"";"Himasa";"CASA DO PEQUENO";"importacao_excel";"a_pagar";"168,78"
"863880";"2025-10-15";"";"Himasa";"CASA DO PEQUENO";"importacao_excel";"a_pagar";"6,95"
"863882";"2025-10-15";"";"Himasa";"CASA DO PEQUENO";"importacao_excel";"a_pagar";"19,44"
"571782";"2025-10-15";"Motor (cabeçote): jogo de junta + junta sob medida, parafusos de cabeçote, retentores, válvula termostática, carcaça/cano d'água, sensor temperatura, óleo/filtro + retífica e guincho";"Motor (cabeçote): jogo de junta + junta sob medida, parafusos de cabeçote, retentores, válvula termostática, carcaça/cano d'água, sensor temperatura, óleo/filtro + retífica e guincho";"";"frota_manutencao";"a_pagar";"3507,00"
"571779";"2025-10-15";"OS #8246 — Retífica de motor: troca de jogo de junta motor, junta sob medida, jogo parafuso cabeçote, óleo motor, filtro óleo, retentores, jogo retentor válvula, solvente, cano d'água, válvula termostática, carcaça d'água, aditivo, reparo bicos, filtro ar, silicone Loctatti e sensor temperatura. Guincho incluso.";"OS #8246 — Retífica de motor: troca de jogo de junta motor, junta sob medida, jogo parafuso cabeçote, óleo motor, filtro óleo, retentores, jogo retentor válvula, solvente, cano d'água, válvula termostática, carcaça d'água, aditivo, reparo bicos, filtro ar";"";"frota_manutencao";"a_pagar";"3507,00"
"863924";"2025-10-16";"904/905/906/907";"Jefcar Autopeças";"";"importacao_excel";"a_pagar";"2355,00"
"863926";"2025-10-16";"880/901/902/903";"Jefcar Autopeças";"";"importacao_excel";"a_pagar";"2050,00"
"863920";"2025-10-16";"";"Casa dos Vidros";"CASA DO PEQUENO";"importacao_excel";"a_pagar";"60,00"
"863912";"2025-10-16";"";"FC Engenharia e Construção Ltda";"";"importacao_excel";"a_pagar";"53,40"
"863915";"2025-10-16";"";"FC Engenharia e Construção Ltda";"";"importacao_excel";"a_pagar";"53,40"
"863918";"2025-10-16";"";"Casa dos Vidros";"CASA DO PEQUENO";"importacao_excel";"a_pagar";"60,00"
"863917";"2025-10-16";"";"Pier Brasil Comércio de Máquinas, Ferramentas e acessórios";"Hotel Qiu 2 - Fase 3";"importacao_excel";"a_pagar";"46,17"
"863916";"2025-10-16";"50 sc cimento";"Ferragens Santa Rita";"Santuário - UTC";"importacao_excel";"a_pagar";"566,67"
"863914";"2025-10-16";"904/905/906/907";"Jefcar Autopeças";"";"importacao_excel";"a_pagar";"2355,00"
"863923";"2025-10-16";"";"Casa dos Vidros";"CASA DO PEQUENO";"importacao_excel";"a_pagar";"4617,50"
"863922";"2025-10-16";"50 sc cimento";"Ferragens Santa Rita";"Santuário - UTC";"importacao_excel";"a_pagar";"566,67"
"863921";"2025-10-16";"";"Leroy Merlin Taubaté";"CASA DO PEQUENO";"importacao_excel";"a_pagar";"5788,30"
"863913";"2025-10-16";"880/901/902/903";"Jefcar Autopeças";"";"importacao_excel";"a_pagar";"2050,00"
"863919";"2025-10-16";"";"Casa dos Vidros";"CASA DO PEQUENO";"importacao_excel";"a_pagar";"4617,50"
"864017";"2025-10-17";"";"Ferragens Santa Rita";"CASA DO PEQUENO";"importacao_excel";"a_pagar";"131,22"
"864037";"2025-10-17";"";"Ferragens Santa Rita";"CASA DO PEQUENO";"importacao_excel";"a_pagar";"7,98"
"863976";"2025-10-17";"";"Ferragens Santa Rita";"CASA DO PEQUENO";"importacao_excel";"a_pagar";"13,06"
"863975";"2025-10-17";"";"Ferragens Santa Rita";"CASA DO PEQUENO";"importacao_excel";"a_pagar";"8,63"
"864040";"2025-10-17";"Contrato: Contrato Forro - 92 - Medição: 3";"Retenção Técnica - Gesso Moreira";"CASA DO PEQUENO";"importacao_excel";"a_pagar";"1028,86"
"863927";"2025-10-17";"";"Ferragens Santa Rita";"CASA DO PEQUENO";"importacao_excel";"a_pagar";"15,50"
"863928";"2025-10-17";"";"Ferragens Santa Rita";"CASA DO PEQUENO";"importacao_excel";"a_pagar";"1133,33"
"863929";"2025-10-17";"";"Ferragens Santa Rita";"Hotel Qiu 2 - Fase 3";"importacao_excel";"a_pagar";"1133,33"
"863930";"2025-10-17";"";"Ferragens Santa Rita";"CASA DO PEQUENO";"importacao_excel";"a_pagar";"4,68"
"863931";"2025-10-17";"";"Ferragens Santa Rita";"PALES ";"importacao_excel";"a_pagar";"53,67"
"863932";"2025-10-17";"";"Ferragens Santa Rita";"Hotel Qiu 2 - Fase 3";"importacao_excel";"a_pagar";"1360,00"
"863933";"2025-10-17";"";"Ferragens Santa Rita";"Hotel Qiu 2 - Fase 3";"importacao_excel";"a_pagar";"1395,33"
"863934";"2025-10-17";"";"Ferragens Santa Rita";"Hotel Qiu 2 - Fase 3";"importacao_excel";"a_pagar";"1610,00"
"863935";"2025-10-17";"";"Ferragens Santa Rita";"CASA DO PEQUENO";"importacao_excel";"a_pagar";"566,67"
"863936";"2025-10-17";"";"Ferragens Santa Rita";"CASA DO PEQUENO";"importacao_excel";"a_pagar";"112,58"
"863937";"2025-10-17";"";"Ferragens Santa Rita";"CASA DO PEQUENO";"importacao_excel";"a_pagar";"21,36"
"863938";"2025-10-17";"";"Ferragens Santa Rita";"PALES ";"importacao_excel";"a_pagar";"1,23"
"863939";"2025-10-17";"";"Ferragens Santa Rita";"CASA DO PEQUENO";"importacao_excel";"a_pagar";"285,66"
"863940";"2025-10-17";"";"Ferragens Santa Rita";"CASA DO PEQUENO";"importacao_excel";"a_pagar";"7,97"
"863941";"2025-10-17";"";"Ferragens Santa Rita";"PALES ";"importacao_excel";"a_pagar";"13,16"
"863942";"2025-10-17";"";"Ferragens Santa Rita";"CASA DO PEQUENO";"importacao_excel";"a_pagar";"7,53"
"863943";"2025-10-17";"";"Ferragens Santa Rita";"CASA DO PEQUENO";"importacao_excel";"a_pagar";"89,33"
"863944";"2025-10-17";"";"Ferragens Santa Rita";"CASA DO PEQUENO";"importacao_excel";"a_pagar";"73,10"
"863945";"2025-10-17";"";"Ferragens Santa Rita";"CASA DO PEQUENO";"importacao_excel";"a_pagar";"1,60"
"863946";"2025-10-17";"";"Ferragens Santa Rita";"CASA DO PEQUENO";"importacao_excel";"a_pagar";"4,68"
"863947";"2025-10-17";"";"Ferragens Santa Rita";"CASA DO PEQUENO";"importacao_excel";"a_pagar";"90,00"
"863948";"2025-10-17";"";"Ferragens Santa Rita";"CASA DO PEQUENO";"importacao_excel";"a_pagar";"154,16"
"863949";"2025-10-17";"";"Ferragens Santa Rita";"CASA DO PEQUENO";"importacao_excel";"a_pagar";"135,00"
"863950";"2025-10-17";"";"Ferragens Santa Rita";"CASA DO PEQUENO";"importacao_excel";"a_pagar";"5,19"
"863951";"2025-10-17";"";"Ferragens Santa Rita";"PALES ";"importacao_excel";"a_pagar";"45,00"
"863952";"2025-10-17";"";"Ferragens Santa Rita";"PALES ";"importacao_excel";"a_pagar";"227,83"
"863953";"2025-10-17";"";"Ferragens Santa Rita";"CASA DO PEQUENO";"importacao_excel";"a_pagar";"85,50"
"863954";"2025-10-17";"";"Ferragens Santa Rita";"PALES ";"importacao_excel";"a_pagar";"14,16"
"863955";"2025-10-17";"";"Ferragens Santa Rita";"CASA DO PEQUENO";"importacao_excel";"a_pagar";"19,50"
"863956";"2025-10-17";"";"Ferragens Santa Rita";"CASA DO PEQUENO";"importacao_excel";"a_pagar";"90,00"
"863957";"2025-10-17";"";"Ferragens Santa Rita";"CASA DO PEQUENO";"importacao_excel";"a_pagar";"360,00"
"863958";"2025-10-17";"";"Ferragens Santa Rita";"CASA DO PEQUENO";"importacao_excel";"a_pagar";"45,00"
"863959";"2025-10-17";"";"Ferragens Santa Rita";"CASA DO PEQUENO";"importacao_excel";"a_pagar";"154,16"
"863960";"2025-10-17";"";"Ferragens Santa Rita";"CASA DO PEQUENO";"importacao_excel";"a_pagar";"90,00"
"863961";"2025-10-17";"";"Ferragens Santa Rita";"CASA DO PEQUENO";"importacao_excel";"a_pagar";"138,50"
"863962";"2025-10-17";"";"Ferragens Santa Rita";"CASA DO PEQUENO";"importacao_excel";"a_pagar";"11,33"
"863963";"2025-10-17";"";"Ferragens Santa Rita";"PALES ";"importacao_excel";"a_pagar";"84,16"
"863964";"2025-10-17";"";"Ferragens Santa Rita";"CASA DO PEQUENO";"importacao_excel";"a_pagar";"86,00"
"863965";"2025-10-17";"";"Ferragens Santa Rita";"CASA DO PEQUENO";"importacao_excel";"a_pagar";"0,73"
"863966";"2025-10-17";"";"Ferragens Santa Rita";"CASA DO PEQUENO";"importacao_excel";"a_pagar";"140,66"
"863967";"2025-10-17";"";"Ferragens Santa Rita";"PALES ";"importacao_excel";"a_pagar";"36,50"
"863968";"2025-10-17";"";"Ferragens Santa Rita";"CASA DO PEQUENO";"importacao_excel";"a_pagar";"178,66"
"863969";"2025-10-17";"";"Ferragens Santa Rita";"PALES ";"importacao_excel";"a_pagar";"167,83"
"863970";"2025-10-17";"";"Ferragens Santa Rita";"CASA DO PEQUENO";"importacao_excel";"a_pagar";"90,00"
"863971";"2025-10-17";"";"Ferragens Santa Rita";"CASA DO PEQUENO";"importacao_excel";"a_pagar";"45,00"
"863972";"2025-10-17";"";"Ferragens Santa Rita";"CASA DO PEQUENO";"importacao_excel";"a_pagar";"7,21"
"863973";"2025-10-17";"";"Ferragens Santa Rita";"CASA DO PEQUENO";"importacao_excel";"a_pagar";"29,28"
"863974";"2025-10-17";"";"Ferragens Santa Rita";"CASA DO PEQUENO";"importacao_excel";"a_pagar";"45,00"
"863977";"2025-10-17";"";"Ferragens Santa Rita";"CASA DO PEQUENO";"importacao_excel";"a_pagar";"154,16"
"863978";"2025-10-17";"";"Ferragens Santa Rita";"CASA DO PEQUENO";"importacao_excel";"a_pagar";"5,30"
"863979";"2025-10-17";"";"Ferragens Santa Rita";"CASA DO PEQUENO";"importacao_excel";"a_pagar";"19,50"
"863980";"2025-10-17";"";"Ferragens Santa Rita";"CASA DO PEQUENO";"importacao_excel";"a_pagar";"7,97"
"863981";"2025-10-17";"";"Ferragens Santa Rita";"CASA DO PEQUENO";"importacao_excel";"a_pagar";"21,36"
"863982";"2025-10-17";"";"Ferragens Santa Rita";"PALES ";"importacao_excel";"a_pagar";"36,50"
"863983";"2025-10-17";"";"Ferragens Santa Rita";"CASA DO PEQUENO";"importacao_excel";"a_pagar";"154,16"
"863984";"2025-10-17";"";"Ferragens Santa Rita";"CASA DO PEQUENO";"importacao_excel";"a_pagar";"112,58"
"863985";"2025-10-17";"";"Ferragens Santa Rita";"CASA DO PEQUENO";"importacao_excel";"a_pagar";"89,33"
"863986";"2025-10-17";"";"Ferragens Santa Rita";"CASA DO PEQUENO";"importacao_excel";"a_pagar";"90,00"
"863987";"2025-10-17";"";"Ferragens Santa Rita";"CASA DO PEQUENO";"importacao_excel";"a_pagar";"1,60"
"863988";"2025-10-17";"";"Ferragens Santa Rita";"CASA DO PEQUENO";"importacao_excel";"a_pagar";"45,00"
"863989";"2025-10-17";"";"Ferragens Santa Rita";"PALES ";"importacao_excel";"a_pagar";"167,83"
"863990";"2025-10-17";"";"Ferragens Santa Rita";"CASA DO PEQUENO";"importacao_excel";"a_pagar";"0,73"
"863991";"2025-10-17";"";"Ferragens Santa Rita";"CASA DO PEQUENO";"importacao_excel";"a_pagar";"8,63"
"863992";"2025-10-17";"";"Ferragens Santa Rita";"PALES ";"importacao_excel";"a_pagar";"84,16"
"863993";"2025-10-17";"";"Ferragens Santa Rita";"CASA DO PEQUENO";"importacao_excel";"a_pagar";"138,50"
"863994";"2025-10-17";"";"Ferragens Santa Rita";"CASA DO PEQUENO";"importacao_excel";"a_pagar";"154,16"
"863995";"2025-10-17";"";"Ferragens Santa Rita";"CASA DO PEQUENO";"importacao_excel";"a_pagar";"45,00"
"863996";"2025-10-17";"";"Ferragens Santa Rita";"CASA DO PEQUENO";"importacao_excel";"a_pagar";"360,00"
"863997";"2025-10-17";"";"Ferragens Santa Rita";"CASA DO PEQUENO";"importacao_excel";"a_pagar";"90,00"
"863998";"2025-10-17";"";"Ferragens Santa Rita";"PALES ";"importacao_excel";"a_pagar";"14,16"
"863999";"2025-10-17";"";"Ferragens Santa Rita";"PALES ";"importacao_excel";"a_pagar";"227,83"
"864000";"2025-10-17";"";"Ferragens Santa Rita";"PALES ";"importacao_excel";"a_pagar";"45,00"
"864001";"2025-10-17";"";"Ferragens Santa Rita";"CASA DO PEQUENO";"importacao_excel";"a_pagar";"5,19"
"864002";"2025-10-17";"";"Ferragens Santa Rita";"CASA DO PEQUENO";"importacao_excel";"a_pagar";"135,00"
"864003";"2025-10-17";"50 sc cimento";"Ferragens Santa Rita";"Santuário - UTC";"importacao_excel";"a_pagar";"566,67"
"864004";"2025-10-17";"";"Ferragens Santa Rita";"CASA DO PEQUENO";"importacao_excel";"a_pagar";"13,06"
"864005";"2025-10-17";"";"Ferragens Santa Rita";"CASA DO PEQUENO";"importacao_excel";"a_pagar";"7,53"
"864006";"2025-10-17";"";"Ferragens Santa Rita";"CASA DO PEQUENO";"importacao_excel";"a_pagar";"15,50"
"864007";"2025-10-17";"";"Ferragens Santa Rita";"PALES ";"importacao_excel";"a_pagar";"13,16"
"864008";"2025-10-17";"";"Ferragens Santa Rita";"CASA DO PEQUENO";"importacao_excel";"a_pagar";"11,33"
"864009";"2025-10-17";"";"Ferragens Santa Rita";"CASA DO PEQUENO";"importacao_excel";"a_pagar";"86,00"
"864010";"2025-10-17";"";"Ferragens Santa Rita";"CASA DO PEQUENO";"importacao_excel";"a_pagar";"140,66"
"864011";"2025-10-17";"";"Ferragens Santa Rita";"CASA DO PEQUENO";"importacao_excel";"a_pagar";"178,66"
"864012";"2025-10-17";"";"Ferragens Santa Rita";"CASA DO PEQUENO";"importacao_excel";"a_pagar";"73,10"
"864013";"2025-10-17";"";"Ferragens Santa Rita";"CASA DO PEQUENO";"importacao_excel";"a_pagar";"45,00"
"864014";"2025-10-17";"";"Ferragens Santa Rita";"CASA DO PEQUENO";"importacao_excel";"a_pagar";"7,21"
"864015";"2025-10-17";"";"Ferragens Santa Rita";"CASA DO PEQUENO";"importacao_excel";"a_pagar";"29,28"
"864016";"2025-10-17";"";"Ferragens Santa Rita";"PALES ";"importacao_excel";"a_pagar";"1,23"
"864018";"2025-10-17";"";"Ferragens Santa Rita";"CASA DO PEQUENO";"importacao_excel";"a_pagar";"29,28"
"864019";"2025-10-17";"";"Ferragens Santa Rita";"CASA DO PEQUENO";"importacao_excel";"a_pagar";"7,21"
"864020";"2025-10-17";"";"Ferragens Santa Rita";"CASA DO PEQUENO";"importacao_excel";"a_pagar";"45,00"
"864021";"2025-10-17";"";"Ferragens Santa Rita";"CASA DO PEQUENO";"importacao_excel";"a_pagar";"73,10"
"864022";"2025-10-17";"";"Ferragens Santa Rita";"CASA DO PEQUENO";"importacao_excel";"a_pagar";"178,66"
"864023";"2025-10-17";"";"Ferragens Santa Rita";"CASA DO PEQUENO";"importacao_excel";"a_pagar";"140,66"
"864024";"2025-10-17";"";"Ferragens Santa Rita";"CASA DO PEQUENO";"importacao_excel";"a_pagar";"86,00"
"864025";"2025-10-17";"";"Ferragens Santa Rita";"CASA DO PEQUENO";"importacao_excel";"a_pagar";"11,33"
"864026";"2025-10-17";"";"Ferragens Santa Rita";"CASA DO PEQUENO";"importacao_excel";"a_pagar";"19,50"
"864027";"2025-10-17";"";"Ferragens Santa Rita";"CASA DO PEQUENO";"importacao_excel";"a_pagar";"85,50"
"864028";"2025-10-17";"";"Ferragens Santa Rita";"CASA DO PEQUENO";"importacao_excel";"a_pagar";"154,16"
"864029";"2025-10-17";"";"Ferragens Santa Rita";"CASA DO PEQUENO";"importacao_excel";"a_pagar";"4,68"
"864030";"2025-10-17";"";"Ferragens Santa Rita";"CASA DO PEQUENO";"importacao_excel";"a_pagar";"90,00"
"864031";"2025-10-17";"";"Ferragens Santa Rita";"PALES ";"importacao_excel";"a_pagar";"1,23"
"864032";"2025-10-17";"";"Ferragens Santa Rita";"CASA DO PEQUENO";"importacao_excel";"a_pagar";"285,66"
"864033";"2025-10-17";"";"Ferragens Santa Rita";"CASA DO PEQUENO";"importacao_excel";"a_pagar";"85,50"
"864034";"2025-10-17";"";"Ferragens Santa Rita";"CASA DO PEQUENO";"importacao_excel";"a_pagar";"285,66"
"864035";"2025-10-17";"";"Ferragens Santa Rita";"CASA DO PEQUENO";"importacao_excel";"a_pagar";"45,00"
"864036";"2025-10-17";"";"Ferragens Santa Rita";"CASA DO PEQUENO";"importacao_excel";"a_pagar";"86,00"
"864038";"2025-10-17";"";"Ferragens Santa Rita";"CASA DO PEQUENO";"importacao_excel";"a_pagar";"7,55"
"864039";"2025-10-17";"";"Ferragens Santa Rita";"CASA DO PEQUENO";"importacao_excel";"a_pagar";"15,50"
"864041";"2025-10-17";"";"Ferragens Santa Rita";"PALES ";"importacao_excel";"a_pagar";"13,20"
"864042";"2025-10-17";"";"Ferragens Santa Rita";"CASA DO PEQUENO";"importacao_excel";"a_pagar";"285,70"
"864043";"2025-10-17";"";"Ferragens Santa Rita";"PALES ";"importacao_excel";"a_pagar";"1,25"
"864044";"2025-10-17";"";"Ferragens Santa Rita";"CASA DO PEQUENO";"importacao_excel";"a_pagar";"4,70"
"864045";"2025-10-17";"";"Ferragens Santa Rita";"CASA DO PEQUENO";"importacao_excel";"a_pagar";"90,00"
"864046";"2025-10-17";"";"Ferragens Santa Rita";"CASA DO PEQUENO";"importacao_excel";"a_pagar";"154,20"
"864047";"2025-10-17";"";"Ferragens Santa Rita";"CASA DO PEQUENO";"importacao_excel";"a_pagar";"85,50"
"864048";"2025-10-17";"";"Ferragens Santa Rita";"CASA DO PEQUENO";"importacao_excel";"a_pagar";"19,50"
"864049";"2025-10-17";"";"Ferragens Santa Rita";"CASA DO PEQUENO";"importacao_excel";"a_pagar";"21,37"
"864050";"2025-10-17";"";"Ferragens Santa Rita";"CASA DO PEQUENO";"importacao_excel";"a_pagar";"11,35"
"864051";"2025-10-17";"";"Ferragens Santa Rita";"CASA DO PEQUENO";"importacao_excel";"a_pagar";"140,70"
"864052";"2025-10-17";"";"Ferragens Santa Rita";"CASA DO PEQUENO";"importacao_excel";"a_pagar";"178,70"
"864053";"2025-10-17";"";"Ferragens Santa Rita";"CASA DO PEQUENO";"importacao_excel";"a_pagar";"73,10"
"864054";"2025-10-17";"";"Ferragens Santa Rita";"CASA DO PEQUENO";"importacao_excel";"a_pagar";"45,00"
"864055";"2025-10-17";"";"Ferragens Santa Rita";"CASA DO PEQUENO";"importacao_excel";"a_pagar";"7,25"
"864056";"2025-10-17";"";"Ferragens Santa Rita";"CASA DO PEQUENO";"importacao_excel";"a_pagar";"29,30"
"864057";"2025-10-17";"";"Ferragens Santa Rita";"CASA DO PEQUENO";"importacao_excel";"a_pagar";"7,97"
"864058";"2025-10-17";"";"Ferragens Santa Rita";"CASA DO PEQUENO";"importacao_excel";"a_pagar";"13,06"
"864059";"2025-10-17";"";"Ferragens Santa Rita";"CASA DO PEQUENO";"importacao_excel";"a_pagar";"135,00"
"864060";"2025-10-17";"";"Ferragens Santa Rita";"CASA DO PEQUENO";"importacao_excel";"a_pagar";"5,19"
"864061";"2025-10-17";"";"Ferragens Santa Rita";"PALES ";"importacao_excel";"a_pagar";"45,00"
"864062";"2025-10-17";"";"Ferragens Santa Rita";"CASA DO PEQUENO";"importacao_excel";"a_pagar";"138,50"
"864063";"2025-10-17";"";"Ferragens Santa Rita";"PALES ";"importacao_excel";"a_pagar";"14,20"
"864064";"2025-10-17";"";"Ferragens Santa Rita";"CASA DO PEQUENO";"importacao_excel";"a_pagar";"112,60"
"864065";"2025-10-17";"";"Ferragens Santa Rita";"CASA DO PEQUENO";"importacao_excel";"a_pagar";"89,35"
"864066";"2025-10-17";"";"Ferragens Santa Rita";"CASA DO PEQUENO";"importacao_excel";"a_pagar";"90,00"
"864067";"2025-10-17";"";"Ferragens Santa Rita";"CASA DO PEQUENO";"importacao_excel";"a_pagar";"112,58"
"864068";"2025-10-17";"";"Ferragens Santa Rita";"CASA DO PEQUENO";"importacao_excel";"a_pagar";"90,00"
"864069";"2025-10-17";"";"Ferragens Santa Rita";"CASA DO PEQUENO";"importacao_excel";"a_pagar";"360,00"
"864070";"2025-10-17";"";"Ferragens Santa Rita";"CASA DO PEQUENO";"importacao_excel";"a_pagar";"21,36"
"864071";"2025-10-17";"";"Ferragens Santa Rita";"PALES ";"importacao_excel";"a_pagar";"45,00"
"864072";"2025-10-17";"";"Ferragens Santa Rita";"CASA DO PEQUENO";"importacao_excel";"a_pagar";"5,21"
"864073";"2025-10-17";"";"Ferragens Santa Rita";"CASA DO PEQUENO";"importacao_excel";"a_pagar";"45,00"
"864074";"2025-10-17";"";"Ferragens Santa Rita";"CASA DO PEQUENO";"importacao_excel";"a_pagar";"135,00"
"864075";"2025-10-17";"";"Ferragens Santa Rita";"CASA DO PEQUENO";"importacao_excel";"a_pagar";"89,33"
"864076";"2025-10-17";"";"Ferragens Santa Rita";"CASA DO PEQUENO";"importacao_excel";"a_pagar";"154,20"
"864077";"2025-10-17";"";"Ferragens Santa Rita";"CASA DO PEQUENO";"importacao_excel";"a_pagar";"138,50"
"864078";"2025-10-17";"";"Ferragens Santa Rita";"CASA DO PEQUENO";"importacao_excel";"a_pagar";"13,10"
"864079";"2025-10-17";"";"Ferragens Santa Rita";"PALES ";"importacao_excel";"a_pagar";"84,20"
"864080";"2025-10-17";"";"Ferragens Santa Rita";"CASA DO PEQUENO";"importacao_excel";"a_pagar";"0,75"
"864081";"2025-10-17";"";"Ferragens Santa Rita";"PALES ";"importacao_excel";"a_pagar";"13,16"
"864082";"2025-10-17";"";"Ferragens Santa Rita";"CASA DO PEQUENO";"importacao_excel";"a_pagar";"90,00"
"864083";"2025-10-17";"";"Ferragens Santa Rita";"CASA DO PEQUENO";"importacao_excel";"a_pagar";"1,60"
"864084";"2025-10-17";"";"Ferragens Santa Rita";"PALES ";"importacao_excel";"a_pagar";"36,50"
"864085";"2025-10-17";"";"Ferragens Santa Rita";"PALES ";"importacao_excel";"a_pagar";"167,85"
"864086";"2025-10-17";"";"Ferragens Santa Rita";"CASA DO PEQUENO";"importacao_excel";"a_pagar";"45,00"
"864087";"2025-10-17";"";"Ferragens Santa Rita";"CASA DO PEQUENO";"importacao_excel";"a_pagar";"8,65"
"864088";"2025-10-17";"";"Ferragens Santa Rita";"CASA DO PEQUENO";"importacao_excel";"a_pagar";"1,60"
"864089";"2025-10-17";"";"Ferragens Santa Rita";"CASA DO PEQUENO";"importacao_excel";"a_pagar";"45,00"
"864090";"2025-10-17";"";"Ferragens Santa Rita";"PALES ";"importacao_excel";"a_pagar";"167,83"
"864091";"2025-10-17";"";"Ferragens Santa Rita";"PALES ";"importacao_excel";"a_pagar";"36,50"
"864092";"2025-10-17";"";"Ferragens Santa Rita";"CASA DO PEQUENO";"importacao_excel";"a_pagar";"0,73"
"864093";"2025-10-17";"";"Ferragens Santa Rita";"PALES ";"importacao_excel";"a_pagar";"84,16"
"864094";"2025-10-17";"";"Ferragens Santa Rita";"PALES ";"importacao_excel";"a_pagar";"227,83"
"864095";"2025-10-17";"50 sc cimento";"Ferragens Santa Rita";"Santuário - UTC";"importacao_excel";"a_pagar";"566,67"
"864096";"2025-10-17";"";"Ferragens Santa Rita";"PALES ";"importacao_excel";"a_pagar";"227,85"
"864097";"2025-10-17";"";"Ferragens Santa Rita";"CASA DO PEQUENO";"importacao_excel";"a_pagar";"131,22"
"864098";"2025-10-17";"";"Ferragens Santa Rita";"CASA DO PEQUENO";"importacao_excel";"a_pagar";"15,50"
"864099";"2025-10-17";"";"Ferragens Santa Rita";"CASA DO PEQUENO";"importacao_excel";"a_pagar";"7,53"
"864100";"2025-10-17";"";"Ferragens Santa Rita";"CASA DO PEQUENO";"importacao_excel";"a_pagar";"8,63"
"864101";"2025-10-17";"";"Ferragens Santa Rita";"CASA DO PEQUENO";"importacao_excel";"a_pagar";"131,22"
"864102";"2025-10-17";"";"Ferragens Santa Rita";"CASA DO PEQUENO";"importacao_excel";"a_pagar";"5,30"
"864103";"2025-10-17";"";"Ferragens Santa Rita";"CASA DO PEQUENO";"importacao_excel";"a_pagar";"5,30"
"864104";"2025-10-17";"";"Ferragens Santa Rita";"PALES ";"importacao_excel";"a_pagar";"14,16"
"864105";"2025-10-17";"";"Ferragens Santa Rita";"CASA DO PEQUENO";"importacao_excel";"a_pagar";"360,00"
"864106";"2025-10-17";"";"Ferragens Santa Rita";"CASA DO PEQUENO";"importacao_excel";"a_pagar";"90,00"
"864107";"2025-10-21";"";"Eletroguara Materiais Eletricos LTDA";"Santuário - UTC";"importacao_excel";"a_pagar";"9,12"
"864113";"2025-10-21";"";"Casa dos Vidros";"CASA DO PEQUENO";"importacao_excel";"a_pagar";"270,00"
"864112";"2025-10-21";"";"Eletroguara Materiais Eletricos LTDA";"Santuário - UTC";"importacao_excel";"a_pagar";"101,89"
"864111";"2025-10-21";"";"TLO Soluções Vendas de Ferro e Aço";"";"importacao_excel";"a_pagar";"166,67"
"864110";"2025-10-21";"";"Casa dos Vidros";"CASA DO PEQUENO";"importacao_excel";"a_pagar";"270,00"
"864109";"2025-10-21";"";"Eletroguara Materiais Eletricos LTDA";"Santuário - UTC";"importacao_excel";"a_pagar";"9,12"
"864108";"2025-10-21";"";"Eletroguara Materiais Eletricos LTDA";"Santuário - UTC";"importacao_excel";"a_pagar";"101,89"
"864156";"2025-10-22";"";"Ferragens Santa Rita";"Santuário - UTC";"importacao_excel";"a_pagar";"66,16"
"864142";"2025-10-22";"";"Ferragens Santa Rita";"Hotel Qiu 2 - Fase 3";"importacao_excel";"a_pagar";"178,70"
"864143";"2025-10-22";"";"Ferragens Santa Rita";"LUCIANA - FINAL BLOCO B";"importacao_excel";"a_pagar";"116,66"
"864144";"2025-10-22";"";"Ferragens Santa Rita";"Hotel Qiu 2 - Fase 3";"importacao_excel";"a_pagar";"178,70"
"864145";"2025-10-22";"";"Ferragens Santa Rita";"Santuário - UTC";"importacao_excel";"a_pagar";"66,20"
"864146";"2025-10-22";"";"Ferragens Santa Rita";"CASA DO PEQUENO";"importacao_excel";"a_pagar";"18,21"
"864147";"2025-10-22";"";"Pier Brasil Comércio de Máquinas, Ferramentas e acessórios";"POS OBRA";"importacao_excel";"a_pagar";"104,00"
"864148";"2025-10-22";"";"Ferragens Santa Rita";"Hotel Qiu 2 - Fase 3";"importacao_excel";"a_pagar";"100,00"
"864149";"2025-10-22";"";"Ferragens Santa Rita";"Hotel Qiu 2 - Fase 3";"importacao_excel";"a_pagar";"178,70"
"864150";"2025-10-22";"";"Ferragens Santa Rita";"Hotel Qiu 2 - Fase 3";"importacao_excel";"a_pagar";"178,66"
"864151";"2025-10-22";"";"Ferragens Santa Rita";"Santuário - UTC";"importacao_excel";"a_pagar";"66,16"
"864152";"2025-10-22";"";"Ferragens Santa Rita";"CASA DO PEQUENO";"importacao_excel";"a_pagar";"23,66"
"864153";"2025-10-22";"";"Ferragens Santa Rita";"Hotel Qiu 2 - Fase 3";"importacao_excel";"a_pagar";"360,00"
"864154";"2025-10-22";"";"Ferragens Santa Rita";"Hotel Qiu 2 - Fase 3";"importacao_excel";"a_pagar";"178,70"
"864180";"2025-10-22";"";"Ferragens Santa Rita";"";"importacao_excel";"a_pagar";"12,98"
"864179";"2025-10-22";"";"Ferragens Santa Rita";"CASA DO PEQUENO";"importacao_excel";"a_pagar";"4,75"
"864178";"2025-10-22";"";"Ferragens Santa Rita";"Hotel Qiu 2 - Fase 3";"importacao_excel";"a_pagar";"178,66"
"864177";"2025-10-22";"";"Ferragens Santa Rita";"Hotel Qiu 2 - Fase 3";"importacao_excel";"a_pagar";"178,66"
"864176";"2025-10-22";"";"Ferragens Santa Rita";"CASA DO PEQUENO";"importacao_excel";"a_pagar";"52,00"
"864175";"2025-10-22";"";"Ferragens Santa Rita";"CASA DO PEQUENO";"importacao_excel";"a_pagar";"23,66"
"864174";"2025-10-22";"";"Ferragens Santa Rita";"Hotel Qiu 2 - Fase 3";"importacao_excel";"a_pagar";"18,13"
"864173";"2025-10-22";"";"Ferragens Santa Rita";"Hotel Qiu 2 - Fase 3";"importacao_excel";"a_pagar";"162,50"
"864172";"2025-10-22";"";"Ferragens Santa Rita";"CASA DO PEQUENO";"importacao_excel";"a_pagar";"18,21"
"864171";"2025-10-22";"";"Ferragens Santa Rita";"Hotel Qiu 2 - Fase 3";"importacao_excel";"a_pagar";"18,13"
"864170";"2025-10-22";"";"Ferragens Santa Rita";"CASA DO PEQUENO";"importacao_excel";"a_pagar";"53,01"
"864169";"2025-10-22";"";"Ferragens Santa Rita";"";"importacao_excel";"a_pagar";"12,98"
"864168";"2025-10-22";"";"Ferragens Santa Rita";"CASA DO PEQUENO";"importacao_excel";"a_pagar";"53,01"
"864167";"2025-10-22";"";"Ferragens Santa Rita";"CASA DO PEQUENO";"importacao_excel";"a_pagar";"18,25"
"864166";"2025-10-22";"";"Ferragens Santa Rita";"Hotel Qiu 2 - Fase 3";"importacao_excel";"a_pagar";"178,66"
"864165";"2025-10-22";"";"Pier Brasil Comércio de Máquinas, Ferramentas e acessórios";"POS OBRA";"importacao_excel";"a_pagar";"104,00"
"864164";"2025-10-22";"";"Ferragens Santa Rita";"Hotel Qiu 2 - Fase 3";"importacao_excel";"a_pagar";"100,00"
"864163";"2025-10-22";"";"Ferragens Santa Rita";"Hotel Qiu 2 - Fase 3";"importacao_excel";"a_pagar";"162,50"
"864162";"2025-10-22";"";"Ferragens Santa Rita";"CASA DO PEQUENO";"importacao_excel";"a_pagar";"4,75"
"864161";"2025-10-22";"";"Ferragens Santa Rita";"CASA DO PEQUENO";"importacao_excel";"a_pagar";"23,70"
"864160";"2025-10-22";"";"Ferragens Santa Rita";"Hotel Qiu 2 - Fase 3";"importacao_excel";"a_pagar";"178,66"
"864159";"2025-10-22";"";"Ferragens Santa Rita";"Hotel Qiu 2 - Fase 3";"importacao_excel";"a_pagar";"178,66"
"864158";"2025-10-22";"";"Ferragens Santa Rita";"Hotel Qiu 2 - Fase 3";"importacao_excel";"a_pagar";"178,66"
"864157";"2025-10-22";"";"Ferragens Santa Rita";"Hotel Qiu 2 - Fase 3";"importacao_excel";"a_pagar";"100,00"
"864155";"2025-10-22";"";"Ferragens Santa Rita";"Hotel Qiu 2 - Fase 3";"importacao_excel";"a_pagar";"360,00"
"864117";"2025-10-22";"";"Ferragens Santa Rita";"CASA DO PEQUENO";"importacao_excel";"a_pagar";"23,66"
"864116";"2025-10-22";"";"Ferragens Santa Rita";"Hotel Qiu 2 - Fase 3";"importacao_excel";"a_pagar";"178,66"
"864115";"2025-10-22";"";"Ferragens Santa Rita";"Hotel Qiu 2 - Fase 3";"importacao_excel";"a_pagar";"178,66"
"864114";"2025-10-22";"";"Ferragens Santa Rita";"Hotel Qiu 2 - Fase 3";"importacao_excel";"a_pagar";"360,00"
"864118";"2025-10-22";"";"Ferragens Santa Rita";"CASA DO PEQUENO";"importacao_excel";"a_pagar";"52,00"
"864119";"2025-10-22";"";"Ferragens Santa Rita";"CASA DO PEQUENO";"importacao_excel";"a_pagar";"4,75"
"864122";"2025-10-22";"";"Ferragens Santa Rita";"Hotel Qiu 2 - Fase 3";"importacao_excel";"a_pagar";"162,50"
"864120";"2025-10-22";"";"Ferragens Santa Rita";"Hotel Qiu 2 - Fase 3";"importacao_excel";"a_pagar";"18,13"
"864123";"2025-10-22";"";"Ferragens Santa Rita";"Hotel Qiu 2 - Fase 3";"importacao_excel";"a_pagar";"178,66"
"864124";"2025-10-22";"";"Ferragens Santa Rita";"LUCIANA - FINAL BLOCO B";"importacao_excel";"a_pagar";"116,66"
"864125";"2025-10-22";"";"Ferragens Santa Rita";"";"importacao_excel";"a_pagar";"12,98"
"864121";"2025-10-22";"";"Ferragens Santa Rita";"Santuário - UTC";"importacao_excel";"a_pagar";"66,16"
"864126";"2025-10-22";"";"Ferragens Santa Rita";"LUCIANA - FINAL BLOCO B";"importacao_excel";"a_pagar";"116,70"
"864127";"2025-10-22";"";"Ferragens Santa Rita";"CASA DO PEQUENO";"importacao_excel";"a_pagar";"53,01"
"864128";"2025-10-22";"";"Pier Brasil Comércio de Máquinas, Ferramentas e acessórios";"POS OBRA";"importacao_excel";"a_pagar";"104,00"
"864129";"2025-10-22";"";"Ferragens Santa Rita";"Hotel Qiu 2 - Fase 3";"importacao_excel";"a_pagar";"178,66"
"864130";"2025-10-22";"";"Ferragens Santa Rita";"Hotel Qiu 2 - Fase 3";"importacao_excel";"a_pagar";"178,66"
"864131";"2025-10-22";"";"Ferragens Santa Rita";"CASA DO PEQUENO";"importacao_excel";"a_pagar";"4,75"
"864132";"2025-10-22";"";"Ferragens Santa Rita";"CASA DO PEQUENO";"importacao_excel";"a_pagar";"18,21"
"864133";"2025-10-22";"";"Ferragens Santa Rita";"LUCIANA - FINAL BLOCO B";"importacao_excel";"a_pagar";"116,66"
"864134";"2025-10-22";"";"Ferragens Santa Rita";"Hotel Qiu 2 - Fase 3";"importacao_excel";"a_pagar";"360,00"
"864135";"2025-10-22";"";"Ferragens Santa Rita";"CASA DO PEQUENO";"importacao_excel";"a_pagar";"52,00"
"864136";"2025-10-22";"";"Ferragens Santa Rita";"Hotel Qiu 2 - Fase 3";"importacao_excel";"a_pagar";"162,50"
"864137";"2025-10-22";"";"Ferragens Santa Rita";"Hotel Qiu 2 - Fase 3";"importacao_excel";"a_pagar";"100,00"
"864138";"2025-10-22";"";"Ferragens Santa Rita";"";"importacao_excel";"a_pagar";"13,00"
"864139";"2025-10-22";"";"Ferragens Santa Rita";"Hotel Qiu 2 - Fase 3";"importacao_excel";"a_pagar";"18,15"
"864140";"2025-10-22";"";"Ferragens Santa Rita";"CASA DO PEQUENO";"importacao_excel";"a_pagar";"52,00"
"864141";"2025-10-22";"";"Ferragens Santa Rita";"CASA DO PEQUENO";"importacao_excel";"a_pagar";"53,05"
"864182";"2025-10-23";"";"Ferragens Santa Rita";"Santuário - UTC";"importacao_excel";"a_pagar";"66,18"
"864181";"2025-10-23";"";"Ferragens Santa Rita";"Santuário - UTC";"importacao_excel";"a_pagar";"66,18"
"864187";"2025-10-23";"";"Ferragens Santa Rita";"CASA DO PEQUENO";"importacao_excel";"a_pagar";"59,20"
"864186";"2025-10-23";"";"Ferragens Santa Rita";"CASA DO PEQUENO";"importacao_excel";"a_pagar";"59,16"
"864188";"2025-10-23";"";"Ferragens Santa Rita";"Santuário - UTC";"importacao_excel";"a_pagar";"66,18"
"864185";"2025-10-23";"";"Ferragens Santa Rita";"CASA DO PEQUENO";"importacao_excel";"a_pagar";"59,16"
"864184";"2025-10-23";"";"Ferragens Santa Rita";"Santuário - UTC";"importacao_excel";"a_pagar";"66,20"
"864183";"2025-10-23";"";"Ferragens Santa Rita";"CASA DO PEQUENO";"importacao_excel";"a_pagar";"59,16"
"864203";"2025-10-24";"";"Casa Brasil";"Hotel Qiu 2 - Fase 3";"importacao_excel";"a_pagar";"50,00"
"864202";"2025-10-24";"";"Casa Brasil";"Hotel Qiu 2 - Fase 3";"importacao_excel";"a_pagar";"146,81"
"864201";"2025-10-24";"";"Casa Brasil";"CASA DO PEQUENO";"importacao_excel";"a_pagar";"573,08"
"864200";"2025-10-24";"";"Casa Brasil";"Hotel Qiu 2 - Fase 3";"importacao_excel";"a_pagar";"229,00"
"864199";"2025-10-24";"";"Casa Brasil";"Hotel Qiu 2 - Fase 3";"importacao_excel";"a_pagar";"50,00"
"864198";"2025-10-24";"";"Casa Brasil";"CASA DO PEQUENO";"importacao_excel";"a_pagar";"45,00"
"864197";"2025-10-24";"";"Casa Brasil";"CASA DO PEQUENO";"importacao_excel";"a_pagar";"28,13"
"864196";"2025-10-24";"";"Casa Brasil";"Hotel Qiu 2 - Fase 3";"importacao_excel";"a_pagar";"58,50"
"864195";"2025-10-24";"";"Casa Brasil";"CASA DO PEQUENO";"importacao_excel";"a_pagar";"28,13"
"864189";"2025-10-24";"";"Casa Brasil";"CASA DO PEQUENO";"importacao_excel";"a_pagar";"24,75"
"864194";"2025-10-24";"";"Casa Brasil";"Hotel Qiu 2 - Fase 3";"importacao_excel";"a_pagar";"67,50"
"864211";"2025-10-24";"";"Casa Brasil";"Hotel Qiu 2 - Fase 3";"importacao_excel";"a_pagar";"67,50"
"864212";"2025-10-24";"";"Casa Brasil";"PALES ";"importacao_excel";"a_pagar";"28,35"
"864213";"2025-10-24";"";"Casa Brasil";"PALES ";"importacao_excel";"a_pagar";"30,58"
"864214";"2025-10-24";"";"Casa Brasil";"PALES ";"importacao_excel";"a_pagar";"28,35"
"864215";"2025-10-24";"";"Casa Brasil";"CASA DO PEQUENO";"importacao_excel";"a_pagar";"229,50"
"864216";"2025-10-24";"";"Casa Brasil";"PALES ";"importacao_excel";"a_pagar";"30,58"
"864217";"2025-10-24";"";"Casa Brasil";"CASA DO PEQUENO";"importacao_excel";"a_pagar";"229,50"
"864218";"2025-10-24";"";"Casa Brasil";"Santuário - UTC";"importacao_excel";"a_pagar";"98,50"
"864193";"2025-10-24";"";"Casa Brasil";"CASA DO PEQUENO";"importacao_excel";"a_pagar";"24,75"
"864192";"2025-10-24";"";"Casa Brasil";"CASA DO PEQUENO";"importacao_excel";"a_pagar";"44,72"
"864191";"2025-10-24";"";"Casa Brasil";"CASA DO PEQUENO";"importacao_excel";"a_pagar";"99,28"
"864190";"2025-10-24";"";"Casa Brasil";"Hotel Qiu 2 - Fase 3";"importacao_excel";"a_pagar";"58,50"
"864210";"2025-10-24";"";"Casa Brasil";"Santuário - UTC";"importacao_excel";"a_pagar";"98,50"
"864209";"2025-10-24";"";"Casa Brasil";"Hotel Qiu 2 - Fase 3";"importacao_excel";"a_pagar";"229,00"
"864208";"2025-10-24";"";"Casa Brasil";"CASA DO PEQUENO";"importacao_excel";"a_pagar";"45,00"
"864207";"2025-10-24";"";"Casa Brasil";"CASA DO PEQUENO";"importacao_excel";"a_pagar";"99,28"
"864206";"2025-10-24";"";"Casa Brasil";"CASA DO PEQUENO";"importacao_excel";"a_pagar";"44,72"
"864205";"2025-10-24";"";"Casa Brasil";"CASA DO PEQUENO";"importacao_excel";"a_pagar";"573,08"
"864204";"2025-10-24";"";"Casa Brasil";"Hotel Qiu 2 - Fase 3";"importacao_excel";"a_pagar";"146,81"
"864219";"2025-10-27";"";"Casa Brasil";"Santuário - UTC";"importacao_excel";"a_pagar";"162,90"
"864259";"2025-10-27";"";"J Alves Locação de Andaimes e Equipamentos Ltda";"CASA DO PEQUENO";"importacao_excel";"a_pagar";"51,43"
"864258";"2025-10-27";"";"J Alves Locação de Andaimes e Equipamentos Ltda";"CASA DO PEQUENO";"importacao_excel";"a_pagar";"94,58"
"864257";"2025-10-27";"";"J Alves Locação de Andaimes e Equipamentos Ltda";"Santuário - Praça Asa Sul";"importacao_excel";"a_pagar";"19,00"
"864256";"2025-10-27";"";"J Alves Locação de Andaimes e Equipamentos Ltda";"CASA DO PEQUENO";"importacao_excel";"a_pagar";"48,57"
"864255";"2025-10-27";"";"J Alves Locação de Andaimes e Equipamentos Ltda";"CASA DO PEQUENO";"importacao_excel";"a_pagar";"94,57"
"864253";"2025-10-27";"";"J Alves Locação de Andaimes e Equipamentos Ltda";"CASA DO PEQUENO";"importacao_excel";"a_pagar";"48,57"
"864252";"2025-10-27";"";"J Alves Locação de Andaimes e Equipamentos Ltda";"CASA DO PEQUENO";"importacao_excel";"a_pagar";"51,42"
"864251";"2025-10-27";"";"J Alves Locação de Andaimes e Equipamentos Ltda";"CASA DO PEQUENO";"importacao_excel";"a_pagar";"51,43"
"864250";"2025-10-27";"";"J Alves Locação de Andaimes e Equipamentos Ltda";"CASA DO PEQUENO";"importacao_excel";"a_pagar";"48,58"
"864249";"2025-10-27";"";"J Alves Locação de Andaimes e Equipamentos Ltda";"CASA DO PEQUENO";"importacao_excel";"a_pagar";"1994,64"
"864248";"2025-10-27";"";"J Alves Locação de Andaimes e Equipamentos Ltda";"CASA DO PEQUENO";"importacao_excel";"a_pagar";"48,57"
"864247";"2025-10-27";"";"J Alves Locação de Andaimes e Equipamentos Ltda";"Santuário - Praça Asa Sul";"importacao_excel";"a_pagar";"19,00"
"864246";"2025-10-27";"";"J Alves Locação de Andaimes e Equipamentos Ltda";"CASA DO PEQUENO";"importacao_excel";"a_pagar";"48,57"
"864245";"2025-10-27";"";"J Alves Locação de Andaimes e Equipamentos Ltda";"CASA DO PEQUENO";"importacao_excel";"a_pagar";"94,57"
"864244";"2025-10-27";"";"J Alves Locação de Andaimes e Equipamentos Ltda";"CASA DO PEQUENO";"importacao_excel";"a_pagar";"1994,64"
"864243";"2025-10-27";"";"J Alves Locação de Andaimes e Equipamentos Ltda";"Santuário - Praça Asa Sul";"importacao_excel";"a_pagar";"19,00"
"864242";"2025-10-27";"";"J Alves Locação de Andaimes e Equipamentos Ltda";"Santuário - Praça Asa Sul";"importacao_excel";"a_pagar";"19,00"
"864241";"2025-10-27";"";"J Alves Locação de Andaimes e Equipamentos Ltda";"CASA DO PEQUENO";"importacao_excel";"a_pagar";"51,43"
"864240";"2025-10-27";"";"J Alves Locação de Andaimes e Equipamentos Ltda";"Santuário - Praça Asa Sul";"importacao_excel";"a_pagar";"19,00"
"864239";"2025-10-27";"";"J Alves Locação de Andaimes e Equipamentos Ltda";"CASA DO PEQUENO";"importacao_excel";"a_pagar";"94,57"
"864238";"2025-10-27";"";"J Alves Locação de Andaimes e Equipamentos Ltda";"CASA DO PEQUENO";"importacao_excel";"a_pagar";"51,43"
"864237";"2025-10-27";"";"J Alves Locação de Andaimes e Equipamentos Ltda";"CASA DO PEQUENO";"importacao_excel";"a_pagar";"1994,64"
"864235";"2025-10-27";"";"J Alves Locação de Andaimes e Equipamentos Ltda";"Santuário - Praça Asa Sul";"importacao_excel";"a_pagar";"19,00"
"864234";"2025-10-27";"";"J Alves Locação de Andaimes e Equipamentos Ltda";"CASA DO PEQUENO";"importacao_excel";"a_pagar";"94,57"
"864233";"2025-10-27";"";"J Alves Locação de Andaimes e Equipamentos Ltda";"CASA DO PEQUENO";"importacao_excel";"a_pagar";"1994,64"
"864231";"2025-10-27";"";"J Alves Locação de Andaimes e Equipamentos Ltda";"CASA DO PEQUENO";"importacao_excel";"a_pagar";"48,57"
"864229";"2025-10-27";"";"J Alves Locação de Andaimes e Equipamentos Ltda";"CASA DO PEQUENO";"importacao_excel";"a_pagar";"48,57"
"864228";"2025-10-27";"";"J Alves Locação de Andaimes e Equipamentos Ltda";"CASA DO PEQUENO";"importacao_excel";"a_pagar";"51,43"
"864227";"2025-10-27";"";"J Alves Locação de Andaimes e Equipamentos Ltda";"CASA DO PEQUENO";"importacao_excel";"a_pagar";"1994,64"
"864226";"2025-10-27";"";"J Alves Locação de Andaimes e Equipamentos Ltda";"CASA DO PEQUENO";"importacao_excel";"a_pagar";"94,57"
"864225";"2025-10-27";"";"J Alves Locação de Andaimes e Equipamentos Ltda";"CASA DO PEQUENO";"importacao_excel";"a_pagar";"1994,66"
"864224";"2025-10-27";"";"J Alves Locação de Andaimes e Equipamentos Ltda";"CASA DO PEQUENO";"importacao_excel";"a_pagar";"51,43"
"864223";"2025-10-27";"";"J Alves Locação de Andaimes e Equipamentos Ltda";"CASA DO PEQUENO";"importacao_excel";"a_pagar";"1994,64"
"864222";"2025-10-27";"";"J Alves Locação de Andaimes e Equipamentos Ltda";"CASA DO PEQUENO";"importacao_excel";"a_pagar";"94,57"
"864220";"2025-10-27";"";"J Alves Locação de Andaimes e Equipamentos Ltda";"Santuário - Praça Asa Sul";"importacao_excel";"a_pagar";"19,00"
"571878";"2025-10-27";"OS #8264 — Serviço executado: IVO (2 unidades), coxim câmbio";"OS #8264 — Serviço executado: IVO (2 unidades), coxim câmbio";"";"frota_manutencao";"a_pagar";"1087,00"
"864254";"2025-10-27";"";"Casa Brasil";"Santuário - UTC";"importacao_excel";"a_pagar";"348,75"
"864236";"2025-10-27";"";"Casa Brasil";"Santuário - UTC";"importacao_excel";"a_pagar";"348,75"
"864232";"2025-10-27";"";"Casa Brasil";"Santuário - UTC";"importacao_excel";"a_pagar";"162,90"
"864230";"2025-10-27";"";"Casa Brasil";"";"importacao_excel";"a_pagar";"101,25"
"864221";"2025-10-27";"";"Casa Brasil";"";"importacao_excel";"a_pagar";"101,25"
"864289";"2025-10-28";"";"J Alves Locação de Andaimes e Equipamentos Ltda";"Hotel Qiu 2 - Fase 3";"importacao_excel";"a_pagar";"243,64"
"864267";"2025-10-28";"";"J Alves Locação de Andaimes e Equipamentos Ltda";"PALES ";"importacao_excel";"a_pagar";"452,64"
"864268";"2025-10-28";"";"J Alves Locação de Andaimes e Equipamentos Ltda";"PALES ";"importacao_excel";"a_pagar";"68,57"
"864269";"2025-10-28";"";"J Alves Locação de Andaimes e Equipamentos Ltda";"Hotel Qiu 2 - Fase 3";"importacao_excel";"a_pagar";"883,00"
"864270";"2025-10-28";"";"J Alves Locação de Andaimes e Equipamentos Ltda";"Santuário - UTC";"importacao_excel";"a_pagar";"1540,57"
"864271";"2025-10-28";"";"J Alves Locação de Andaimes e Equipamentos Ltda";"Hotel Qiu 2 - Fase 3";"importacao_excel";"a_pagar";"883,00"
"864272";"2025-10-28";"";"J Alves Locação de Andaimes e Equipamentos Ltda";"";"importacao_excel";"a_pagar";"27,14"
"864303";"2025-10-28";"";"J Alves Locação de Andaimes e Equipamentos Ltda";"Hotel Qiu 2 - Fase 3";"importacao_excel";"a_pagar";"243,64"
"864304";"2025-10-28";"";"J Alves Locação de Andaimes e Equipamentos Ltda";"Hotel Qiu 2 - Fase 3";"importacao_excel";"a_pagar";"883,00"
"864273";"2025-10-28";"";"J Alves Locação de Andaimes e Equipamentos Ltda";"PALES ";"importacao_excel";"a_pagar";"68,57"
"864274";"2025-10-28";"";"J Alves Locação de Andaimes e Equipamentos Ltda";"IGREJA SANTA RITA";"importacao_excel";"a_pagar";"227,14"
"864275";"2025-10-28";"";"J Alves Locação de Andaimes e Equipamentos Ltda";"PALES ";"importacao_excel";"a_pagar";"452,64"
"864308";"2025-10-28";"";"J Alves Locação de Andaimes e Equipamentos Ltda";"PALES ";"importacao_excel";"a_pagar";"452,64"
"864309";"2025-10-28";"";"J Alves Locação de Andaimes e Equipamentos Ltda";"IGREJA SANTA RITA";"importacao_excel";"a_pagar";"227,14"
"864314";"2025-10-28";"";"J Alves Locação de Andaimes e Equipamentos Ltda";"PALES ";"importacao_excel";"a_pagar";"68,58"
"864315";"2025-10-28";"";"J Alves Locação de Andaimes e Equipamentos Ltda";"LUCIANA - FINAL BLOCO B";"importacao_excel";"a_pagar";"683,36"
"864307";"2025-10-28";"";"J Alves Locação de Andaimes e Equipamentos Ltda";"Hotel Qiu 2 - Fase 3";"importacao_excel";"a_pagar";"243,64"
"864266";"2025-10-28";"";"J Alves Locação de Andaimes e Equipamentos Ltda";"Santuário - UTC";"importacao_excel";"a_pagar";"1540,57"
"864306";"2025-10-28";"";"J Alves Locação de Andaimes e Equipamentos Ltda";"Hotel Qiu 2 - Fase 3";"importacao_excel";"a_pagar";"883,00"
"864305";"2025-10-28";"";"J Alves Locação de Andaimes e Equipamentos Ltda";"LUCIANA - FINAL BLOCO B";"importacao_excel";"a_pagar";"683,36"
"864260";"2025-10-28";"";"J Alves Locação de Andaimes e Equipamentos Ltda";"LUCIANA - FINAL BLOCO B";"importacao_excel";"a_pagar";"683,36"
"864261";"2025-10-28";"";"J Alves Locação de Andaimes e Equipamentos Ltda";"Hotel Qiu 2 - Fase 3";"importacao_excel";"a_pagar";"243,64"
"864262";"2025-10-28";"";"J Alves Locação de Andaimes e Equipamentos Ltda";"Hotel Qiu 2 - Fase 3";"importacao_excel";"a_pagar";"243,64"
"864263";"2025-10-28";"";"J Alves Locação de Andaimes e Equipamentos Ltda";"PALES ";"importacao_excel";"a_pagar";"452,64"
"864264";"2025-10-28";"";"J Alves Locação de Andaimes e Equipamentos Ltda";"LUCIANA - FINAL BLOCO B";"importacao_excel";"a_pagar";"683,36"
"864265";"2025-10-28";"";"J Alves Locação de Andaimes e Equipamentos Ltda";"IGREJA SANTA RITA";"importacao_excel";"a_pagar";"227,14"
"864276";"2025-10-28";"";"J Alves Locação de Andaimes e Equipamentos Ltda";"";"importacao_excel";"a_pagar";"27,16"
"864277";"2025-10-28";"";"J Alves Locação de Andaimes e Equipamentos Ltda";"IGREJA SANTA RITA";"importacao_excel";"a_pagar";"227,14"
"864278";"2025-10-28";"";"J Alves Locação de Andaimes e Equipamentos Ltda";"";"importacao_excel";"a_pagar";"27,14"
"864290";"2025-10-28";"";"J Alves Locação de Andaimes e Equipamentos Ltda";"PALES ";"importacao_excel";"a_pagar";"452,64"
"864279";"2025-10-28";"";"J Alves Locação de Andaimes e Equipamentos Ltda";"LUCIANA - FINAL BLOCO B";"importacao_excel";"a_pagar";"683,34"
"864280";"2025-10-28";"";"J Alves Locação de Andaimes e Equipamentos Ltda";"Hotel Qiu 2 - Fase 3";"importacao_excel";"a_pagar";"243,64"
"864281";"2025-10-28";"";"J Alves Locação de Andaimes e Equipamentos Ltda";"Hotel Qiu 2 - Fase 3";"importacao_excel";"a_pagar";"883,00"
"864282";"2025-10-28";"";"J Alves Locação de Andaimes e Equipamentos Ltda";"Santuário - UTC";"importacao_excel";"a_pagar";"1540,57"
"864283";"2025-10-28";"";"J Alves Locação de Andaimes e Equipamentos Ltda";"PALES ";"importacao_excel";"a_pagar";"68,57"
"864284";"2025-10-28";"";"J Alves Locação de Andaimes e Equipamentos Ltda";"Hotel Qiu 2 - Fase 3";"importacao_excel";"a_pagar";"243,66"
"864285";"2025-10-28";"";"J Alves Locação de Andaimes e Equipamentos Ltda";"IGREJA SANTA RITA";"importacao_excel";"a_pagar";"227,14"
"864286";"2025-10-28";"";"J Alves Locação de Andaimes e Equipamentos Ltda";"Santuário - UTC";"importacao_excel";"a_pagar";"1540,57"
"864287";"2025-10-28";"";"J Alves Locação de Andaimes e Equipamentos Ltda";"PALES ";"importacao_excel";"a_pagar";"68,57"
"864288";"2025-10-28";"";"J Alves Locação de Andaimes e Equipamentos Ltda";"LUCIANA - FINAL BLOCO B";"importacao_excel";"a_pagar";"683,36"
"864292";"2025-10-28";"";"J Alves Locação de Andaimes e Equipamentos Ltda";"PALES ";"importacao_excel";"a_pagar";"68,57"
"864291";"2025-10-28";"";"J Alves Locação de Andaimes e Equipamentos Ltda";"Santuário - UTC";"importacao_excel";"a_pagar";"1540,57"
"864302";"2025-10-28";"";"J Alves Locação de Andaimes e Equipamentos Ltda";"Santuário - UTC";"importacao_excel";"a_pagar";"1540,57"
"864301";"2025-10-28";"";"J Alves Locação de Andaimes e Equipamentos Ltda";"";"importacao_excel";"a_pagar";"27,14"
"864300";"2025-10-28";"";"J Alves Locação de Andaimes e Equipamentos Ltda";"IGREJA SANTA RITA";"importacao_excel";"a_pagar";"227,14"
"864299";"2025-10-28";"";"J Alves Locação de Andaimes e Equipamentos Ltda";"PALES ";"importacao_excel";"a_pagar";"452,66"
"864298";"2025-10-28";"";"J Alves Locação de Andaimes e Equipamentos Ltda";"PALES ";"importacao_excel";"a_pagar";"68,57"
"864297";"2025-10-28";"";"J Alves Locação de Andaimes e Equipamentos Ltda";"Santuário - UTC";"importacao_excel";"a_pagar";"1540,58"
"864296";"2025-10-28";"";"J Alves Locação de Andaimes e Equipamentos Ltda";"PALES ";"importacao_excel";"a_pagar";"452,64"
"864295";"2025-10-28";"";"J Alves Locação de Andaimes e Equipamentos Ltda";"";"importacao_excel";"a_pagar";"27,14"
"864294";"2025-10-28";"";"J Alves Locação de Andaimes e Equipamentos Ltda";"";"importacao_excel";"a_pagar";"27,14"
"864310";"2025-10-28";"";"J Alves Locação de Andaimes e Equipamentos Ltda";"";"importacao_excel";"a_pagar";"27,14"
"864311";"2025-10-28";"";"J Alves Locação de Andaimes e Equipamentos Ltda";"LUCIANA - FINAL BLOCO B";"importacao_excel";"a_pagar";"683,36"
"864312";"2025-10-28";"";"J Alves Locação de Andaimes e Equipamentos Ltda";"IGREJA SANTA RITA";"importacao_excel";"a_pagar";"227,16"
"864313";"2025-10-28";"";"J Alves Locação de Andaimes e Equipamentos Ltda";"Hotel Qiu 2 - Fase 3";"importacao_excel";"a_pagar";"883,00"
"864293";"2025-10-28";"";"J Alves Locação de Andaimes e Equipamentos Ltda";"Hotel Qiu 2 - Fase 3";"importacao_excel";"a_pagar";"883,00"
"864317";"2025-10-29";"";"Pier Brasil Comércio de Máquinas, Ferramentas e acessórios";"CASA DO PEQUENO";"importacao_excel";"a_pagar";"13,95"
"864319";"2025-10-29";"";"Pier Brasil Comércio de Máquinas, Ferramentas e acessórios";"CASA DO PEQUENO";"importacao_excel";"a_pagar";"59,25"
"864320";"2025-10-29";"";"Pier Brasil Comércio de Máquinas, Ferramentas e acessórios";"CASA DO PEQUENO";"importacao_excel";"a_pagar";"41,60"
"864325";"2025-10-29";"";"Pier Brasil Comércio de Máquinas, Ferramentas e acessórios";"CASA DO PEQUENO";"importacao_excel";"a_pagar";"41,60"
"864326";"2025-10-29";"Manutenção Veículos Honda FIT e GOl CSD 4674";"Jefcar Autopeças";"";"importacao_excel";"a_pagar";"1323,33"
"864318";"2025-10-29";"Manutenção Veículos Honda FIT e GOl CSD 4674";"Jefcar Autopeças";"";"importacao_excel";"a_pagar";"1323,33"
"864324";"2025-10-29";"";"Pier Brasil Comércio de Máquinas, Ferramentas e acessórios";"CASA DO PEQUENO";"importacao_excel";"a_pagar";"13,95"
"864316";"2025-10-29";"";"Pier Brasil Comércio de Máquinas, Ferramentas e acessórios";"CASA DO PEQUENO";"importacao_excel";"a_pagar";"59,25"
"864323";"2025-10-29";"";"Pier Brasil Comércio de Máquinas, Ferramentas e acessórios";"CASA DO PEQUENO";"importacao_excel";"a_pagar";"13,95"
"864322";"2025-10-29";"";"Pier Brasil Comércio de Máquinas, Ferramentas e acessórios";"CASA DO PEQUENO";"importacao_excel";"a_pagar";"41,60"
"864321";"2025-10-29";"";"Pier Brasil Comércio de Máquinas, Ferramentas e acessórios";"CASA DO PEQUENO";"importacao_excel";"a_pagar";"59,25"
"864327";"2025-10-30";"Contrato: Contrato Forro - 117 - Medição: 3";"Retenção Técnica - RF Gesso";"CASA DO PEQUENO";"importacao_excel";"a_pagar";"1628,68"
"864347";"2025-10-31";"";"Eletroguara Materiais Eletricos LTDA";"Hotel Qiu 2 - Fase 3";"importacao_excel";"a_pagar";"39,90"
"571774";"2025-10-31";"Cinta de pressão, cunha de alta pressão, redução saída";"Cinta de pressão, cunha de alta pressão, redução saída";"";"frota_manutencao";"a_pagar";"2275,00"
"864328";"2025-10-31";"";"Eletroguara Materiais Eletricos LTDA";"Luciana - Residencial Multifamiliar 2ª Etapa";"importacao_excel";"a_pagar";"794,11"
"864329";"2025-10-31";"";"Eletroguara Materiais Eletricos LTDA";"LUCIANA - FINAL BLOCO B";"importacao_excel";"a_pagar";"135,20"
"864330";"2025-10-31";"";"Eletroguara Materiais Eletricos LTDA";"Hotel Qiu 2 - Fase 3";"importacao_excel";"a_pagar";"39,90"
"864334";"2025-10-31";"";"Eletroguara Materiais Eletricos LTDA";"LUCIANA - FINAL BLOCO B";"importacao_excel";"a_pagar";"135,20"
"864343";"2025-10-31";"";"Francisnei (Giló)";"";"importacao_excel";"a_pagar";"166,67"
"864346";"2025-10-31";"";"Francisnei (Giló)";"";"importacao_excel";"a_pagar";"166,67"
"864338";"2025-10-31";"";"Eletroguara Materiais Eletricos LTDA";"Luciana - Residencial Multifamiliar 2ª Etapa";"importacao_excel";"a_pagar";"18,48"
"864339";"2025-10-31";"";"Eletroguara Materiais Eletricos LTDA";"LUCIANA - FINAL BLOCO B";"importacao_excel";"a_pagar";"135,20"
"864340";"2025-10-31";"";"Eletroguara Materiais Eletricos LTDA";"Chlorum Solutions - Uberlândia";"importacao_excel";"a_pagar";"1267,85"
"864332";"2025-10-31";"Contrato: Instalações hidráulicas, elétricas e PCI - 96 - Medição: 6";"Retenção Técnica - Promatel";"Hotel Qiu 2 - Fase 3";"importacao_excel";"a_pagar";"2685,60"
"864331";"2025-10-31";"Contrato: Instalações hidráulicas, elétricas e PCI - 96 - Medição: 6";"Retenção Técnica - Promatel";"Hotel Qiu 2 - Fase 3";"importacao_excel";"a_pagar";"6713,99"
"864351";"2025-10-31";"";"Eletroguara Materiais Eletricos LTDA";"Hotel Qiu 2 - Fase 3";"importacao_excel";"a_pagar";"39,90"
"864350";"2025-10-31";"";"Eletroguara Materiais Eletricos LTDA";"Luciana - Residencial Multifamiliar 2ª Etapa";"importacao_excel";"a_pagar";"794,11"
"864349";"2025-10-31";"";"Eletroguara Materiais Eletricos LTDA";"Hotel Qiu 2 - Fase 3";"importacao_excel";"a_pagar";"39,90"
"864348";"2025-10-31";"";"Eletroguara Materiais Eletricos LTDA";"Luciana - Residencial Multifamiliar 2ª Etapa";"importacao_excel";"a_pagar";"18,48"
"864345";"2025-10-31";"";"Eletroguara Materiais Eletricos LTDA";"Chlorum Solutions - Uberlândia";"importacao_excel";"a_pagar";"1267,85"
"864344";"2025-10-31";"";"Eletroguara Materiais Eletricos LTDA";"Luciana - Residencial Multifamiliar 2ª Etapa";"importacao_excel";"a_pagar";"18,48"
"864342";"2025-10-31";"";"Eletroguara Materiais Eletricos LTDA";"LUCIANA - FINAL BLOCO B";"importacao_excel";"a_pagar";"135,20"
"864341";"2025-10-31";"";"Eletroguara Materiais Eletricos LTDA";"Chlorum Solutions - Uberlândia";"importacao_excel";"a_pagar";"1267,85"
"864337";"2025-10-31";"";"Eletroguara Materiais Eletricos LTDA";"Luciana - Residencial Multifamiliar 2ª Etapa";"importacao_excel";"a_pagar";"794,11"
"864336";"2025-10-31";"";"Eletroguara Materiais Eletricos LTDA";"Luciana - Residencial Multifamiliar 2ª Etapa";"importacao_excel";"a_pagar";"18,48"
"864335";"2025-10-31";"";"Eletroguara Materiais Eletricos LTDA";"Chlorum Solutions - Uberlândia";"importacao_excel";"a_pagar";"1267,85"
"864333";"2025-10-31";"";"Eletroguara Materiais Eletricos LTDA";"Luciana - Residencial Multifamiliar 2ª Etapa";"importacao_excel";"a_pagar";"794,11"
"864354";"2025-11-01";"Contrato: Carpintaria - 130 - Medição: 6";"Sergovale Construções Ltda";"Santuário - UTC";"importacao_excel";"a_pagar";"350,00"
"864353";"2025-11-01";"Contrato: C4 - Instalação de Equipamentos - 223 - Medição: 4";"Retenção Técnica - Rei do Ar Condicionado";"Chlorum - Palm. PCT.1";"importacao_excel";"a_pagar";"502,18"
"864352";"2025-11-01";"Contrato: Pintura Interna - 124 - Medição: 4";"Retenção Técnica - Midas Tintas";"Hotel Qiu 2 - Fase 3";"importacao_excel";"a_pagar";"838,94"
"864359";"2025-11-03";"";"Casa Brasil";"Hotel Qiu 2 - Fase 3";"importacao_excel";"a_pagar";"839,05"
"864360";"2025-11-03";"";"Casa Brasil";"CASA DO PEQUENO";"importacao_excel";"a_pagar";"54,75"
"864361";"2025-11-03";"";"Eletroguara Materiais Eletricos LTDA";"CASA DO PEQUENO";"importacao_excel";"a_pagar";"332,36"
"864362";"2025-11-03";"";"Casa Brasil";"CASA DO PEQUENO";"importacao_excel";"a_pagar";"25,19"
"864363";"2025-11-03";"";"Casa Brasil";"CASA DO PEQUENO";"importacao_excel";"a_pagar";"13,33"
"864364";"2025-11-03";"";"Casa Brasil";"PALES ";"importacao_excel";"a_pagar";"108,00"
"864365";"2025-11-03";"";"Ferragens Santa Rita";"CASA DO PEQUENO";"importacao_excel";"a_pagar";"566,67"
"864366";"2025-11-03";"";"Ferragens Santa Rita";"PALES ";"importacao_excel";"a_pagar";"113,33"
"864367";"2025-11-03";"";"Casa Brasil";"Hotel Qiu 2 - Fase 3";"importacao_excel";"a_pagar";"60,00"
"864368";"2025-11-03";"";"Ferragens Santa Rita";"Hotel Qiu 2 - Fase 3";"importacao_excel";"a_pagar";"1360,00"
"864369";"2025-11-03";"";"Ferragens Santa Rita";"Hotel Qiu 2 - Fase 3";"importacao_excel";"a_pagar";"1360,00"
"864370";"2025-11-03";"";"Ferragens Santa Rita";"Hotel Qiu 2 - Fase 3";"importacao_excel";"a_pagar";"1360,00"
"864371";"2025-11-03";"";"Ferragens Santa Rita";"Santuário - UTC";"importacao_excel";"a_pagar";"566,67"
"864372";"2025-11-03";"";"Ferragens Santa Rita";"Santuário - UTC";"importacao_excel";"a_pagar";"566,67"
"864373";"2025-11-03";"";"Eletroguara Materiais Eletricos LTDA";"LUCIANA - FINAL BLOCO B";"importacao_excel";"a_pagar";"178,13"
"864355";"2025-11-03";"";"Ferragens Santa Rita";"Santuário - UTC";"importacao_excel";"a_pagar";"566,67"
"864375";"2025-11-03";"";"Eletroguara Materiais Eletricos LTDA";"CASA DO PEQUENO";"importacao_excel";"a_pagar";"332,36"
"864376";"2025-11-03";"";"Casa Brasil";"CASA DO PEQUENO";"importacao_excel";"a_pagar";"130,50"
"864377";"2025-11-03";"";"Casa Brasil";"CASA DO PEQUENO";"importacao_excel";"a_pagar";"13,33"
"864378";"2025-11-03";"";"Ferragens Santa Rita";"Santuário - UTC";"importacao_excel";"a_pagar";"1133,33"
"864374";"2025-11-03";"";"Casa Brasil";"CASA DO PEQUENO";"importacao_excel";"a_pagar";"130,50"
"864356";"2025-11-03";"";"Casa Brasil";"PALES ";"importacao_excel";"a_pagar";"108,00"
"864358";"2025-11-03";"";"Eletroguara Materiais Eletricos LTDA";"LUCIANA - FINAL BLOCO B";"importacao_excel";"a_pagar";"178,13"
"864391";"2025-11-03";"";"Eletroguara Materiais Eletricos LTDA";"LUCIANA - FINAL BLOCO B";"importacao_excel";"a_pagar";"178,13"
"864392";"2025-11-03";"";"Eletroguara Materiais Eletricos LTDA";"CASA DO PEQUENO";"importacao_excel";"a_pagar";"332,36"
"864393";"2025-11-03";"";"Ferragens Santa Rita";"Hotel Qiu 2 - Fase 3";"importacao_excel";"a_pagar";"1360,00"
"864394";"2025-11-03";"";"Ferragens Santa Rita";"Santuário - UTC";"importacao_excel";"a_pagar";"566,67"
"864395";"2025-11-03";"";"Ferragens Santa Rita";"Santuário - UTC";"importacao_excel";"a_pagar";"566,67"
"864396";"2025-11-03";"";"Casa Brasil";"PALES ";"importacao_excel";"a_pagar";"57,60"
"864397";"2025-11-03";"";"Ferragens Santa Rita";"Santuário - UTC";"importacao_excel";"a_pagar";"566,67"
"864398";"2025-11-03";"";"Casa Brasil";"POS OBRA";"importacao_excel";"a_pagar";"12,00"
"864399";"2025-11-03";"";"Ferragens Santa Rita";"Santuário - UTC";"importacao_excel";"a_pagar";"1133,33"
"864400";"2025-11-03";"";"Casa Brasil";"Hotel Qiu 2 - Fase 3";"importacao_excel";"a_pagar";"60,00"
"864401";"2025-11-03";"";"Eletroguara Materiais Eletricos LTDA";"";"importacao_excel";"a_pagar";"396,81"
"864402";"2025-11-03";"";"Casa Brasil";"CASA DO PEQUENO";"importacao_excel";"a_pagar";"25,19"
"864403";"2025-11-03";"";"Casa Brasil";"CASA DO PEQUENO";"importacao_excel";"a_pagar";"54,75"
"864404";"2025-11-03";"";"Casa Brasil";"Hotel Qiu 2 - Fase 3";"importacao_excel";"a_pagar";"839,05"
"864405";"2025-11-03";"";"Ferragens Santa Rita";"PALES ";"importacao_excel";"a_pagar";"113,33"
"864406";"2025-11-03";"";"Casa Brasil";"CASA DO PEQUENO";"importacao_excel";"a_pagar";"11,05"
"864387";"2025-11-03";"";"Francisnei (Giló)";"CASA DO PEQUENO";"importacao_excel";"a_pagar";"2066,67"
"864357";"2025-11-03";"";"Francisnei (Giló)";"CASA DO PEQUENO";"importacao_excel";"a_pagar";"2066,67"
"864379";"2025-11-03";"";"Casa Brasil";"CASA DO PEQUENO";"importacao_excel";"a_pagar";"11,05"
"864380";"2025-11-03";"";"Ferragens Santa Rita";"CASA DO PEQUENO";"importacao_excel";"a_pagar";"566,67"
"864381";"2025-11-03";"";"Eletroguara Materiais Eletricos LTDA";"";"importacao_excel";"a_pagar";"396,81"
"864382";"2025-11-03";"";"Eletroguara Materiais Eletricos LTDA";"CASA DO PEQUENO";"importacao_excel";"a_pagar";"332,36"
"864383";"2025-11-03";"";"Eletroguara Materiais Eletricos LTDA";"";"importacao_excel";"a_pagar";"396,81"
"864384";"2025-11-03";"";"Casa Brasil";"PALES ";"importacao_excel";"a_pagar";"57,60"
"864385";"2025-11-03";"";"Casa Brasil";"POS OBRA";"importacao_excel";"a_pagar";"12,00"
"864386";"2025-11-03";"";"Eletroguara Materiais Eletricos LTDA";"";"importacao_excel";"a_pagar";"396,81"
"864388";"2025-11-03";"";"Eletroguara Materiais Eletricos LTDA";"LUCIANA - FINAL BLOCO B";"importacao_excel";"a_pagar";"178,13"
"864389";"2025-11-03";"";"Ferragens Santa Rita";"Hotel Qiu 2 - Fase 3";"importacao_excel";"a_pagar";"1360,00"
"864390";"2025-11-03";"";"Ferragens Santa Rita";"Hotel Qiu 2 - Fase 3";"importacao_excel";"a_pagar";"1360,00"
"864411";"2025-11-04";"";"Casa Brasil";"Santuário - UTC";"importacao_excel";"a_pagar";"391,50"
"864410";"2025-11-04";"";"Casa Brasil";"CASA DO PEQUENO";"importacao_excel";"a_pagar";"178,67"
"864412";"2025-11-04";"";"Casa Brasil";"";"importacao_excel";"a_pagar";"506,28"
"864407";"2025-11-04";"";"Casa Brasil";"Santuário - UTC";"importacao_excel";"a_pagar";"391,50"
"864409";"2025-11-04";"";"Casa Brasil";"";"importacao_excel";"a_pagar";"506,28"
"864408";"2025-11-04";"";"Casa Brasil";"Santuário - UTC";"importacao_excel";"a_pagar";"22,20"
"864413";"2025-11-04";"";"Casa Brasil";"CASA DO PEQUENO";"importacao_excel";"a_pagar";"178,67"
"864414";"2025-11-04";"";"Casa Brasil";"Santuário - UTC";"importacao_excel";"a_pagar";"22,20"
"864415";"2025-11-05";"";"Leroy Merlin Taubaté";"CASA DO PEQUENO";"importacao_excel";"a_pagar";"1541,22"
"864418";"2025-11-06";"";"Pier Brasil Comércio de Máquinas, Ferramentas e acessórios";"CASA DO PEQUENO";"importacao_excel";"a_pagar";"1243,04"
"864416";"2025-11-06";"";"Pier Brasil Comércio de Máquinas, Ferramentas e acessórios";"PALES ";"importacao_excel";"a_pagar";"820,80"
"864421";"2025-11-06";"";"Pier Brasil Comércio de Máquinas, Ferramentas e acessórios";"PALES ";"importacao_excel";"a_pagar";"820,80"
"864420";"2025-11-06";"";"Pier Brasil Comércio de Máquinas, Ferramentas e acessórios";"CASA DO PEQUENO";"importacao_excel";"a_pagar";"1243,04"
"864419";"2025-11-06";"";"Pier Brasil Comércio de Máquinas, Ferramentas e acessórios";"PALES ";"importacao_excel";"a_pagar";"820,80"
"864417";"2025-11-06";"";"Pier Brasil Comércio de Máquinas, Ferramentas e acessórios";"CASA DO PEQUENO";"importacao_excel";"a_pagar";"1243,04"
"864422";"2025-11-10";"Contrato: Instalação de Portas - 182 - Medição: 2";"Retenção Técnica - Carlos Roberto S Martins";"Hotel Qiu 2 - Fase 3";"importacao_excel";"a_pagar";"207,00"
"864424";"2025-11-10";"Contrato: Diária de topografia - 209 - Medição: 1";"Retenção Técnica - A MAIS ENGENHARIA E TOPOGRAFIA LTDA";"Chlorum Solutions - Uberlândia";"importacao_excel";"a_pagar";"67,50"
"864423";"2025-11-10";"Contrato: Forro e Gesso liso - 123 - Medição: 4";"Retenção Técnica - RF Gesso";"Hotel Qiu 2 - Fase 3";"importacao_excel";"a_pagar";"3391,76"
"864432";"2025-11-11";"";"Tintas Avenida Guara";"CASA DO PEQUENO";"importacao_excel";"a_pagar";"64,97"
"864433";"2025-11-11";"";"Tintas Avenida Guara";"";"importacao_excel";"a_pagar";"190,50"
"864434";"2025-11-11";"";"Tintas Avenida Guara";"Hotel Qiu 2 - Fase 3";"importacao_excel";"a_pagar";"453,38"
"864427";"2025-11-11";"";"Orguel";"Chlorum  - Revamp";"importacao_excel";"a_pagar";"14291,04"
"864437";"2025-11-11";"";"Orguel";"Chlorum  - Revamp";"importacao_excel";"a_pagar";"14291,04"
"864438";"2025-11-11";"";"Orguel";"Chlorum  - Revamp";"importacao_excel";"a_pagar";"14291,04"
"864460";"2025-11-11";"";"Orguel";"Chlorum  - Revamp";"importacao_excel";"a_pagar";"14291,04"
"864461";"2025-11-11";"";"Orguel";"Chlorum  - Revamp";"importacao_excel";"a_pagar";"14291,04"
"864462";"2025-11-11";"";"Orguel";"Chlorum  - Revamp";"importacao_excel";"a_pagar";"14291,04"
"864463";"2025-11-11";"";"Orguel";"Chlorum  - Revamp";"importacao_excel";"a_pagar";"14291,04"
"864464";"2025-11-11";"";"Orguel";"Chlorum  - Revamp";"importacao_excel";"a_pagar";"14291,04"
"864465";"2025-11-11";"";"Ferragens Santa Rita";"PALES ";"importacao_excel";"a_pagar";"113,33"
"864466";"2025-11-11";"";"Ferragens Santa Rita";"PALES ";"importacao_excel";"a_pagar";"113,33"
"864436";"2025-11-11";"Contrato: Instalação de portas - 118 - Medição: 3";"Retenção Técnica - Carlos Portas";"CASA DO PEQUENO";"importacao_excel";"a_pagar";"225,00"
"864435";"2025-11-11";"Contrato: Contrato Forro - 117 - Medição: 4";"Retenção Técnica - RF Gesso";"CASA DO PEQUENO";"importacao_excel";"a_pagar";"237,50"
"864459";"2025-11-11";"";"Tintas Avenida Guara";"";"importacao_excel";"a_pagar";"190,50"
"864458";"2025-11-11";"";"Tintas Avenida Guara";"Hotel Qiu 2 - Fase 3";"importacao_excel";"a_pagar";"453,38"
"864457";"2025-11-11";"";"Tintas Avenida Guara";"CASA DO PEQUENO";"importacao_excel";"a_pagar";"133,93"
"864456";"2025-11-11";"";"Tintas Avenida Guara";"CASA DO PEQUENO";"importacao_excel";"a_pagar";"36,50"
"864455";"2025-11-11";"";"Tintas Avenida Guara";"CASA DO PEQUENO";"importacao_excel";"a_pagar";"64,97"
"864454";"2025-11-11";"";"Tintas Avenida Guara";"Hotel Qiu 2 - Fase 3";"importacao_excel";"a_pagar";"303,88"
"864453";"2025-11-11";"";"Tintas Avenida Guara";"Hotel Qiu 2 - Fase 3";"importacao_excel";"a_pagar";"568,00"
"864452";"2025-11-11";"";"Tintas Avenida Guara";"Luciana - Residencial Multifamiliar - Etapa Final";"importacao_excel";"a_pagar";"299,50"
"864451";"2025-11-11";"";"Tintas Avenida Guara";"PALES ";"importacao_excel";"a_pagar";"102,64"
"864450";"2025-11-11";"";"Tintas Avenida Guara";"Luciana - Residencial Multifamiliar - Etapa Final";"importacao_excel";"a_pagar";"299,50"
"864449";"2025-11-11";"";"Tintas Avenida Guara";"Hotel Qiu 2 - Fase 3";"importacao_excel";"a_pagar";"568,00"
"864448";"2025-11-11";"";"Tintas Avenida Guara";"Hotel Qiu 2 - Fase 3";"importacao_excel";"a_pagar";"303,88"
"864447";"2025-11-11";"";"Tintas Avenida Guara";"CASA DO PEQUENO";"importacao_excel";"a_pagar";"36,50"
"864446";"2025-11-11";"";"Tintas Avenida Guara";"CASA DO PEQUENO";"importacao_excel";"a_pagar";"133,93"
"864445";"2025-11-11";"";"Tintas Avenida Guara";"Hotel Qiu 2 - Fase 3";"importacao_excel";"a_pagar";"453,38"
"864444";"2025-11-11";"";"Tintas Avenida Guara";"";"importacao_excel";"a_pagar";"190,50"
"864443";"2025-11-11";"";"Tintas Avenida Guara";"PALES ";"importacao_excel";"a_pagar";"102,64"
"864442";"2025-11-11";"";"Borges Maquinas Ferramentas e Epi's Ltda";"CHLORUM PE - PLANTA NOVA";"importacao_excel";"a_pagar";"958,97"
"864441";"2025-11-11";"";"Borges Maquinas Ferramentas e Epi's Ltda";"Chlorum - Compressão de cloro";"importacao_excel";"a_pagar";"663,35"
"864440";"2025-11-11";"";"Borges Maquinas Ferramentas e Epi's Ltda";"Chlorum - Compressão de cloro";"importacao_excel";"a_pagar";"544,50"
"864439";"2025-11-11";"";"Tintas Avenida Guara";"CASA DO PEQUENO";"importacao_excel";"a_pagar";"64,97"
"864425";"2025-11-11";"";"Tintas Avenida Guara";"CASA DO PEQUENO";"importacao_excel";"a_pagar";"36,50"
"864426";"2025-11-11";"";"Tintas Avenida Guara";"CASA DO PEQUENO";"importacao_excel";"a_pagar";"133,93"
"864428";"2025-11-11";"";"Tintas Avenida Guara";"PALES ";"importacao_excel";"a_pagar";"102,64"
"864429";"2025-11-11";"";"Tintas Avenida Guara";"Luciana - Residencial Multifamiliar - Etapa Final";"importacao_excel";"a_pagar";"299,50"
"864430";"2025-11-11";"";"Tintas Avenida Guara";"Hotel Qiu 2 - Fase 3";"importacao_excel";"a_pagar";"568,00"
"864431";"2025-11-11";"";"Tintas Avenida Guara";"Hotel Qiu 2 - Fase 3";"importacao_excel";"a_pagar";"303,88"
"864468";"2025-11-12";"";"J Alves Locação de Andaimes e Equipamentos Ltda";"LUCIANA - FINAL BLOCO B";"importacao_excel";"a_pagar";"10,00"
"864470";"2025-11-12";"";"J Alves Locação de Andaimes e Equipamentos Ltda";"LUCIANA - FINAL BLOCO B";"importacao_excel";"a_pagar";"10,00"
"864471";"2025-11-12";"";"J Alves Locação de Andaimes e Equipamentos Ltda";"LUCIANA - FINAL BLOCO B";"importacao_excel";"a_pagar";"10,00"
"864472";"2025-11-12";"";"J Alves Locação de Andaimes e Equipamentos Ltda";"LUCIANA - FINAL BLOCO B";"importacao_excel";"a_pagar";"10,00"
"864469";"2025-11-12";"";"Ferragens Santa Rita";"Santuário - UTC";"importacao_excel";"a_pagar";"566,67"
"864473";"2025-11-12";"";"Ferragens Santa Rita";"Santuário - UTC";"importacao_excel";"a_pagar";"566,67"
"864467";"2025-11-12";"";"J Alves Locação de Andaimes e Equipamentos Ltda";"LUCIANA - FINAL BLOCO B";"importacao_excel";"a_pagar";"10,00"
"864480";"2025-11-13";"";"MC Bauchemie Brasil Industria e Com Ltda";"Hotel Qiu 2 - Fase 3";"importacao_excel";"a_pagar";"6903,07"
"864479";"2025-11-13";"";"MC Bauchemie Brasil Industria e Com Ltda";"Hotel Qiu 2 - Fase 3";"importacao_excel";"a_pagar";"6903,07"
"864477";"2025-11-13";"Contrato: C4 - Estruturas do forro, escada e esquadrias - 219 - Medição: 1";"Retenção Técnica - Montec Montagem e Manutenção Industrial";"Chlorum - Palm. PCT.1";"importacao_excel";"a_pagar";"2450,79"
"864476";"2025-11-13";"Contrato: C1 - Lixamento e Estucagem  - 217 - Medição: 1";"Retenção Técnica - Montec Montagem e Manutenção Industrial";"Chlorum - Palm. PCT.1";"importacao_excel";"a_pagar";"3150,00"
"864475";"2025-11-13";"Contrato: Pintura externa e interna - 122 - Medição: 4";"Retenção Técnica - Jaziel - Santana e Azevedo";"CASA DO PEQUENO";"importacao_excel";"a_pagar";"2091,84"
"864474";"2025-11-13";"Contrato: C4 - Acabamentos gerais - 220 - Medição: 1";"Jerryaliton Augusto Bezerra";"Chlorum - Palm. PCT.1";"importacao_excel";"a_pagar";"730,23"
"864478";"2025-11-13";"Contrato: C4 - Instalação de Equipamentos - 223 - Medição: 1";"Retenção Técnica - Rei do Ar Condicionado";"Chlorum - Palm. PCT.1";"importacao_excel";"a_pagar";"1395,01"
"864482";"2025-11-14";"";"Casa dos Vidros";"CASA DO PEQUENO";"importacao_excel";"a_pagar";"1350,00"
"864481";"2025-11-14";"";"Casa dos Vidros";"CASA DO PEQUENO";"importacao_excel";"a_pagar";"1350,00"
"864534";"2025-11-17";"";"Coimbra";"Hotel Qiu 2 - Fase 3";"importacao_excel";"a_pagar";"887,50"
"864535";"2025-11-17";"";"Coimbra";"CASA DO PEQUENO";"importacao_excel";"a_pagar";"277,67"
"864536";"2025-11-17";"";"Coimbra";"Hotel Qiu 2 - Fase 3";"importacao_excel";"a_pagar";"1052,12"
"864537";"2025-11-17";"";"Coimbra";"Hotel Qiu 2 - Fase 3";"importacao_excel";"a_pagar";"126,33"
"864538";"2025-11-17";"";"Coimbra";"CASA DO PEQUENO";"importacao_excel";"a_pagar";"2,50"
"864539";"2025-11-17";"";"Coimbra";"Hotel Qiu 2 - Fase 3";"importacao_excel";"a_pagar";"86,00"
"864487";"2025-11-17";"";"Coimbra";"CASA DO PEQUENO";"importacao_excel";"a_pagar";"277,67"
"864488";"2025-11-17";"";"Zezinho Materiais";"CASA DO PEQUENO";"importacao_excel";"a_pagar";"246,87"
"864489";"2025-11-17";"";"Coimbra";"CASA DO PEQUENO";"importacao_excel";"a_pagar";"277,67"
"864484";"2025-11-17";"";"Coimbra";"CASA DO PEQUENO";"importacao_excel";"a_pagar";"546,83"
"864483";"2025-11-17";"";"Coimbra";"CASA DO PEQUENO";"importacao_excel";"a_pagar";"277,67"
"864485";"2025-11-17";"";"Pedro Andrini Junior";"";"importacao_excel";"a_pagar";"3733,33"
"864495";"2025-11-17";"";"Pedro Andrini Junior";"";"importacao_excel";"a_pagar";"3733,33"
"864496";"2025-11-17";"";"Pedro Andrini Junior";"";"importacao_excel";"a_pagar";"3733,33"
"864499";"2025-11-17";"";"Pedro Andrini Junior";"";"importacao_excel";"a_pagar";"3733,33"
"864512";"2025-11-17";"";"Pedro Andrini Junior";"";"importacao_excel";"a_pagar";"3733,33"
"864521";"2025-11-17";"";"Pedro Andrini Junior";"";"importacao_excel";"a_pagar";"3733,33"
"864532";"2025-11-17";"";"Pedro Andrini Junior";"";"importacao_excel";"a_pagar";"3733,33"
"864486";"2025-11-17";"";"Coimbra";"Hotel Qiu 2 - Fase 3";"importacao_excel";"a_pagar";"1183,33"
"864490";"2025-11-17";"";"Coimbra";"Hotel Qiu 2 - Fase 3";"importacao_excel";"a_pagar";"126,33"
"864491";"2025-11-17";"";"Coimbra";"Hotel Qiu 2 - Fase 3";"importacao_excel";"a_pagar";"411,08"
"864492";"2025-11-17";"";"Coimbra";"Hotel Qiu 2 - Fase 3";"importacao_excel";"a_pagar";"1183,33"
"864493";"2025-11-17";"";"Coimbra";"Hotel Qiu 2 - Fase 3";"importacao_excel";"a_pagar";"86,00"
"864494";"2025-11-17";"";"Coimbra";"Hotel Qiu 2 - Fase 3";"importacao_excel";"a_pagar";"887,50"
"864497";"2025-11-17";"";"Coimbra";"CASA DO PEQUENO";"importacao_excel";"a_pagar";"2,50"
"864498";"2025-11-17";"";"Coimbra";"CASA DO PEQUENO";"importacao_excel";"a_pagar";"546,83"
"864500";"2025-11-17";"";"Coimbra";"CASA DO PEQUENO";"importacao_excel";"a_pagar";"2,50"
"864501";"2025-11-17";"";"Coimbra";"CASA DO PEQUENO";"importacao_excel";"a_pagar";"546,83"
"864502";"2025-11-17";"";"Coimbra";"Hotel Qiu 2 - Fase 3";"importacao_excel";"a_pagar";"1052,12"
"864503";"2025-11-17";"";"Coimbra";"Hotel Qiu 2 - Fase 3";"importacao_excel";"a_pagar";"411,08"
"864504";"2025-11-17";"";"Coimbra";"Hotel Qiu 2 - Fase 3";"importacao_excel";"a_pagar";"86,00"
"864505";"2025-11-17";"";"Coimbra";"CASA DO PEQUENO";"importacao_excel";"a_pagar";"2,50"
"864506";"2025-11-17";"";"Coimbra";"Hotel Qiu 2 - Fase 3";"importacao_excel";"a_pagar";"1052,12"
"864507";"2025-11-17";"";"Coimbra";"CASA DO PEQUENO";"importacao_excel";"a_pagar";"277,67"
"864508";"2025-11-17";"";"Coimbra";"Hotel Qiu 2 - Fase 3";"importacao_excel";"a_pagar";"887,50"
"864509";"2025-11-17";"";"Coimbra";"CASA DO PEQUENO";"importacao_excel";"a_pagar";"2,50"
"864510";"2025-11-17";"";"Coimbra";"Hotel Qiu 2 - Fase 3";"importacao_excel";"a_pagar";"126,33"
"864511";"2025-11-17";"";"Coimbra";"Hotel Qiu 2 - Fase 3";"importacao_excel";"a_pagar";"1183,33"
"864513";"2025-11-17";"";"Coimbra";"Hotel Qiu 2 - Fase 3";"importacao_excel";"a_pagar";"86,00"
"864514";"2025-11-17";"";"Zezinho Materiais";"Santuário - UTC";"importacao_excel";"a_pagar";"135,50"
"864516";"2025-11-17";"";"Zezinho Materiais";"Santuário - UTC";"importacao_excel";"a_pagar";"771,91"
"864515";"2025-11-17";"";"Zezinho Materiais";"Hotel Qiu 2 - Fase 3";"importacao_excel";"a_pagar";"62,03"
"864517";"2025-11-17";"";"Zezinho Materiais";"Santuário - UTC";"importacao_excel";"a_pagar";"40,00"
"864518";"2025-11-17";"";"Coimbra";"Hotel Qiu 2 - Fase 3";"importacao_excel";"a_pagar";"1052,12"
"864519";"2025-11-17";"";"Coimbra";"Hotel Qiu 2 - Fase 3";"importacao_excel";"a_pagar";"86,00"
"864520";"2025-11-17";"";"Coimbra";"Hotel Qiu 2 - Fase 3";"importacao_excel";"a_pagar";"411,08"
"864522";"2025-11-17";"";"Coimbra";"CASA DO PEQUENO";"importacao_excel";"a_pagar";"546,83"
"864523";"2025-11-17";"";"Coimbra";"Hotel Qiu 2 - Fase 3";"importacao_excel";"a_pagar";"411,08"
"864524";"2025-11-17";"";"Coimbra";"Hotel Qiu 2 - Fase 3";"importacao_excel";"a_pagar";"126,33"
"864525";"2025-11-17";"";"Coimbra";"Hotel Qiu 2 - Fase 3";"importacao_excel";"a_pagar";"1183,33"
"864526";"2025-11-17";"";"Coimbra";"Hotel Qiu 2 - Fase 3";"importacao_excel";"a_pagar";"887,50"
"864527";"2025-11-17";"";"Coimbra";"Hotel Qiu 2 - Fase 3";"importacao_excel";"a_pagar";"126,33"
"864528";"2025-11-17";"";"Coimbra";"Hotel Qiu 2 - Fase 3";"importacao_excel";"a_pagar";"887,50"
"864529";"2025-11-17";"";"Coimbra";"Hotel Qiu 2 - Fase 3";"importacao_excel";"a_pagar";"1052,12"
"864530";"2025-11-17";"";"Coimbra";"Hotel Qiu 2 - Fase 3";"importacao_excel";"a_pagar";"411,08"
"864531";"2025-11-17";"";"Coimbra";"CASA DO PEQUENO";"importacao_excel";"a_pagar";"546,83"
"864533";"2025-11-17";"";"Coimbra";"Hotel Qiu 2 - Fase 3";"importacao_excel";"a_pagar";"1183,33"
"864543";"2025-11-18";"";"Coimbra";"CASA DO PEQUENO";"importacao_excel";"a_pagar";"194,80"
"864540";"2025-11-18";"";"Coimbra";"CASA DO PEQUENO";"importacao_excel";"a_pagar";"236,67"
"864544";"2025-11-18";"";"Coimbra";"Hotel Qiu 2 - Fase 3";"importacao_excel";"a_pagar";"37,33"
"864545";"2025-11-18";"";"Coimbra";"CASA DO PEQUENO";"importacao_excel";"a_pagar";"437,43"
"864546";"2025-11-18";"";"Coimbra";"CASA DO PEQUENO";"importacao_excel";"a_pagar";"236,67"
"864547";"2025-11-18";"";"Coimbra";"CASA DO PEQUENO";"importacao_excel";"a_pagar";"82,91"
"864548";"2025-11-18";"";"Coimbra";"Hotel Qiu 2 - Fase 3";"importacao_excel";"a_pagar";"91,23"
"864549";"2025-11-18";"";"Coimbra";"LUCIANA - FINAL BLOCO B";"importacao_excel";"a_pagar";"326,08"
"864550";"2025-11-18";"";"Coimbra";"Hotel Qiu 2 - Fase 3";"importacao_excel";"a_pagar";"645,67"
"864552";"2025-11-18";"";"Coimbra";"CASA DO PEQUENO";"importacao_excel";"a_pagar";"437,43"
"864553";"2025-11-18";"";"Coimbra";"CASA DO PEQUENO";"importacao_excel";"a_pagar";"194,80"
"864555";"2025-11-18";"";"Coimbra";"Hotel Qiu 2 - Fase 3";"importacao_excel";"a_pagar";"660,33"
"864556";"2025-11-18";"";"Coimbra";"Hotel Qiu 2 - Fase 3";"importacao_excel";"a_pagar";"37,33"
"864557";"2025-11-18";"";"Coimbra";"LUCIANA - FINAL BLOCO B";"importacao_excel";"a_pagar";"326,08"
"864558";"2025-11-18";"";"Coimbra";"CASA DO PEQUENO";"importacao_excel";"a_pagar";"194,80"
"864559";"2025-11-18";"";"Coimbra";"CASA DO PEQUENO";"importacao_excel";"a_pagar";"437,43"
"864560";"2025-11-18";"";"Coimbra";"Hotel Qiu 2 - Fase 3";"importacao_excel";"a_pagar";"37,33"
"864561";"2025-11-18";"";"Coimbra";"CASA DO PEQUENO";"importacao_excel";"a_pagar";"236,67"
"864562";"2025-11-18";"";"Coimbra";"Hotel Qiu 2 - Fase 3";"importacao_excel";"a_pagar";"645,67"
"864563";"2025-11-18";"";"Coimbra";"LUCIANA - FINAL BLOCO B";"importacao_excel";"a_pagar";"326,08"
"864564";"2025-11-18";"";"Coimbra";"Hotel Qiu 2 - Fase 3";"importacao_excel";"a_pagar";"91,23"
"864565";"2025-11-18";"";"Coimbra";"Hotel Qiu 2 - Fase 3";"importacao_excel";"a_pagar";"43,00"
"864566";"2025-11-18";"";"Coimbra";"Hotel Qiu 2 - Fase 3";"importacao_excel";"a_pagar";"645,67"
"864567";"2025-11-18";"";"Coimbra";"Hotel Qiu 2 - Fase 3";"importacao_excel";"a_pagar";"660,33"
"864568";"2025-11-18";"";"Decolar Marmoraria";"Hotel Qiu 2 - Fase 3";"importacao_excel";"a_pagar";"30550,75"
"864569";"2025-11-18";"";"Coimbra";"CASA DO PEQUENO";"importacao_excel";"a_pagar";"236,67"
"864570";"2025-11-18";"";"Coimbra";"Hotel Qiu 2 - Fase 3";"importacao_excel";"a_pagar";"37,33"
"864571";"2025-11-18";"";"Coimbra";"CASA DO PEQUENO";"importacao_excel";"a_pagar";"437,43"
"864572";"2025-11-18";"";"Coimbra";"CASA DO PEQUENO";"importacao_excel";"a_pagar";"194,80"
"864573";"2025-11-18";"";"Coimbra";"CASA DO PEQUENO";"importacao_excel";"a_pagar";"82,91"
"864574";"2025-11-18";"";"Coimbra";"Hotel Qiu 2 - Fase 3";"importacao_excel";"a_pagar";"43,00"
"864575";"2025-11-18";"";"Coimbra";"Hotel Qiu 2 - Fase 3";"importacao_excel";"a_pagar";"91,23"
"864576";"2025-11-18";"";"Coimbra";"Hotel Qiu 2 - Fase 3";"importacao_excel";"a_pagar";"660,33"
"864577";"2025-11-18";"";"Decolar Marmoraria";"Hotel Qiu 2 - Fase 3";"importacao_excel";"a_pagar";"30550,75"
"864578";"2025-11-18";"";"Coimbra";"CASA DO PEQUENO";"importacao_excel";"a_pagar";"82,91"
"864579";"2025-11-18";"";"Coimbra";"Hotel Qiu 2 - Fase 3";"importacao_excel";"a_pagar";"660,33"
"864580";"2025-11-18";"";"Coimbra";"Hotel Qiu 2 - Fase 3";"importacao_excel";"a_pagar";"91,23"
"864581";"2025-11-18";"";"Coimbra";"LUCIANA - FINAL BLOCO B";"importacao_excel";"a_pagar";"326,08"
"864582";"2025-11-18";"";"Coimbra";"Hotel Qiu 2 - Fase 3";"importacao_excel";"a_pagar";"645,67"
"864583";"2025-11-18";"";"Coimbra";"Hotel Qiu 2 - Fase 3";"importacao_excel";"a_pagar";"645,67"
"864584";"2025-11-18";"";"Coimbra";"CASA DO PEQUENO";"importacao_excel";"a_pagar";"82,91"
"864585";"2025-11-18";"";"Coimbra";"CASA DO PEQUENO";"importacao_excel";"a_pagar";"194,80"
"864586";"2025-11-18";"";"Coimbra";"CASA DO PEQUENO";"importacao_excel";"a_pagar";"437,43"
"864587";"2025-11-18";"";"Coimbra";"Hotel Qiu 2 - Fase 3";"importacao_excel";"a_pagar";"43,00"
"864588";"2025-11-18";"";"Coimbra";"Hotel Qiu 2 - Fase 3";"importacao_excel";"a_pagar";"43,00"
"864589";"2025-11-18";"";"Coimbra";"LUCIANA - FINAL BLOCO B";"importacao_excel";"a_pagar";"326,08"
"864590";"2025-11-18";"";"Coimbra";"Hotel Qiu 2 - Fase 3";"importacao_excel";"a_pagar";"37,33"
"864591";"2025-11-18";"";"Coimbra";"Hotel Qiu 2 - Fase 3";"importacao_excel";"a_pagar";"43,00"
"864592";"2025-11-18";"";"Coimbra";"CASA DO PEQUENO";"importacao_excel";"a_pagar";"236,67"
"864593";"2025-11-18";"";"Coimbra";"Hotel Qiu 2 - Fase 3";"importacao_excel";"a_pagar";"91,23"
"864594";"2025-11-18";"";"Coimbra";"Hotel Qiu 2 - Fase 3";"importacao_excel";"a_pagar";"660,33"
"864551";"2025-11-18";"Contrato: Pintura Epóxi - Guarda-corpo - 213 - Medição: 1";"Retenção Técnica - Metal Rico";"CASA DO PEQUENO";"importacao_excel";"a_pagar";"225,00"
"864554";"2025-11-18";"Contrato: Instalação de pingadeiras, guarda-corpo e corrimão - 205 - Medição: 1";"Retenção Técnica - Metal Rico";"CASA DO PEQUENO";"importacao_excel";"a_pagar";"1150,00"
"864595";"2025-11-18";"Contrato: Escada Marinheiro e Plataforma de Acesso - 214 - Medição: 1";"Retenção Técnica - Metal Rico";"CASA DO PEQUENO";"importacao_excel";"a_pagar";"650,00"
"864542";"2025-11-18";"";"Decolar Marmoraria";"Hotel Qiu 2 - Fase 3";"importacao_excel";"a_pagar";"30550,75"
"864541";"2025-11-18";"";"Coimbra";"CASA DO PEQUENO";"importacao_excel";"a_pagar";"82,91"
"864597";"2025-11-19";"Contrato: Contrato Forro - 92 - Medição: 4";"Retenção Técnica - Gesso Moreira";"CASA DO PEQUENO";"importacao_excel";"a_pagar";"2650,51"
"4179";"2025-11-19";"Peças bomba: anel desgaste S, anel pressão, anel vedação, gaxetas W 220x240, raspador 220, oring 220x10, jg gaxetas 80x100, anel raspador, manchetas borracha 200mm, fita guia";"Peças bomba: anel desgaste S, anel pressão, anel vedação, gaxetas W 220x240, raspador 220, oring 220x10, jg gaxetas 80x100, anel raspador, manchetas borracha 200mm, fita guia";"";"frota_manutencao";"a_pagar";"7726,26"
"864596";"2025-11-19";"Contrato: Shaft Glasroc - 201 - Medição: 1";"Retenção Técnica - Gesso Moreira";"PALES ";"importacao_excel";"a_pagar";"116,25"
"864604";"2025-11-20";"";"Ferragens Santa Rita";"Santuário - UTC";"importacao_excel";"a_pagar";"130,16"
"864605";"2025-11-20";"";"Ferragens Santa Rita";"CASA DO PEQUENO";"importacao_excel";"a_pagar";"74,83"
"864603";"2025-11-20";"";"Ferragens Santa Rita";"CASA DO PEQUENO";"importacao_excel";"a_pagar";"74,85"
"864602";"2025-11-20";"";"Ferragens Santa Rita";"CASA DO PEQUENO";"importacao_excel";"a_pagar";"74,83"
"864601";"2025-11-20";"";"Ferragens Santa Rita";"Santuário - UTC";"importacao_excel";"a_pagar";"130,16"
"864610";"2025-11-20";"Viagens de caminhão";"ROSENDO NUNES ROSA";"Santuário - UTC";"importacao_excel";"a_pagar";"2625,00"
"864598";"2025-11-20";"";"Ferragens Santa Rita";"Santuário - UTC";"importacao_excel";"a_pagar";"130,16"
"864611";"2025-11-20";"";"Ferragens Santa Rita";"CASA DO PEQUENO";"importacao_excel";"a_pagar";"74,83"
"864609";"2025-11-20";"";"Ferragens Santa Rita";"Santuário - UTC";"importacao_excel";"a_pagar";"151,16"
"864607";"2025-11-20";"";"Ferragens Santa Rita";"Santuário - UTC";"importacao_excel";"a_pagar";"130,20"
"864608";"2025-11-20";"";"Ferragens Santa Rita";"Santuário - UTC";"importacao_excel";"a_pagar";"151,20"
"864600";"2025-11-20";"";"Ferragens Santa Rita";"Santuário - UTC";"importacao_excel";"a_pagar";"151,16"
"864599";"2025-11-20";"";"Ferragens Santa Rita";"Santuário - UTC";"importacao_excel";"a_pagar";"151,16"
"864625";"2025-11-21";"";"Ferragens Santa Rita";"Santuário - UTC";"importacao_excel";"a_pagar";"566,67"
"864624";"2025-11-21";"";"Ferragens Santa Rita";"CASA DO PEQUENO";"importacao_excel";"a_pagar";"453,33"
"864623";"2025-11-21";"";"Ferragens Santa Rita";"Hotel Qiu 2 - Fase 3";"importacao_excel";"a_pagar";"1193,33"
"864652";"2025-11-21";"Contrato: Corrimãos e Escadas - 215 - Medição: 1";"Retenção Técnica - Saman Engenharia";"Hotel Qiu 2 - Fase 3";"importacao_excel";"a_pagar";"3284,60"
"864653";"2025-11-21";"Contrato: Produção Outubro/2025 - 212 - Medição: 1";"Retenção Técnica - São José Ferragem Armada";"Santuário - UTC";"importacao_excel";"a_pagar";"1429,82"
"864654";"2025-11-21";"Contrato: Vigas e alças de ancoragem p/ poços de elevador - 198 - Medição: 1";"Retenção Técnica - Metal Rico";"Hotel Qiu 2 - Fase 3";"importacao_excel";"a_pagar";"205,50"
"864649";"2025-11-21";"";"Casa Brasil";"Hotel Qiu 2 - Fase 3";"importacao_excel";"a_pagar";"40,17"
"864648";"2025-11-21";"";"Casa Brasil";"Hotel Qiu 2 - Fase 3";"importacao_excel";"a_pagar";"103,95"
"864647";"2025-11-21";"";"Casa Brasil";"Hotel Qiu 2 - Fase 3";"importacao_excel";"a_pagar";"643,50"
"864646";"2025-11-21";"";"Ferragens Santa Rita";"Santuário - UTC";"importacao_excel";"a_pagar";"113,33"
"864626";"2025-11-21";"";"Ferragens Santa Rita";"CASA DO PEQUENO";"importacao_excel";"a_pagar";"596,67"
"864622";"2025-11-21";"";"Ferragens Santa Rita";"Hotel Qiu 2 - Fase 3";"importacao_excel";"a_pagar";"1360,00"
"864621";"2025-11-21";"";"Ferragens Santa Rita";"Santuário - UTC";"importacao_excel";"a_pagar";"566,67"
"864620";"2025-11-21";"";"Casa Brasil";"Hotel Qiu 2 - Fase 3";"importacao_excel";"a_pagar";"1468,13"
"864619";"2025-11-21";"";"Casa Brasil";"Hotel Qiu 2 - Fase 3";"importacao_excel";"a_pagar";"10,00"
"864618";"2025-11-21";"";"Casa Brasil";"Hotel Qiu 2 - Fase 3";"importacao_excel";"a_pagar";"643,50"
"864617";"2025-11-21";"";"Casa Brasil";"Hotel Qiu 2 - Fase 3";"importacao_excel";"a_pagar";"103,95"
"864616";"2025-11-21";"";"Casa Brasil";"Hotel Qiu 2 - Fase 3";"importacao_excel";"a_pagar";"643,50"
"864615";"2025-11-21";"";"Casa Brasil";"PALES ";"importacao_excel";"a_pagar";"8,10"
"864614";"2025-11-21";"";"Casa Brasil";"Hotel Qiu 2 - Fase 3";"importacao_excel";"a_pagar";"103,95"
"864613";"2025-11-21";"";"Casa Brasil";"Hotel Qiu 2 - Fase 3";"importacao_excel";"a_pagar";"10,00"
"864612";"2025-11-21";"";"Casa Brasil";"PALES ";"importacao_excel";"a_pagar";"8,10"
"864632";"2025-11-21";"";"Ferragens Santa Rita";"Santuário - UTC";"importacao_excel";"a_pagar";"113,33"
"864634";"2025-11-21";"";"Ferragens Santa Rita";"Santuário - UTC";"importacao_excel";"a_pagar";"596,67"
"864635";"2025-11-21";"";"Ferragens Santa Rita";"Santuário - UTC";"importacao_excel";"a_pagar";"596,67"
"864636";"2025-11-21";"";"Casa Brasil";"PALES ";"importacao_excel";"a_pagar";"8,10"
"864637";"2025-11-21";"";"Ferragens Santa Rita";"CASA DO PEQUENO";"importacao_excel";"a_pagar";"596,67"
"864638";"2025-11-21";"";"Ferragens Santa Rita";"Santuário - UTC";"importacao_excel";"a_pagar";"566,67"
"864639";"2025-11-21";"";"Ferragens Santa Rita";"CASA DO PEQUENO";"importacao_excel";"a_pagar";"453,33"
"864641";"2025-11-21";"";"Ferragens Santa Rita";"Hotel Qiu 2 - Fase 3";"importacao_excel";"a_pagar";"1193,33"
"864642";"2025-11-21";"";"Ferragens Santa Rita";"Hotel Qiu 2 - Fase 3";"importacao_excel";"a_pagar";"1360,00"
"864643";"2025-11-21";"";"Casa Brasil";"Hotel Qiu 2 - Fase 3";"importacao_excel";"a_pagar";"10,00"
"864644";"2025-11-21";"";"Ferragens Santa Rita";"Santuário - UTC";"importacao_excel";"a_pagar";"566,67"
"864645";"2025-11-21";"";"Ferragens Santa Rita";"CASA DO PEQUENO";"importacao_excel";"a_pagar";"226,67"
"864650";"2025-11-21";"";"Casa Brasil";"Hotel Qiu 2 - Fase 3";"importacao_excel";"a_pagar";"1468,13"
"864651";"2025-11-21";"";"Casa Brasil";"Hotel Qiu 2 - Fase 3";"importacao_excel";"a_pagar";"1468,13"
"864627";"2025-11-21";"";"Ferragens Santa Rita";"Santuário - UTC";"importacao_excel";"a_pagar";"596,67"
"864640";"2025-11-21";"Contrato: Extras - Embasamento + Pilares ADM Sup - 211 - Medição: 1";"Sergovale Construções Ltda";"Santuário - UTC";"importacao_excel";"a_pagar";"410,02"
"864629";"2025-11-21";"";"Ferragens Santa Rita";"Santuário - UTC";"importacao_excel";"a_pagar";"596,67"
"864630";"2025-11-21";"";"Ferragens Santa Rita";"CASA DO PEQUENO";"importacao_excel";"a_pagar";"226,67"
"864631";"2025-11-21";"";"Casa Brasil";"Hotel Qiu 2 - Fase 3";"importacao_excel";"a_pagar";"40,17"
"864633";"2025-11-21";"";"Casa Brasil";"Hotel Qiu 2 - Fase 3";"importacao_excel";"a_pagar";"5,09"
"864628";"2025-11-21";"";"Casa Brasil";"Hotel Qiu 2 - Fase 3";"importacao_excel";"a_pagar";"40,17"
"864657";"2025-11-23";"";"Casa Brasil";"Hotel Qiu 2 - Fase 3";"importacao_excel";"a_pagar";"38,25"
"864656";"2025-11-23";"";"Casa Brasil";"Hotel Qiu 2 - Fase 3";"importacao_excel";"a_pagar";"38,25"
"571921";"2025-11-23";"OS #8300 — Revisão de freios e suspensão: substituição de kit estabilizador, feixe mola superior, feixe mola inferior, cilindros roda traseira, fluido de freio, cupilhas, trava batente suspensão, batente suspensão, jogo rebite pra lona, jogo lona, cilindro mestre, retentores cubo dianteiro, graxa Marfak e engraxamento suspensão.";"OS #8300 — Revisão de freios e suspensão: substituição de kit estabilizador, feixe mola superior, feixe mola inferior, cilindros roda traseira, fluido de freio, cupilhas, trava batente suspensão, batente suspensão, jogo rebite pra lona, jogo lona, cilindr";"";"frota_manutencao";"a_pagar";"3749,00"
"864655";"2025-11-23";"";"Casa Brasil";"Hotel Qiu 2 - Fase 3";"importacao_excel";"a_pagar";"38,25"
"864743";"2025-11-24";"";"Casa Brasil";"CASA DO PEQUENO";"importacao_excel";"a_pagar";"190,10"
"864687";"2025-11-24";"";"Casa Brasil";"CASA DO PEQUENO";"importacao_excel";"a_pagar";"114,66"
"864729";"2025-11-24";"";"Casa Brasil";"CASA DO PEQUENO";"importacao_excel";"a_pagar";"190,10"
"864658";"2025-11-24";"";"Casa Brasil";"CASA DO PEQUENO";"importacao_excel";"a_pagar";"7,88"
"864659";"2025-11-24";"";"Casa Brasil";"Santuário - UTC";"importacao_excel";"a_pagar";"223,25"
"864660";"2025-11-24";"";"Casa Brasil";"Santuário - UTC";"importacao_excel";"a_pagar";"367,76"
"864661";"2025-11-24";"";"Casa Brasil";"POS OBRA";"importacao_excel";"a_pagar";"106,13"
"864662";"2025-11-24";"";"Casa Brasil";"CASA DO PEQUENO";"importacao_excel";"a_pagar";"13,16"
"864663";"2025-11-24";"";"Casa Brasil";"Santuário - UTC";"importacao_excel";"a_pagar";"128,50"
"864664";"2025-11-24";"";"Casa Brasil";"CASA DO PEQUENO";"importacao_excel";"a_pagar";"7,88"
"864665";"2025-11-24";"";"Casa Brasil";"Santuário - UTC";"importacao_excel";"a_pagar";"1135,85"
"864666";"2025-11-24";"";"Casa Brasil";"POS OBRA";"importacao_excel";"a_pagar";"36,61"
"864667";"2025-11-24";"";"Casa Brasil";"CASA DO PEQUENO";"importacao_excel";"a_pagar";"93,60"
"864668";"2025-11-24";"";"Casa Brasil";"CASA DO PEQUENO";"importacao_excel";"a_pagar";"114,66"
"864669";"2025-11-24";"";"Casa Brasil";"Hotel Qiu 2 - Fase 3";"importacao_excel";"a_pagar";"90,00"
"864670";"2025-11-24";"";"Casa Brasil";"CASA DO PEQUENO";"importacao_excel";"a_pagar";"19,13"
"864671";"2025-11-24";"";"Casa Brasil";"CASA DO PEQUENO";"importacao_excel";"a_pagar";"71,55"
"864672";"2025-11-24";"";"Casa Brasil";"Santuário - UTC";"importacao_excel";"a_pagar";"83,59"
"864673";"2025-11-24";"";"Casa Brasil";"CASA DO PEQUENO";"importacao_excel";"a_pagar";"13,16"
"864674";"2025-11-24";"";"Casa Brasil";"Santuário - UTC";"importacao_excel";"a_pagar";"319,95"
"864675";"2025-11-24";"";"Casa Brasil";"Santuário - UTC";"importacao_excel";"a_pagar";"217,75"
"864676";"2025-11-24";"";"Casa Brasil";"POS OBRA";"importacao_excel";"a_pagar";"36,61"
"864677";"2025-11-24";"";"Casa Brasil";"";"importacao_excel";"a_pagar";"33,30"
"864678";"2025-11-24";"Laudo ambiental";"Padroeira Entulho Caçambas Aparecida";"Santuário - UTC";"importacao_excel";"a_pagar";"900,00"
"864679";"2025-11-24";"";"Casa Brasil";"Santuário - UTC";"importacao_excel";"a_pagar";"83,59"
"864680";"2025-11-24";"";"Casa Brasil";"Santuário - UTC";"importacao_excel";"a_pagar";"4,95"
"864681";"2025-11-24";"";"Casa Brasil";"Santuário - UTC";"importacao_excel";"a_pagar";"367,76"
"864682";"2025-11-24";"";"Casa Brasil";"Santuário - UTC";"importacao_excel";"a_pagar";"83,59"
"864683";"2025-11-24";"";"Casa Brasil";"Santuário - UTC";"importacao_excel";"a_pagar";"217,75"
"864684";"2025-11-24";"";"Casa Brasil";"Santuário - UTC";"importacao_excel";"a_pagar";"1135,85"
"864685";"2025-11-24";"";"Casa Brasil";"CASA DO PEQUENO";"importacao_excel";"a_pagar";"190,10"
"864686";"2025-11-24";"";"Casa Brasil";"CASA DO PEQUENO";"importacao_excel";"a_pagar";"71,55"
"864688";"2025-11-24";"";"Casa Brasil";"CASA DO PEQUENO";"importacao_excel";"a_pagar";"19,13"
"864689";"2025-11-24";"";"Casa Brasil";"";"importacao_excel";"a_pagar";"33,30"
"864690";"2025-11-24";"";"Casa Brasil";"Santuário - UTC";"importacao_excel";"a_pagar";"128,50"
"864691";"2025-11-24";"";"Casa Brasil";"POS OBRA";"importacao_excel";"a_pagar";"106,13"
"864692";"2025-11-24";"";"Casa Brasil";"Santuário - UTC";"importacao_excel";"a_pagar";"134,41"
"864693";"2025-11-24";"";"Casa Brasil";"CASA DO PEQUENO";"importacao_excel";"a_pagar";"93,60"
"864694";"2025-11-24";"";"Casa Brasil";"Santuário - UTC";"importacao_excel";"a_pagar";"223,25"
"864695";"2025-11-24";"";"Casa Brasil";"Santuário - UTC";"importacao_excel";"a_pagar";"12,58"
"864696";"2025-11-24";"";"Casa Brasil";"Santuário - UTC";"importacao_excel";"a_pagar";"8,75"
"864697";"2025-11-24";"";"Casa Brasil";"Santuário - UTC";"importacao_excel";"a_pagar";"45,00"
"864698";"2025-11-24";"";"Casa Brasil";"Santuário - UTC";"importacao_excel";"a_pagar";"101,81"
"864699";"2025-11-24";"";"Casa Brasil";"Santuário - UTC";"importacao_excel";"a_pagar";"426,62"
"864700";"2025-11-24";"";"Casa Brasil";"Santuário - UTC";"importacao_excel";"a_pagar";"103,50"
"864701";"2025-11-24";"";"Casa Brasil";"Santuário - UTC";"importacao_excel";"a_pagar";"326,93"
"864702";"2025-11-24";"";"Casa Brasil";"Santuário - UTC";"importacao_excel";"a_pagar";"4,95"
"864703";"2025-11-24";"";"Casa Brasil";"Santuário - UTC";"importacao_excel";"a_pagar";"223,25"
"864704";"2025-11-24";"";"Casa Brasil";"Santuário - UTC";"importacao_excel";"a_pagar";"367,76"
"864705";"2025-11-24";"";"Casa Brasil";"Santuário - UTC";"importacao_excel";"a_pagar";"217,75"
"864707";"2025-11-24";"";"Casa Brasil";"Santuário - UTC";"importacao_excel";"a_pagar";"1135,85"
"864708";"2025-11-24";"";"Casa Brasil";"Santuário - UTC";"importacao_excel";"a_pagar";"319,95"
"864709";"2025-11-24";"";"Casa Brasil";"CASA DO PEQUENO";"importacao_excel";"a_pagar";"71,82"
"864710";"2025-11-24";"";"Casa Brasil";"Santuário - UTC";"importacao_excel";"a_pagar";"134,41"
"864711";"2025-11-24";"";"Casa Brasil";"Santuário - UTC";"importacao_excel";"a_pagar";"4,95"
"864712";"2025-11-24";"";"Casa Brasil";"Santuário - UTC";"importacao_excel";"a_pagar";"103,50"
"864713";"2025-11-24";"";"Casa Brasil";"Santuário - UTC";"importacao_excel";"a_pagar";"326,93"
"864714";"2025-11-24";"";"Casa Brasil";"Santuário - UTC";"importacao_excel";"a_pagar";"103,50"
"864715";"2025-11-24";"";"Casa Brasil";"Santuário - UTC";"importacao_excel";"a_pagar";"426,62"
"864716";"2025-11-24";"";"Casa Brasil";"Santuário - UTC";"importacao_excel";"a_pagar";"101,81"
"864717";"2025-11-24";"";"Casa Brasil";"Santuário - UTC";"importacao_excel";"a_pagar";"45,00"
"864718";"2025-11-24";"";"Casa Brasil";"Santuário - UTC";"importacao_excel";"a_pagar";"8,75"
"864719";"2025-11-24";"";"Casa Brasil";"CASA DO PEQUENO";"importacao_excel";"a_pagar";"71,82"
"864720";"2025-11-24";"";"Casa Brasil";"Santuário - UTC";"importacao_excel";"a_pagar";"12,58"
"864721";"2025-11-24";"";"Casa Brasil";"Santuário - UTC";"importacao_excel";"a_pagar";"134,41"
"864722";"2025-11-24";"";"Casa Brasil";"Santuário - UTC";"importacao_excel";"a_pagar";"319,95"
"864723";"2025-11-24";"";"Casa Brasil";"POS OBRA";"importacao_excel";"a_pagar";"106,13"
"864724";"2025-11-24";"";"Casa Brasil";"Santuário - UTC";"importacao_excel";"a_pagar";"128,50"
"864725";"2025-11-24";"";"Casa Brasil";"";"importacao_excel";"a_pagar";"33,30"
"864726";"2025-11-24";"";"Casa Brasil";"Santuário - UTC";"importacao_excel";"a_pagar";"326,93"
"864727";"2025-11-24";"";"Casa Brasil";"CASA DO PEQUENO";"importacao_excel";"a_pagar";"19,13"
"864728";"2025-11-24";"";"Casa Brasil";"CASA DO PEQUENO";"importacao_excel";"a_pagar";"71,55"
"864730";"2025-11-24";"";"Casa Brasil";"CASA DO PEQUENO";"importacao_excel";"a_pagar";"7,88"
"864731";"2025-11-24";"";"Casa Brasil";"CASA DO PEQUENO";"importacao_excel";"a_pagar";"13,16"
"864732";"2025-11-24";"";"Casa Brasil";"Santuário - UTC";"importacao_excel";"a_pagar";"12,58"
"864733";"2025-11-24";"";"Casa Brasil";"CASA DO PEQUENO";"importacao_excel";"a_pagar";"71,82"
"864734";"2025-11-24";"";"Casa Brasil";"Santuário - UTC";"importacao_excel";"a_pagar";"8,75"
"864735";"2025-11-24";"";"Casa Brasil";"Santuário - UTC";"importacao_excel";"a_pagar";"45,00"
"864736";"2025-11-24";"";"Casa Brasil";"Santuário - UTC";"importacao_excel";"a_pagar";"101,81"
"864737";"2025-11-24";"";"Casa Brasil";"Santuário - UTC";"importacao_excel";"a_pagar";"426,62"
"864738";"2025-11-24";"";"Casa Brasil";"CASA DO PEQUENO";"importacao_excel";"a_pagar";"93,60"
"864739";"2025-11-24";"";"Casa Brasil";"Hotel Qiu 2 - Fase 3";"importacao_excel";"a_pagar";"90,00"
"864740";"2025-11-24";"";"Casa Brasil";"POS OBRA";"importacao_excel";"a_pagar";"36,61"
"864741";"2025-11-24";"";"Casa Brasil";"CASA DO PEQUENO";"importacao_excel";"a_pagar";"114,66"
"864742";"2025-11-24";"";"Casa Brasil";"Hotel Qiu 2 - Fase 3";"importacao_excel";"a_pagar";"90,00"
"864744";"2025-11-24";"Contrato: Hidráulica Geral - 210 - Medição: 1";"Retenção Técnica - Melo Encanamento Predial";"Santuário - UTC";"importacao_excel";"a_pagar";"1200,00"
"864795";"2025-11-25";"";"Ferragens Santa Rita";"CASA DO PEQUENO";"importacao_excel";"a_pagar";"8,75"
"864796";"2025-11-25";"";"Ferragens Santa Rita";"PALES ";"importacao_excel";"a_pagar";"17,80"
"864797";"2025-11-25";"";"Ferragens Santa Rita";"PALES ";"importacao_excel";"a_pagar";"45,00"
"864798";"2025-11-25";"";"Ferragens Santa Rita";"LUCIANA - FINAL BLOCO B";"importacao_excel";"a_pagar";"116,67"
"864799";"2025-11-25";"";"Ferragens Santa Rita";"PALES ";"importacao_excel";"a_pagar";"36,17"
"864800";"2025-11-25";"";"Ferragens Santa Rita";"POS OBRA";"importacao_excel";"a_pagar";"45,00"
"864801";"2025-11-25";"";"Ferragens Santa Rita";"PALES ";"importacao_excel";"a_pagar";"17,80"
"864802";"2025-11-25";"";"Ferragens Santa Rita";"CASA DO PEQUENO";"importacao_excel";"a_pagar";"292,67"
"864803";"2025-11-25";"";"Ferragens Santa Rita";"POS OBRA";"importacao_excel";"a_pagar";"45,00"
"864804";"2025-11-25";"";"Ferragens Santa Rita";"PALES ";"importacao_excel";"a_pagar";"17,80"
"864805";"2025-11-25";"";"Ferragens Santa Rita";"PALES ";"importacao_excel";"a_pagar";"17,80"
"864806";"2025-11-25";"";"Ferragens Santa Rita";"LUCIANA - FINAL BLOCO B";"importacao_excel";"a_pagar";"116,67"
"864807";"2025-11-25";"";"Ferragens Santa Rita";"CASA DO PEQUENO";"importacao_excel";"a_pagar";"7,00"
"864808";"2025-11-25";"";"Ferragens Santa Rita";"POS OBRA";"importacao_excel";"a_pagar";"45,00"
"864809";"2025-11-25";"";"Ferragens Santa Rita";"CASA DO PEQUENO";"importacao_excel";"a_pagar";"243,50"
"864810";"2025-11-25";"";"Ferragens Santa Rita";"CASA DO PEQUENO";"importacao_excel";"a_pagar";"9,17"
"864811";"2025-11-25";"";"Ferragens Santa Rita";"CASA DO PEQUENO";"importacao_excel";"a_pagar";"9,17"
"864812";"2025-11-25";"";"Ferragens Santa Rita";"";"importacao_excel";"a_pagar";"56,85"
"864813";"2025-11-25";"";"Ferragens Santa Rita";"CASA DO PEQUENO";"importacao_excel";"a_pagar";"314,08"
"864814";"2025-11-25";"";"Ferragens Santa Rita";"CASA DO PEQUENO";"importacao_excel";"a_pagar";"23,50"
"864815";"2025-11-25";"";"Ferragens Santa Rita";"";"importacao_excel";"a_pagar";"56,85"
"864816";"2025-11-25";"";"Ferragens Santa Rita";"";"importacao_excel";"a_pagar";"56,85"
"864817";"2025-11-25";"";"Ferragens Santa Rita";"CASA DO PEQUENO";"importacao_excel";"a_pagar";"360,00"
"864818";"2025-11-25";"";"Ferragens Santa Rita";"CASA DO PEQUENO";"importacao_excel";"a_pagar";"8,75"
"864819";"2025-11-25";"";"Ferragens Santa Rita";"CASA DO PEQUENO";"importacao_excel";"a_pagar";"8,75"
"864820";"2025-11-25";"";"Ferragens Santa Rita";"CASA DO PEQUENO";"importacao_excel";"a_pagar";"360,00"
"864821";"2025-11-25";"";"Ferragens Santa Rita";"PALES ";"importacao_excel";"a_pagar";"36,17"
"864822";"2025-11-25";"";"Ferragens Santa Rita";"CASA DO PEQUENO";"importacao_excel";"a_pagar";"23,50"
"864823";"2025-11-25";"";"Ferragens Santa Rita";"CASA DO PEQUENO";"importacao_excel";"a_pagar";"314,08"
"864824";"2025-11-25";"";"Ferragens Santa Rita";"CASA DO PEQUENO";"importacao_excel";"a_pagar";"11,17"
"864825";"2025-11-25";"";"Ferragens Santa Rita";"CASA DO PEQUENO";"importacao_excel";"a_pagar";"243,50"
"864826";"2025-11-25";"";"Ferragens Santa Rita";"PALES ";"importacao_excel";"a_pagar";"36,15"
"864827";"2025-11-25";"";"Ferragens Santa Rita";"PALES ";"importacao_excel";"a_pagar";"45,00"
"864828";"2025-11-25";"";"Ferragens Santa Rita";"CASA DO PEQUENO";"importacao_excel";"a_pagar";"8,53"
"864829";"2025-11-25";"";"Ferragens Santa Rita";"PALES ";"importacao_excel";"a_pagar";"17,80"
"864830";"2025-11-25";"";"Ferragens Santa Rita";"CASA DO PEQUENO";"importacao_excel";"a_pagar";"292,67"
"864831";"2025-11-25";"";"Ferragens Santa Rita";"PALES ";"importacao_excel";"a_pagar";"45,00"
"864832";"2025-11-25";"";"Ferragens Santa Rita";"LUCIANA - FINAL BLOCO B";"importacao_excel";"a_pagar";"116,65"
"864833";"2025-11-25";"";"Ferragens Santa Rita";"PALES ";"importacao_excel";"a_pagar";"45,00"
"864834";"2025-11-25";"";"Ferragens Santa Rita";"LUCIANA - FINAL BLOCO B";"importacao_excel";"a_pagar";"116,67"
"864835";"2025-11-25";"";"Ferragens Santa Rita";"PALES ";"importacao_excel";"a_pagar";"36,17"
"864836";"2025-11-25";"";"Ferragens Santa Rita";"CASA DO PEQUENO";"importacao_excel";"a_pagar";"7,00"
"864837";"2025-11-25";"";"Ferragens Santa Rita";"CASA DO PEQUENO";"importacao_excel";"a_pagar";"292,67"
"864838";"2025-11-25";"";"Ferragens Santa Rita";"CASA DO PEQUENO";"importacao_excel";"a_pagar";"8,53"
"864839";"2025-11-25";"";"Ferragens Santa Rita";"CASA DO PEQUENO";"importacao_excel";"a_pagar";"11,17"
"864840";"2025-11-25";"";"Ferragens Santa Rita";"POS OBRA";"importacao_excel";"a_pagar";"45,00"
"4177";"2025-11-25";"Revisão geral bomba: diferencial, manchetas, anel corte, reguladora vazão, acumulador, piscina, cilindro";"Revisão geral bomba: diferencial, manchetas, anel corte, reguladora vazão, acumulador, piscina, cilindro";"";"frota_manutencao";"a_pagar";"9397,00"
"864745";"2025-11-25";"";"Ferragens Santa Rita";"CASA DO PEQUENO";"importacao_excel";"a_pagar";"243,50"
"864746";"2025-11-25";"";"Ferragens Santa Rita";"CASA DO PEQUENO";"importacao_excel";"a_pagar";"7,00"
"864747";"2025-11-25";"";"Ferragens Santa Rita";"CASA DO PEQUENO";"importacao_excel";"a_pagar";"9,17"
"864748";"2025-11-25";"";"Ferragens Santa Rita";"";"importacao_excel";"a_pagar";"56,85"
"864749";"2025-11-25";"";"Ferragens Santa Rita";"CASA DO PEQUENO";"importacao_excel";"a_pagar";"11,15"
"864750";"2025-11-25";"";"Ferragens Santa Rita";"CASA DO PEQUENO";"importacao_excel";"a_pagar";"7,00"
"864751";"2025-11-25";"";"Ferragens Santa Rita";"CASA DO PEQUENO";"importacao_excel";"a_pagar";"9,15"
"864752";"2025-11-25";"";"Ferragens Santa Rita";"CASA DO PEQUENO";"importacao_excel";"a_pagar";"314,10"
"864753";"2025-11-25";"";"Ferragens Santa Rita";"CASA DO PEQUENO";"importacao_excel";"a_pagar";"314,08"
"864754";"2025-11-25";"";"Ferragens Santa Rita";"CASA DO PEQUENO";"importacao_excel";"a_pagar";"23,50"
"864755";"2025-11-25";"";"Ferragens Santa Rita";"CASA DO PEQUENO";"importacao_excel";"a_pagar";"243,50"
"864756";"2025-11-25";"";"Ferragens Santa Rita";"CASA DO PEQUENO";"importacao_excel";"a_pagar";"8,75"
"864757";"2025-11-25";"";"Ferragens Santa Rita";"CASA DO PEQUENO";"importacao_excel";"a_pagar";"360,00"
"864758";"2025-11-25";"";"Ferragens Santa Rita";"LUCIANA - FINAL BLOCO B";"importacao_excel";"a_pagar";"116,67"
"864759";"2025-11-25";"";"Ferragens Santa Rita";"PALES ";"importacao_excel";"a_pagar";"36,17"
"864760";"2025-11-25";"";"Ferragens Santa Rita";"CASA DO PEQUENO";"importacao_excel";"a_pagar";"23,50"
"864761";"2025-11-25";"";"Ferragens Santa Rita";"CASA DO PEQUENO";"importacao_excel";"a_pagar";"360,00"
"864762";"2025-11-25";"";"Ferragens Santa Rita";"CASA DO PEQUENO";"importacao_excel";"a_pagar";"8,75"
"864763";"2025-11-25";"";"Ferragens Santa Rita";"LUCIANA - FINAL BLOCO B";"importacao_excel";"a_pagar";"116,67"
"864764";"2025-11-25";"";"Ferragens Santa Rita";"";"importacao_excel";"a_pagar";"56,85"
"864765";"2025-11-25";"";"Ferragens Santa Rita";"PALES ";"importacao_excel";"a_pagar";"36,17"
"864766";"2025-11-25";"";"Ferragens Santa Rita";"CASA DO PEQUENO";"importacao_excel";"a_pagar";"243,50"
"864767";"2025-11-25";"";"Ferragens Santa Rita";"POS OBRA";"importacao_excel";"a_pagar";"45,00"
"864768";"2025-11-25";"";"Ferragens Santa Rita";"PALES ";"importacao_excel";"a_pagar";"45,00"
"864769";"2025-11-25";"";"Ferragens Santa Rita";"";"importacao_excel";"a_pagar";"56,85"
"864770";"2025-11-25";"";"Ferragens Santa Rita";"POS OBRA";"importacao_excel";"a_pagar";"45,00"
"864771";"2025-11-25";"";"Ferragens Santa Rita";"PALES ";"importacao_excel";"a_pagar";"45,00"
"864772";"2025-11-25";"";"Ferragens Santa Rita";"CASA DO PEQUENO";"importacao_excel";"a_pagar";"11,17"
"864773";"2025-11-25";"";"Ferragens Santa Rita";"CASA DO PEQUENO";"importacao_excel";"a_pagar";"8,55"
"864774";"2025-11-25";"";"Ferragens Santa Rita";"CASA DO PEQUENO";"importacao_excel";"a_pagar";"292,65"
"864775";"2025-11-25";"";"Ferragens Santa Rita";"CASA DO PEQUENO";"importacao_excel";"a_pagar";"8,53"
"864776";"2025-11-25";"";"Ferragens Santa Rita";"CASA DO PEQUENO";"importacao_excel";"a_pagar";"292,67"
"864777";"2025-11-25";"";"Ferragens Santa Rita";"PALES ";"importacao_excel";"a_pagar";"17,80"
"864778";"2025-11-25";"";"Ferragens Santa Rita";"CASA DO PEQUENO";"importacao_excel";"a_pagar";"292,67"
"864779";"2025-11-25";"";"Ferragens Santa Rita";"CASA DO PEQUENO";"importacao_excel";"a_pagar";"8,53"
"864780";"2025-11-25";"";"Ferragens Santa Rita";"CASA DO PEQUENO";"importacao_excel";"a_pagar";"9,17"
"864781";"2025-11-25";"";"Ferragens Santa Rita";"CASA DO PEQUENO";"importacao_excel";"a_pagar";"11,17"
"864782";"2025-11-25";"";"Ferragens Santa Rita";"CASA DO PEQUENO";"importacao_excel";"a_pagar";"7,00"
"864783";"2025-11-25";"";"Ferragens Santa Rita";"CASA DO PEQUENO";"importacao_excel";"a_pagar";"9,17"
"864784";"2025-11-25";"";"Ferragens Santa Rita";"CASA DO PEQUENO";"importacao_excel";"a_pagar";"314,08"
"864785";"2025-11-25";"";"Ferragens Santa Rita";"CASA DO PEQUENO";"importacao_excel";"a_pagar";"23,50"
"864786";"2025-11-25";"";"Ferragens Santa Rita";"CASA DO PEQUENO";"importacao_excel";"a_pagar";"360,00"
"864787";"2025-11-25";"";"Ferragens Santa Rita";"CASA DO PEQUENO";"importacao_excel";"a_pagar";"8,75"
"864788";"2025-11-25";"";"Ferragens Santa Rita";"CASA DO PEQUENO";"importacao_excel";"a_pagar";"7,00"
"864789";"2025-11-25";"";"Ferragens Santa Rita";"CASA DO PEQUENO";"importacao_excel";"a_pagar";"11,17"
"864790";"2025-11-25";"";"Ferragens Santa Rita";"CASA DO PEQUENO";"importacao_excel";"a_pagar";"243,50"
"864791";"2025-11-25";"";"Ferragens Santa Rita";"CASA DO PEQUENO";"importacao_excel";"a_pagar";"8,53"
"864792";"2025-11-25";"";"Ferragens Santa Rita";"CASA DO PEQUENO";"importacao_excel";"a_pagar";"314,08"
"864793";"2025-11-25";"";"Ferragens Santa Rita";"CASA DO PEQUENO";"importacao_excel";"a_pagar";"23,50"
"864794";"2025-11-25";"";"Ferragens Santa Rita";"CASA DO PEQUENO";"importacao_excel";"a_pagar";"360,00"
"864876";"2025-11-26";"";"Ferragens Santa Rita";"CASA DO PEQUENO";"importacao_excel";"a_pagar";"3,80"
"864875";"2025-11-26";"";"Ferragens Santa Rita";"CASA DO PEQUENO";"importacao_excel";"a_pagar";"14,33"
"864874";"2025-11-26";"";"Ferragens Santa Rita";"CASA DO PEQUENO";"importacao_excel";"a_pagar";"0,50"
"864873";"2025-11-26";"";"Ferragens Santa Rita";"CASA DO PEQUENO";"importacao_excel";"a_pagar";"28,42"
"864872";"2025-11-26";"";"Ferragens Santa Rita";"Hotel Qiu 2 - Fase 3";"importacao_excel";"a_pagar";"360,00"
"864871";"2025-11-26";"";"Ferragens Santa Rita";"CASA DO PEQUENO";"importacao_excel";"a_pagar";"9,93"
"864870";"2025-11-26";"";"Ferragens Santa Rita";"Hotel Qiu 2 - Fase 3";"importacao_excel";"a_pagar";"178,67"
"864869";"2025-11-26";"";"Ferragens Santa Rita";"Hotel Qiu 2 - Fase 3";"importacao_excel";"a_pagar";"89,33"
"864868";"2025-11-26";"";"Ferragens Santa Rita";"Hotel Qiu 2 - Fase 3";"importacao_excel";"a_pagar";"178,67"
"864924";"2025-11-26";"";"Ferragens Santa Rita";"Hotel Qiu 2 - Fase 3";"importacao_excel";"a_pagar";"89,33"
"864867";"2025-11-26";"";"Ferragens Santa Rita";"Hotel Qiu 2 - Fase 3";"importacao_excel";"a_pagar";"178,67"
"864866";"2025-11-26";"";"Ferragens Santa Rita";"CASA DO PEQUENO";"importacao_excel";"a_pagar";"29,38"
"864865";"2025-11-26";"";"Ferragens Santa Rita";"CASA DO PEQUENO";"importacao_excel";"a_pagar";"20,17"
"864864";"2025-11-26";"";"Ferragens Santa Rita";"CASA DO PEQUENO";"importacao_excel";"a_pagar";"78,50"
"864863";"2025-11-26";"";"Ferragens Santa Rita";"Hotel Qiu 2 - Fase 3";"importacao_excel";"a_pagar";"76,48"
"864966";"2025-11-26";"";"Pier Brasil Comércio de Máquinas, Ferramentas e acessórios";"Hotel Qiu 2 - Fase 3";"importacao_excel";"a_pagar";"323,75"
"864965";"2025-11-26";"";"Pier Brasil Comércio de Máquinas, Ferramentas e acessórios";"Santuário - UTC";"importacao_excel";"a_pagar";"1196,12"
"864964";"2025-11-26";"";"Pier Brasil Comércio de Máquinas, Ferramentas e acessórios";"Santuário - UTC";"importacao_excel";"a_pagar";"1196,10"
"864956";"2025-11-26";"Contrato:  Piso intertravado, meio fio e sarjeta. - 168 - Medição: 5";"Retenção Técnica - Paulo Vitor Martins Felipe";"Chlorum Solutions - Uberlândia";"importacao_excel";"a_pagar";"269,06"
"864945";"2025-11-26";"Contrato: Pintura externa e interna - 122 - Medição: 5";"Retenção Técnica - Jaziel - Santana e Azevedo";"CASA DO PEQUENO";"importacao_excel";"a_pagar";"1999,83"
"864963";"2025-11-26";"";"Pier Brasil Comércio de Máquinas, Ferramentas e acessórios";"CASA DO PEQUENO";"importacao_excel";"a_pagar";"255,58"
"864962";"2025-11-26";"";"Pier Brasil Comércio de Máquinas, Ferramentas e acessórios";"Hotel Qiu 2 - Fase 3";"importacao_excel";"a_pagar";"45,85"
"864961";"2025-11-26";"";"Ferragens Santa Rita";"Hotel Qiu 2 - Fase 3";"importacao_excel";"a_pagar";"178,67"
"864960";"2025-11-26";"";"Ferragens Santa Rita";"Hotel Qiu 2 - Fase 3";"importacao_excel";"a_pagar";"89,33"
"864959";"2025-11-26";"";"Ferragens Santa Rita";"Hotel Qiu 2 - Fase 3";"importacao_excel";"a_pagar";"178,67"
"864958";"2025-11-26";"";"Ferragens Santa Rita";"Hotel Qiu 2 - Fase 3";"importacao_excel";"a_pagar";"360,00"
"864957";"2025-11-26";"";"Ferragens Santa Rita";"CASA DO PEQUENO";"importacao_excel";"a_pagar";"281,83"
"864862";"2025-11-26";"";"Ferragens Santa Rita";"CASA DO PEQUENO";"importacao_excel";"a_pagar";"3,67"
"864861";"2025-11-26";"";"Ferragens Santa Rita";"CASA DO PEQUENO";"importacao_excel";"a_pagar";"29,38"
"864860";"2025-11-26";"";"Pier Brasil Comércio de Máquinas, Ferramentas e acessórios";"Santuário - UTC";"importacao_excel";"a_pagar";"1196,12"
"864859";"2025-11-26";"";"Ferragens Santa Rita";"CASA DO PEQUENO";"importacao_excel";"a_pagar";"20,17"
"864858";"2025-11-26";"";"Ferragens Santa Rita";"Hotel Qiu 2 - Fase 3";"importacao_excel";"a_pagar";"360,00"
"864955";"2025-11-26";"";"Ferragens Santa Rita";"CASA DO PEQUENO";"importacao_excel";"a_pagar";"29,38"
"864952";"2025-11-26";"";"Ferragens Santa Rita";"CASA DO PEQUENO";"importacao_excel";"a_pagar";"78,50"
"864951";"2025-11-26";"";"Ferragens Santa Rita";"Hotel Qiu 2 - Fase 3";"importacao_excel";"a_pagar";"178,67"
"864950";"2025-11-26";"";"Ferragens Santa Rita";"CASA DO PEQUENO";"importacao_excel";"a_pagar";"3,80"
"864949";"2025-11-26";"";"Ferragens Santa Rita";"CASA DO PEQUENO";"importacao_excel";"a_pagar";"14,33"
"864948";"2025-11-26";"";"Ferragens Santa Rita";"CASA DO PEQUENO";"importacao_excel";"a_pagar";"14,33"
"864947";"2025-11-26";"";"Ferragens Santa Rita";"CASA DO PEQUENO";"importacao_excel";"a_pagar";"0,50"
"864946";"2025-11-26";"";"Ferragens Santa Rita";"CASA DO PEQUENO";"importacao_excel";"a_pagar";"0,50"
"864944";"2025-11-26";"";"Ferragens Santa Rita";"CASA DO PEQUENO";"importacao_excel";"a_pagar";"281,83"
"864943";"2025-11-26";"";"Ferragens Santa Rita";"CASA DO PEQUENO";"importacao_excel";"a_pagar";"29,38"
"864941";"2025-11-26";"";"Ferragens Santa Rita";"CASA DO PEQUENO";"importacao_excel";"a_pagar";"8,33"
"864940";"2025-11-26";"";"Ferragens Santa Rita";"CASA DO PEQUENO";"importacao_excel";"a_pagar";"9,93"
"864939";"2025-11-26";"";"Ferragens Santa Rita";"CASA DO PEQUENO";"importacao_excel";"a_pagar";"28,42"
"864938";"2025-11-26";"";"Ferragens Santa Rita";"CASA DO PEQUENO";"importacao_excel";"a_pagar";"78,50"
"864937";"2025-11-26";"";"Ferragens Santa Rita";"CASA DO PEQUENO";"importacao_excel";"a_pagar";"3,65"
"864936";"2025-11-26";"";"Ferragens Santa Rita";"CASA DO PEQUENO";"importacao_excel";"a_pagar";"8,33"
"864935";"2025-11-26";"";"Ferragens Santa Rita";"CASA DO PEQUENO";"importacao_excel";"a_pagar";"3,80"
"864934";"2025-11-26";"";"Ferragens Santa Rita";"CASA DO PEQUENO";"importacao_excel";"a_pagar";"14,35"
"864932";"2025-11-26";"";"Ferragens Santa Rita";"Hotel Qiu 2 - Fase 3";"importacao_excel";"a_pagar";"360,00"
"864931";"2025-11-26";"";"Ferragens Santa Rita";"Hotel Qiu 2 - Fase 3";"importacao_excel";"a_pagar";"178,65"
"864930";"2025-11-26";"";"Ferragens Santa Rita";"CASA DO PEQUENO";"importacao_excel";"a_pagar";"3,67"
"864929";"2025-11-26";"";"Ferragens Santa Rita";"Hotel Qiu 2 - Fase 3";"importacao_excel";"a_pagar";"89,35"
"864928";"2025-11-26";"";"Ferragens Santa Rita";"Hotel Qiu 2 - Fase 3";"importacao_excel";"a_pagar";"178,65"
"864857";"2025-11-26";"";"Ferragens Santa Rita";"CASA DO PEQUENO";"importacao_excel";"a_pagar";"14,33"
"864856";"2025-11-26";"";"Ferragens Santa Rita";"CASA DO PEQUENO";"importacao_excel";"a_pagar";"8,33"
"864855";"2025-11-26";"";"Ferragens Santa Rita";"CASA DO PEQUENO";"importacao_excel";"a_pagar";"0,50"
"864854";"2025-11-26";"";"Ferragens Santa Rita";"CASA DO PEQUENO";"importacao_excel";"a_pagar";"3,80"
"864853";"2025-11-26";"";"Ferragens Santa Rita";"CASA DO PEQUENO";"importacao_excel";"a_pagar";"28,42"
"864852";"2025-11-26";"";"Ferragens Santa Rita";"CASA DO PEQUENO";"importacao_excel";"a_pagar";"21,34"
"864851";"2025-11-26";"";"Ferragens Santa Rita";"Hotel Qiu 2 - Fase 3";"importacao_excel";"a_pagar";"178,67"
"864850";"2025-11-26";"";"Pier Brasil Comércio de Máquinas, Ferramentas e acessórios";"Hotel Qiu 2 - Fase 3";"importacao_excel";"a_pagar";"323,75"
"864849";"2025-11-26";"";"Ferragens Santa Rita";"Hotel Qiu 2 - Fase 3";"importacao_excel";"a_pagar";"76,48"
"864848";"2025-11-26";"";"Ferragens Santa Rita";"Hotel Qiu 2 - Fase 3";"importacao_excel";"a_pagar";"178,67"
"864847";"2025-11-26";"";"Ferragens Santa Rita";"CASA DO PEQUENO";"importacao_excel";"a_pagar";"281,83"
"864846";"2025-11-26";"";"Pier Brasil Comércio de Máquinas, Ferramentas e acessórios";"Hotel Qiu 2 - Fase 3";"importacao_excel";"a_pagar";"45,85"
"864845";"2025-11-26";"";"Ferragens Santa Rita";"CASA DO PEQUENO";"importacao_excel";"a_pagar";"78,50"
"864844";"2025-11-26";"";"Pier Brasil Comércio de Máquinas, Ferramentas e acessórios";"CASA DO PEQUENO";"importacao_excel";"a_pagar";"255,59"
"864927";"2025-11-26";"";"Ferragens Santa Rita";"Hotel Qiu 2 - Fase 3";"importacao_excel";"a_pagar";"178,67"
"864926";"2025-11-26";"";"Ferragens Santa Rita";"Hotel Qiu 2 - Fase 3";"importacao_excel";"a_pagar";"76,48"
"864925";"2025-11-26";"";"Ferragens Santa Rita";"Hotel Qiu 2 - Fase 3";"importacao_excel";"a_pagar";"178,67"
"864954";"2025-11-26";"";"Ferragens Santa Rita";"CASA DO PEQUENO";"importacao_excel";"a_pagar";"28,42"
"864953";"2025-11-26";"";"Ferragens Santa Rita";"CASA DO PEQUENO";"importacao_excel";"a_pagar";"3,67"
"864933";"2025-11-26";"";"Ferragens Santa Rita";"Hotel Qiu 2 - Fase 3";"importacao_excel";"a_pagar";"76,50"
"864841";"2025-11-26";"";"Ferragens Santa Rita";"Hotel Qiu 2 - Fase 3";"importacao_excel";"a_pagar";"89,33"
"864842";"2025-11-26";"";"Ferragens Santa Rita";"Hotel Qiu 2 - Fase 3";"importacao_excel";"a_pagar";"178,67"
"864843";"2025-11-26";"";"Ferragens Santa Rita";"CASA DO PEQUENO";"importacao_excel";"a_pagar";"9,93"
"864923";"2025-11-26";"";"Ferragens Santa Rita";"Hotel Qiu 2 - Fase 3";"importacao_excel";"a_pagar";"178,67"
"864922";"2025-11-26";"";"Pier Brasil Comércio de Máquinas, Ferramentas e acessórios";"CASA DO PEQUENO";"importacao_excel";"a_pagar";"255,59"
"864921";"2025-11-26";"";"Pier Brasil Comércio de Máquinas, Ferramentas e acessórios";"Hotel Qiu 2 - Fase 3";"importacao_excel";"a_pagar";"45,85"
"864942";"2025-11-26";"";"Ferragens Santa Rita";"CASA DO PEQUENO";"importacao_excel";"a_pagar";"21,34"
"864920";"2025-11-26";"";"Ferragens Santa Rita";"Hotel Qiu 2 - Fase 3";"importacao_excel";"a_pagar";"360,00"
"864919";"2025-11-26";"";"Pier Brasil Comércio de Máquinas, Ferramentas e acessórios";"Hotel Qiu 2 - Fase 3";"importacao_excel";"a_pagar";"323,75"
"864918";"2025-11-26";"";"Pier Brasil Comércio de Máquinas, Ferramentas e acessórios";"Hotel Qiu 2 - Fase 3";"importacao_excel";"a_pagar";"323,75"
"864917";"2025-11-26";"";"Pier Brasil Comércio de Máquinas, Ferramentas e acessórios";"CASA DO PEQUENO";"importacao_excel";"a_pagar";"255,59"
"864916";"2025-11-26";"";"Ferragens Santa Rita";"Hotel Qiu 2 - Fase 3";"importacao_excel";"a_pagar";"178,65"
"864915";"2025-11-26";"";"Ferragens Santa Rita";"CASA DO PEQUENO";"importacao_excel";"a_pagar";"20,17"
"864914";"2025-11-26";"";"Ferragens Santa Rita";"CASA DO PEQUENO";"importacao_excel";"a_pagar";"28,40"
"864913";"2025-11-26";"";"Ferragens Santa Rita";"CASA DO PEQUENO";"importacao_excel";"a_pagar";"0,50"
"864912";"2025-11-26";"";"Ferragens Santa Rita";"CASA DO PEQUENO";"importacao_excel";"a_pagar";"29,40"
"864911";"2025-11-26";"";"Ferragens Santa Rita";"CASA DO PEQUENO";"importacao_excel";"a_pagar";"281,85"
"864910";"2025-11-26";"";"Ferragens Santa Rita";"CASA DO PEQUENO";"importacao_excel";"a_pagar";"20,15"
"864909";"2025-11-26";"";"Ferragens Santa Rita";"CASA DO PEQUENO";"importacao_excel";"a_pagar";"21,32"
"864908";"2025-11-26";"";"Ferragens Santa Rita";"CASA DO PEQUENO";"importacao_excel";"a_pagar";"9,95"
"864907";"2025-11-26";"";"Pier Brasil Comércio de Máquinas, Ferramentas e acessórios";"Hotel Qiu 2 - Fase 3";"importacao_excel";"a_pagar";"45,85"
"864906";"2025-11-26";"";"Ferragens Santa Rita";"CASA DO PEQUENO";"importacao_excel";"a_pagar";"21,34"
"864905";"2025-11-26";"";"Ferragens Santa Rita";"CASA DO PEQUENO";"importacao_excel";"a_pagar";"8,33"
"864904";"2025-11-26";"";"Ferragens Santa Rita";"CASA DO PEQUENO";"importacao_excel";"a_pagar";"9,93"
"864903";"2025-11-26";"";"Ferragens Santa Rita";"Hotel Qiu 2 - Fase 3";"importacao_excel";"a_pagar";"76,48"
"864902";"2025-11-26";"";"Ferragens Santa Rita";"Hotel Qiu 2 - Fase 3";"importacao_excel";"a_pagar";"178,67"
"864901";"2025-11-26";"";"Pier Brasil Comércio de Máquinas, Ferramentas e acessórios";"Santuário - UTC";"importacao_excel";"a_pagar";"1196,12"
"864900";"2025-11-26";"";"Ferragens Santa Rita";"CASA DO PEQUENO";"importacao_excel";"a_pagar";"78,50"
"864899";"2025-11-26";"";"Ferragens Santa Rita";"CASA DO PEQUENO";"importacao_excel";"a_pagar";"3,80"
"864898";"2025-11-26";"";"Ferragens Santa Rita";"CASA DO PEQUENO";"importacao_excel";"a_pagar";"20,17"
"864897";"2025-11-26";"";"Ferragens Santa Rita";"CASA DO PEQUENO";"importacao_excel";"a_pagar";"29,38"
"864896";"2025-11-26";"";"Ferragens Santa Rita";"Hotel Qiu 2 - Fase 3";"importacao_excel";"a_pagar";"89,33"
"864895";"2025-11-26";"";"Ferragens Santa Rita";"CASA DO PEQUENO";"importacao_excel";"a_pagar";"21,34"
"864894";"2025-11-26";"";"Ferragens Santa Rita";"CASA DO PEQUENO";"importacao_excel";"a_pagar";"21,34"
"864893";"2025-11-26";"";"Ferragens Santa Rita";"CASA DO PEQUENO";"importacao_excel";"a_pagar";"8,33"
"864892";"2025-11-26";"";"Ferragens Santa Rita";"CASA DO PEQUENO";"importacao_excel";"a_pagar";"9,93"
"864891";"2025-11-26";"";"Ferragens Santa Rita";"CASA DO PEQUENO";"importacao_excel";"a_pagar";"20,17"
"864890";"2025-11-26";"";"Ferragens Santa Rita";"CASA DO PEQUENO";"importacao_excel";"a_pagar";"281,83"
"864889";"2025-11-26";"";"Ferragens Santa Rita";"Hotel Qiu 2 - Fase 3";"importacao_excel";"a_pagar";"360,00"
"864888";"2025-11-26";"";"Ferragens Santa Rita";"CASA DO PEQUENO";"importacao_excel";"a_pagar";"28,42"
"864887";"2025-11-26";"";"Ferragens Santa Rita";"CASA DO PEQUENO";"importacao_excel";"a_pagar";"0,50"
"864886";"2025-11-26";"";"Ferragens Santa Rita";"Hotel Qiu 2 - Fase 3";"importacao_excel";"a_pagar";"178,67"
"864885";"2025-11-26";"";"Ferragens Santa Rita";"CASA DO PEQUENO";"importacao_excel";"a_pagar";"14,33"
"864884";"2025-11-26";"";"Ferragens Santa Rita";"Hotel Qiu 2 - Fase 3";"importacao_excel";"a_pagar";"76,48"
"864883";"2025-11-26";"";"Ferragens Santa Rita";"CASA DO PEQUENO";"importacao_excel";"a_pagar";"3,80"
"864882";"2025-11-26";"";"Ferragens Santa Rita";"Hotel Qiu 2 - Fase 3";"importacao_excel";"a_pagar";"178,67"
"864881";"2025-11-26";"";"Ferragens Santa Rita";"CASA DO PEQUENO";"importacao_excel";"a_pagar";"8,33"
"864880";"2025-11-26";"";"Ferragens Santa Rita";"CASA DO PEQUENO";"importacao_excel";"a_pagar";"3,67"
"864879";"2025-11-26";"";"Ferragens Santa Rita";"CASA DO PEQUENO";"importacao_excel";"a_pagar";"281,83"
"864878";"2025-11-26";"";"Ferragens Santa Rita";"CASA DO PEQUENO";"importacao_excel";"a_pagar";"3,67"
"864877";"2025-11-26";"";"Ferragens Santa Rita";"CASA DO PEQUENO";"importacao_excel";"a_pagar";"78,50"
"865042";"2025-11-27";"";"Pier Brasil Comércio de Máquinas, Ferramentas e acessórios";"Santuário - UTC";"importacao_excel";"a_pagar";"2248,30"
"865044";"2025-11-27";"";"Ferragens Santa Rita";"Hotel Qiu 2 - Fase 3";"importacao_excel";"a_pagar";"143,15"
"865045";"2025-11-27";"";"Ferragens Santa Rita";"Hotel Qiu 2 - Fase 3";"importacao_excel";"a_pagar";"176,67"
"865046";"2025-11-27";"";"Ferragens Santa Rita";"Hotel Qiu 2 - Fase 3";"importacao_excel";"a_pagar";"20,50"
"865047";"2025-11-27";"";"Ferragens Santa Rita";"Hotel Qiu 2 - Fase 3";"importacao_excel";"a_pagar";"147,25"
"865048";"2025-11-27";"";"Ferragens Santa Rita";"Hotel Qiu 2 - Fase 3";"importacao_excel";"a_pagar";"53,52"
"865049";"2025-11-27";"";"Ferragens Santa Rita";"Hotel Qiu 2 - Fase 3";"importacao_excel";"a_pagar";"176,67"
"865050";"2025-11-27";"";"Ferragens Santa Rita";"Hotel Qiu 2 - Fase 3";"importacao_excel";"a_pagar";"2,00"
"865051";"2025-11-27";"";"Ferragens Santa Rita";"Hotel Qiu 2 - Fase 3";"importacao_excel";"a_pagar";"24,32"
"865052";"2025-11-27";"";"Ferragens Santa Rita";"Hotel Qiu 2 - Fase 3";"importacao_excel";"a_pagar";"24,32"
"865091";"2025-11-27";"";"Ferragens Santa Rita";"Hotel Qiu 2 - Fase 3";"importacao_excel";"a_pagar";"143,15"
"865090";"2025-11-27";"";"Ferragens Santa Rita";"Santuário - UTC";"importacao_excel";"a_pagar";"89,33"
"865089";"2025-11-27";"";"Ferragens Santa Rita";"Hotel Qiu 2 - Fase 3";"importacao_excel";"a_pagar";"53,52"
"865088";"2025-11-27";"";"Ferragens Santa Rita";"Hotel Qiu 2 - Fase 3";"importacao_excel";"a_pagar";"147,25"
"865087";"2025-11-27";"";"Ferragens Santa Rita";"Santuário - UTC";"importacao_excel";"a_pagar";"89,33"
"865086";"2025-11-27";"";"Ferragens Santa Rita";"Santuário - UTC";"importacao_excel";"a_pagar";"360,00"
"865084";"2025-11-27";"";"Pier Brasil Comércio de Máquinas, Ferramentas e acessórios";"Santuário - UTC";"importacao_excel";"a_pagar";"275,00"
"865083";"2025-11-27";"";"Ferragens Santa Rita";"Santuário - UTC";"importacao_excel";"a_pagar";"89,33"
"865082";"2025-11-27";"";"Ferragens Santa Rita";"Santuário - UTC";"importacao_excel";"a_pagar";"89,33"
"865081";"2025-11-27";"";"Ferragens Santa Rita";"Santuário - UTC";"importacao_excel";"a_pagar";"89,33"
"865080";"2025-11-27";"";"Ferragens Santa Rita";"Santuário - UTC";"importacao_excel";"a_pagar";"178,67"
"865079";"2025-11-27";"";"Ferragens Santa Rita";"Hotel Qiu 2 - Fase 3";"importacao_excel";"a_pagar";"20,50"
"865077";"2025-11-27";"";"Pier Brasil Comércio de Máquinas, Ferramentas e acessórios";"Santuário - UTC";"importacao_excel";"a_pagar";"2248,30"
"865075";"2025-11-27";"";"Ferragens Santa Rita";"Santuário - UTC";"importacao_excel";"a_pagar";"89,33"
"865074";"2025-11-27";"";"Ferragens Santa Rita";"Hotel Qiu 2 - Fase 3";"importacao_excel";"a_pagar";"147,25"
"865073";"2025-11-27";"";"Pier Brasil Comércio de Máquinas, Ferramentas e acessórios";"Santuário - UTC";"importacao_excel";"a_pagar";"275,00"
"865085";"2025-11-27";"Contrato: Instalações hidráulicas, elétricas e PCI - 96 - Medição: 7";"Retenção Técnica - Promatel";"Hotel Qiu 2 - Fase 3";"importacao_excel";"a_pagar";"6953,38"
"865071";"2025-11-27";"";"Ferragens Santa Rita";"Hotel Qiu 2 - Fase 3";"importacao_excel";"a_pagar";"53,50"
"865070";"2025-11-27";"";"Ferragens Santa Rita";"Santuário - UTC";"importacao_excel";"a_pagar";"89,35"
"865069";"2025-11-27";"";"Ferragens Santa Rita";"Santuário - UTC";"importacao_excel";"a_pagar";"360,00"
"865068";"2025-11-27";"";"Ferragens Santa Rita";"Santuário - UTC";"importacao_excel";"a_pagar";"89,35"
"865067";"2025-11-27";"";"Ferragens Santa Rita";"Santuário - UTC";"importacao_excel";"a_pagar";"89,35"
"865066";"2025-11-27";"";"Ferragens Santa Rita";"Santuário - UTC";"importacao_excel";"a_pagar";"89,35"
"865065";"2025-11-27";"";"Ferragens Santa Rita";"Santuário - UTC";"importacao_excel";"a_pagar";"89,35"
"865064";"2025-11-27";"";"Ferragens Santa Rita";"Santuário - UTC";"importacao_excel";"a_pagar";"89,35"
"865063";"2025-11-27";"";"Ferragens Santa Rita";"Hotel Qiu 2 - Fase 3";"importacao_excel";"a_pagar";"20,50"
"865062";"2025-11-27";"";"Ferragens Santa Rita";"Santuário - UTC";"importacao_excel";"a_pagar";"178,65"
"865061";"2025-11-27";"";"Ferragens Santa Rita";"Hotel Qiu 2 - Fase 3";"importacao_excel";"a_pagar";"2,00"
"865060";"2025-11-27";"";"Ferragens Santa Rita";"Hotel Qiu 2 - Fase 3";"importacao_excel";"a_pagar";"5,15"
"865059";"2025-11-27";"";"Ferragens Santa Rita";"Santuário - UTC";"importacao_excel";"a_pagar";"89,35"
"865058";"2025-11-27";"";"Ferragens Santa Rita";"Hotel Qiu 2 - Fase 3";"importacao_excel";"a_pagar";"176,65"
"865057";"2025-11-27";"";"Ferragens Santa Rita";"Hotel Qiu 2 - Fase 3";"importacao_excel";"a_pagar";"143,15"
"865056";"2025-11-27";"";"Ferragens Santa Rita";"Hotel Qiu 2 - Fase 3";"importacao_excel";"a_pagar";"53,50"
"865055";"2025-11-27";"";"Ferragens Santa Rita";"CASA DO PEQUENO";"importacao_excel";"a_pagar";"8,85"
"865054";"2025-11-27";"";"Ferragens Santa Rita";"CASA DO PEQUENO";"importacao_excel";"a_pagar";"8,83"
"865072";"2025-11-27";"";"Pier Brasil Comércio de Máquinas, Ferramentas e acessórios";"Santuário - UTC";"importacao_excel";"a_pagar";"2248,30"
"865078";"2025-11-27";"";"Francisnei (Giló)";"Santuário - UTC";"importacao_excel";"a_pagar";"1600,00"
"865076";"2025-11-27";"";"Francisnei (Giló)";"CASA DO PEQUENO";"importacao_excel";"a_pagar";"400,00"
"865053";"2025-11-27";"";"Ferragens Santa Rita";"Hotel Qiu 2 - Fase 3";"importacao_excel";"a_pagar";"24,30"
"864985";"2025-11-27";"";"Ferragens Santa Rita";"Hotel Qiu 2 - Fase 3";"importacao_excel";"a_pagar";"53,52"
"864967";"2025-11-27";"";"Ferragens Santa Rita";"Hotel Qiu 2 - Fase 3";"importacao_excel";"a_pagar";"5,17"
"864968";"2025-11-27";"";"Pier Brasil Comércio de Máquinas, Ferramentas e acessórios";"Santuário - UTC";"importacao_excel";"a_pagar";"275,00"
"864969";"2025-11-27";"";"Pier Brasil Comércio de Máquinas, Ferramentas e acessórios";"Santuário - UTC";"importacao_excel";"a_pagar";"2248,30"
"864970";"2025-11-27";"";"Ferragens Santa Rita";"Hotel Qiu 2 - Fase 3";"importacao_excel";"a_pagar";"176,67"
"864971";"2025-11-27";"";"Ferragens Santa Rita";"Hotel Qiu 2 - Fase 3";"importacao_excel";"a_pagar";"53,52"
"864972";"2025-11-27";"";"Ferragens Santa Rita";"Santuário - UTC";"importacao_excel";"a_pagar";"89,33"
"864973";"2025-11-27";"";"Ferragens Santa Rita";"Santuário - UTC";"importacao_excel";"a_pagar";"89,33"
"864974";"2025-11-27";"";"Ferragens Santa Rita";"Hotel Qiu 2 - Fase 3";"importacao_excel";"a_pagar";"2,00"
"864975";"2025-11-27";"";"Ferragens Santa Rita";"Hotel Qiu 2 - Fase 3";"importacao_excel";"a_pagar";"176,67"
"864976";"2025-11-27";"";"Ferragens Santa Rita";"Hotel Qiu 2 - Fase 3";"importacao_excel";"a_pagar";"20,50"
"864977";"2025-11-27";"";"Ferragens Santa Rita";"Hotel Qiu 2 - Fase 3";"importacao_excel";"a_pagar";"5,17"
"864978";"2025-11-27";"";"Ferragens Santa Rita";"Hotel Qiu 2 - Fase 3";"importacao_excel";"a_pagar";"24,32"
"864979";"2025-11-27";"";"Ferragens Santa Rita";"Hotel Qiu 2 - Fase 3";"importacao_excel";"a_pagar";"147,25"
"864980";"2025-11-27";"";"Ferragens Santa Rita";"Hotel Qiu 2 - Fase 3";"importacao_excel";"a_pagar";"53,52"
"864981";"2025-11-27";"";"Ferragens Santa Rita";"CASA DO PEQUENO";"importacao_excel";"a_pagar";"8,83"
"864982";"2025-11-27";"";"Ferragens Santa Rita";"Hotel Qiu 2 - Fase 3";"importacao_excel";"a_pagar";"143,15"
"864983";"2025-11-27";"";"Ferragens Santa Rita";"Santuário - UTC";"importacao_excel";"a_pagar";"178,67"
"864984";"2025-11-27";"";"Ferragens Santa Rita";"Santuário - UTC";"importacao_excel";"a_pagar";"89,33"
"864986";"2025-11-27";"";"Ferragens Santa Rita";"Santuário - UTC";"importacao_excel";"a_pagar";"89,33"
"864987";"2025-11-27";"";"Ferragens Santa Rita";"Santuário - UTC";"importacao_excel";"a_pagar";"89,33"
"864988";"2025-11-27";"";"Ferragens Santa Rita";"Santuário - UTC";"importacao_excel";"a_pagar";"360,00"
"864989";"2025-11-27";"";"Ferragens Santa Rita";"Santuário - UTC";"importacao_excel";"a_pagar";"89,33"
"864990";"2025-11-27";"";"Ferragens Santa Rita";"Hotel Qiu 2 - Fase 3";"importacao_excel";"a_pagar";"53,52"
"864991";"2025-11-27";"";"Ferragens Santa Rita";"Santuário - UTC";"importacao_excel";"a_pagar";"89,33"
"864992";"2025-11-27";"";"Ferragens Santa Rita";"Hotel Qiu 2 - Fase 3";"importacao_excel";"a_pagar";"143,15"
"864993";"2025-11-27";"";"Ferragens Santa Rita";"Santuário - UTC";"importacao_excel";"a_pagar";"89,33"
"864994";"2025-11-27";"";"Ferragens Santa Rita";"Santuário - UTC";"importacao_excel";"a_pagar";"89,33"
"864995";"2025-11-27";"";"Ferragens Santa Rita";"Santuário - UTC";"importacao_excel";"a_pagar";"89,33"
"864996";"2025-11-27";"";"Ferragens Santa Rita";"Santuário - UTC";"importacao_excel";"a_pagar";"89,33"
"864997";"2025-11-27";"";"Ferragens Santa Rita";"Santuário - UTC";"importacao_excel";"a_pagar";"178,67"
"864998";"2025-11-27";"";"Ferragens Santa Rita";"Santuário - UTC";"importacao_excel";"a_pagar";"89,33"
"864999";"2025-11-27";"";"Ferragens Santa Rita";"CASA DO PEQUENO";"importacao_excel";"a_pagar";"8,83"
"865000";"2025-11-27";"";"Ferragens Santa Rita";"Hotel Qiu 2 - Fase 3";"importacao_excel";"a_pagar";"5,17"
"865001";"2025-11-27";"";"Ferragens Santa Rita";"Hotel Qiu 2 - Fase 3";"importacao_excel";"a_pagar";"2,00"
"865002";"2025-11-27";"";"Ferragens Santa Rita";"Hotel Qiu 2 - Fase 3";"importacao_excel";"a_pagar";"20,50"
"865003";"2025-11-27";"";"Ferragens Santa Rita";"Hotel Qiu 2 - Fase 3";"importacao_excel";"a_pagar";"24,32"
"865004";"2025-11-27";"";"Ferragens Santa Rita";"Hotel Qiu 2 - Fase 3";"importacao_excel";"a_pagar";"147,25"
"865005";"2025-11-27";"";"Ferragens Santa Rita";"Hotel Qiu 2 - Fase 3";"importacao_excel";"a_pagar";"53,52"
"865006";"2025-11-27";"";"Ferragens Santa Rita";"Santuário - UTC";"importacao_excel";"a_pagar";"89,33"
"865007";"2025-11-27";"";"Ferragens Santa Rita";"Santuário - UTC";"importacao_excel";"a_pagar";"89,33"
"865008";"2025-11-27";"";"Ferragens Santa Rita";"Santuário - UTC";"importacao_excel";"a_pagar";"360,00"
"865009";"2025-11-27";"";"Ferragens Santa Rita";"Santuário - UTC";"importacao_excel";"a_pagar";"89,33"
"865010";"2025-11-27";"";"Ferragens Santa Rita";"Santuário - UTC";"importacao_excel";"a_pagar";"89,33"
"865011";"2025-11-27";"";"Ferragens Santa Rita";"Santuário - UTC";"importacao_excel";"a_pagar";"89,33"
"865012";"2025-11-27";"";"Ferragens Santa Rita";"Santuário - UTC";"importacao_excel";"a_pagar";"89,33"
"865013";"2025-11-27";"";"Ferragens Santa Rita";"Santuário - UTC";"importacao_excel";"a_pagar";"178,67"
"865014";"2025-11-27";"";"Ferragens Santa Rita";"CASA DO PEQUENO";"importacao_excel";"a_pagar";"8,83"
"865015";"2025-11-27";"";"Ferragens Santa Rita";"CASA DO PEQUENO";"importacao_excel";"a_pagar";"8,83"
"865016";"2025-11-27";"";"Ferragens Santa Rita";"Santuário - UTC";"importacao_excel";"a_pagar";"89,33"
"865017";"2025-11-27";"";"Ferragens Santa Rita";"Santuário - UTC";"importacao_excel";"a_pagar";"89,33"
"865018";"2025-11-27";"";"Ferragens Santa Rita";"Hotel Qiu 2 - Fase 3";"importacao_excel";"a_pagar";"2,00"
"865019";"2025-11-27";"";"Ferragens Santa Rita";"Hotel Qiu 2 - Fase 3";"importacao_excel";"a_pagar";"24,32"
"865020";"2025-11-27";"";"Ferragens Santa Rita";"Santuário - UTC";"importacao_excel";"a_pagar";"89,33"
"865021";"2025-11-27";"";"Ferragens Santa Rita";"Santuário - UTC";"importacao_excel";"a_pagar";"89,33"
"865022";"2025-11-27";"";"Ferragens Santa Rita";"Santuário - UTC";"importacao_excel";"a_pagar";"89,33"
"865023";"2025-11-27";"";"Ferragens Santa Rita";"Santuário - UTC";"importacao_excel";"a_pagar";"360,00"
"865024";"2025-11-27";"";"Ferragens Santa Rita";"Hotel Qiu 2 - Fase 3";"importacao_excel";"a_pagar";"5,17"
"865025";"2025-11-27";"";"Ferragens Santa Rita";"Hotel Qiu 2 - Fase 3";"importacao_excel";"a_pagar";"5,17"
"865026";"2025-11-27";"";"Ferragens Santa Rita";"Santuário - UTC";"importacao_excel";"a_pagar";"89,33"
"865027";"2025-11-27";"";"Ferragens Santa Rita";"Hotel Qiu 2 - Fase 3";"importacao_excel";"a_pagar";"176,67"
"865028";"2025-11-27";"";"Ferragens Santa Rita";"Hotel Qiu 2 - Fase 3";"importacao_excel";"a_pagar";"143,15"
"865029";"2025-11-27";"";"Ferragens Santa Rita";"Hotel Qiu 2 - Fase 3";"importacao_excel";"a_pagar";"53,52"
"865030";"2025-11-27";"";"Ferragens Santa Rita";"Hotel Qiu 2 - Fase 3";"importacao_excel";"a_pagar";"2,00"
"865031";"2025-11-27";"";"Ferragens Santa Rita";"Hotel Qiu 2 - Fase 3";"importacao_excel";"a_pagar";"20,50"
"865032";"2025-11-27";"";"Ferragens Santa Rita";"Hotel Qiu 2 - Fase 3";"importacao_excel";"a_pagar";"147,25"
"865033";"2025-11-27";"";"Ferragens Santa Rita";"Hotel Qiu 2 - Fase 3";"importacao_excel";"a_pagar";"53,52"
"865034";"2025-11-27";"";"Ferragens Santa Rita";"Santuário - UTC";"importacao_excel";"a_pagar";"360,00"
"865035";"2025-11-27";"";"Ferragens Santa Rita";"Santuário - UTC";"importacao_excel";"a_pagar";"89,33"
"865036";"2025-11-27";"";"Ferragens Santa Rita";"Santuário - UTC";"importacao_excel";"a_pagar";"89,33"
"865037";"2025-11-27";"";"Ferragens Santa Rita";"Santuário - UTC";"importacao_excel";"a_pagar";"89,33"
"865038";"2025-11-27";"";"Ferragens Santa Rita";"Santuário - UTC";"importacao_excel";"a_pagar";"89,33"
"865039";"2025-11-27";"";"Pier Brasil Comércio de Máquinas, Ferramentas e acessórios";"Santuário - UTC";"importacao_excel";"a_pagar";"275,00"
"865040";"2025-11-27";"";"Ferragens Santa Rita";"Santuário - UTC";"importacao_excel";"a_pagar";"89,33"
"865041";"2025-11-27";"";"Ferragens Santa Rita";"Santuário - UTC";"importacao_excel";"a_pagar";"178,67"
"865043";"2025-11-27";"";"Ferragens Santa Rita";"Hotel Qiu 2 - Fase 3";"importacao_excel";"a_pagar";"53,52"
"865151";"2025-11-28";"";"Ferragens Santa Rita";"Santuário - UTC";"importacao_excel";"a_pagar";"211,17"
"865157";"2025-11-28";"";"Ferragens Santa Rita";"Santuário - UTC";"importacao_excel";"a_pagar";"317,35"
"865158";"2025-11-28";"";"Ferragens Santa Rita";"Santuário - UTC";"importacao_excel";"a_pagar";"563,17"
"865159";"2025-11-28";"";"Ferragens Santa Rita";"Santuário - UTC";"importacao_excel";"a_pagar";"38,63"
"865160";"2025-11-28";"";"Ferragens Santa Rita";"Santuário - UTC";"importacao_excel";"a_pagar";"478,17"
"865161";"2025-11-28";"";"Ferragens Santa Rita";"Santuário - UTC";"importacao_excel";"a_pagar";"42,00"
"865162";"2025-11-28";"";"Ferragens Santa Rita";"Santuário - UTC";"importacao_excel";"a_pagar";"211,17"
"865163";"2025-11-28";"";"Ferragens Santa Rita";"Santuário - UTC";"importacao_excel";"a_pagar";"563,17"
"865164";"2025-11-28";"";"Ferragens Santa Rita";"Santuário - UTC";"importacao_excel";"a_pagar";"9,67"
"865165";"2025-11-28";"";"Ferragens Santa Rita";"Santuário - UTC";"importacao_excel";"a_pagar";"308,33"
"865166";"2025-11-28";"";"Ferragens Santa Rita";"Santuário - UTC";"importacao_excel";"a_pagar";"42,00"
"865167";"2025-11-28";"";"Ferragens Santa Rita";"Santuário - UTC";"importacao_excel";"a_pagar";"478,17"
"865168";"2025-11-28";"";"Ferragens Santa Rita";"Santuário - UTC";"importacao_excel";"a_pagar";"38,63"
"865169";"2025-11-28";"";"Ferragens Santa Rita";"Santuário - UTC";"importacao_excel";"a_pagar";"317,35"
"865170";"2025-11-28";"";"Ferragens Santa Rita";"Santuário - UTC";"importacao_excel";"a_pagar";"261,33"
"865171";"2025-11-28";"";"Ferragens Santa Rita";"Santuário - UTC";"importacao_excel";"a_pagar";"55,23"
"865172";"2025-11-28";"";"Ferragens Santa Rita";"Santuário - UTC";"importacao_excel";"a_pagar";"85,50"
"865173";"2025-11-28";"";"Ferragens Santa Rita";"Santuário - UTC";"importacao_excel";"a_pagar";"211,17"
"865174";"2025-11-28";"";"Ferragens Santa Rita";"Santuário - UTC";"importacao_excel";"a_pagar";"55,23"
"865175";"2025-11-28";"";"Ferragens Santa Rita";"Santuário - UTC";"importacao_excel";"a_pagar";"28,18"
"865176";"2025-11-28";"";"Ferragens Santa Rita";"Santuário - UTC";"importacao_excel";"a_pagar";"308,33"
"865177";"2025-11-28";"";"Ferragens Santa Rita";"Santuário - UTC";"importacao_excel";"a_pagar";"271,17"
"865178";"2025-11-28";"";"Ferragens Santa Rita";"Santuário - UTC";"importacao_excel";"a_pagar";"271,17"
"865179";"2025-11-28";"";"Ferragens Santa Rita";"Santuário - UTC";"importacao_excel";"a_pagar";"271,17"
"865180";"2025-11-28";"";"Ferragens Santa Rita";"Santuário - UTC";"importacao_excel";"a_pagar";"9,67"
"865181";"2025-11-28";"";"Ferragens Santa Rita";"Santuário - UTC";"importacao_excel";"a_pagar";"308,33"
"865120";"2025-11-28";"";"Ferragens Santa Rita";"Santuário - UTC";"importacao_excel";"a_pagar";"478,17"
"865121";"2025-11-28";"";"Ferragens Santa Rita";"Santuário - UTC";"importacao_excel";"a_pagar";"478,17"
"865122";"2025-11-28";"";"Ferragens Santa Rita";"Santuário - UTC";"importacao_excel";"a_pagar";"38,63"
"865123";"2025-11-28";"";"Ferragens Santa Rita";"Santuário - UTC";"importacao_excel";"a_pagar";"317,35"
"865124";"2025-11-28";"";"Ferragens Santa Rita";"Santuário - UTC";"importacao_excel";"a_pagar";"261,33"
"865125";"2025-11-28";"";"Ferragens Santa Rita";"Santuário - UTC";"importacao_excel";"a_pagar";"28,18"
"865126";"2025-11-28";"";"Ferragens Santa Rita";"Santuário - UTC";"importacao_excel";"a_pagar";"42,00"
"865127";"2025-11-28";"";"Ferragens Santa Rita";"Santuário - UTC";"importacao_excel";"a_pagar";"563,17"
"865128";"2025-11-28";"";"Ferragens Santa Rita";"Santuário - UTC";"importacao_excel";"a_pagar";"211,17"
"865129";"2025-11-28";"";"Ferragens Santa Rita";"Santuário - UTC";"importacao_excel";"a_pagar";"55,23"
"865130";"2025-11-28";"";"Ferragens Santa Rita";"Santuário - UTC";"importacao_excel";"a_pagar";"9,67"
"865131";"2025-11-28";"";"Ferragens Santa Rita";"Santuário - UTC";"importacao_excel";"a_pagar";"563,15"
"865134";"2025-11-28";"";"Eletroguara Materiais Eletricos LTDA";"Hotel Qiu 2 - Fase 3";"importacao_excel";"a_pagar";"90,78"
"865135";"2025-11-28";"";"Eletroguara Materiais Eletricos LTDA";"";"importacao_excel";"a_pagar";"668,55"
"865136";"2025-11-28";"";"Ferragens Santa Rita";"Santuário - UTC";"importacao_excel";"a_pagar";"42,00"
"865137";"2025-11-28";"";"Ferragens Santa Rita";"Santuário - UTC";"importacao_excel";"a_pagar";"85,50"
"865138";"2025-11-28";"";"Ferragens Santa Rita";"Santuário - UTC";"importacao_excel";"a_pagar";"308,35"
"865139";"2025-11-28";"";"Ferragens Santa Rita";"Santuário - UTC";"importacao_excel";"a_pagar";"85,50"
"865140";"2025-11-28";"";"Ferragens Santa Rita";"Santuário - UTC";"importacao_excel";"a_pagar";"28,18"
"865141";"2025-11-28";"";"Ferragens Santa Rita";"Santuário - UTC";"importacao_excel";"a_pagar";"261,33"
"865142";"2025-11-28";"";"Ferragens Santa Rita";"Santuário - UTC";"importacao_excel";"a_pagar";"317,35"
"865143";"2025-11-28";"";"Ferragens Santa Rita";"Santuário - UTC";"importacao_excel";"a_pagar";"38,63"
"865146";"2025-11-28";"";"Ferragens Santa Rita";"Santuário - UTC";"importacao_excel";"a_pagar";"478,17"
"865147";"2025-11-28";"";"Ferragens Santa Rita";"Santuário - UTC";"importacao_excel";"a_pagar";"9,67"
"865148";"2025-11-28";"";"Ferragens Santa Rita";"Santuário - UTC";"importacao_excel";"a_pagar";"42,00"
"865149";"2025-11-28";"";"Ferragens Santa Rita";"Santuário - UTC";"importacao_excel";"a_pagar";"563,17"
"865150";"2025-11-28";"";"Ferragens Santa Rita";"Santuário - UTC";"importacao_excel";"a_pagar";"55,23"
"865154";"2025-11-28";"";"Ferragens Santa Rita";"Santuário - UTC";"importacao_excel";"a_pagar";"261,33"
"865132";"2025-11-28";"BGS";"ECOBRIX";"Chlorum Solutions - Uberlândia";"importacao_excel";"a_pagar";"6813,40"
"865133";"2025-11-28";"BGS";"ECOBRIX";"Chlorum Solutions - Uberlândia";"importacao_excel";"a_pagar";"1252,10"
"865152";"2025-11-28";"";"Ferragens Santa Rita";"Santuário - UTC";"importacao_excel";"a_pagar";"85,50"
"865153";"2025-11-28";"";"Ferragens Santa Rita";"Santuário - UTC";"importacao_excel";"a_pagar";"28,18"
"865144";"2025-11-28";"Contrato: C4 - Acabamentos gerais - 222 - Medição: 1";"Retenção Técnica - Agostinho";"Chlorum - Palm. PCT.1";"importacao_excel";"a_pagar";"730,23"
"865155";"2025-11-28";"Contrato: C4 - Forro em Gesso e Drywall - 225 - Medição: 2";"Retenção Técnica - Gesso Moreira";"Chlorum - Palm. PCT.1";"importacao_excel";"a_pagar";"800,00"
"865156";"2025-11-28";"Contrato: Instalação de gradil metálico e portões - 140 - Medição: 4";"Retenção Técnica - Metal Rico";"PALES ";"importacao_excel";"a_pagar";"195,00"
"865092";"2025-11-28";"";"Ferragens Santa Rita";"Santuário - UTC";"importacao_excel";"a_pagar";"38,65"
"865145";"2025-11-28";"Contrato: Instalação de canaleta no gradil - 208 - Medição: 1";"Retenção Técnica - Metal Rico";"PALES ";"importacao_excel";"a_pagar";"340,00"
"865093";"2025-11-28";"";"Ferragens Santa Rita";"Santuário - UTC";"importacao_excel";"a_pagar";"317,35"
"865094";"2025-11-28";"";"Ferragens Santa Rita";"Santuário - UTC";"importacao_excel";"a_pagar";"261,35"
"865095";"2025-11-28";"";"Ferragens Santa Rita";"Santuário - UTC";"importacao_excel";"a_pagar";"28,20"
"865096";"2025-11-28";"";"Ferragens Santa Rita";"Santuário - UTC";"importacao_excel";"a_pagar";"85,50"
"865097";"2025-11-28";"";"Ferragens Santa Rita";"Santuário - UTC";"importacao_excel";"a_pagar";"271,17"
"865098";"2025-11-28";"";"Ferragens Santa Rita";"Santuário - UTC";"importacao_excel";"a_pagar";"211,15"
"865099";"2025-11-28";"";"Ferragens Santa Rita";"Santuário - UTC";"importacao_excel";"a_pagar";"55,25"
"865100";"2025-11-28";"";"Ferragens Santa Rita";"Santuário - UTC";"importacao_excel";"a_pagar";"271,15"
"865101";"2025-11-28";"";"Ferragens Santa Rita";"Santuário - UTC";"importacao_excel";"a_pagar";"9,65"
"865102";"2025-11-28";"";"Ferragens Santa Rita";"Santuário - UTC";"importacao_excel";"a_pagar";"478,15"
"865103";"2025-11-28";"";"Eletroguara Materiais Eletricos LTDA";"";"importacao_excel";"a_pagar";"668,55"
"865104";"2025-11-28";"";"Ferragens Santa Rita";"Santuário - UTC";"importacao_excel";"a_pagar";"308,33"
"865105";"2025-11-28";"";"Eletroguara Materiais Eletricos LTDA";"Hotel Qiu 2 - Fase 3";"importacao_excel";"a_pagar";"90,78"
"865106";"2025-11-28";"";"Ferragens Santa Rita";"Santuário - UTC";"importacao_excel";"a_pagar";"38,63"
"865107";"2025-11-28";"";"Eletroguara Materiais Eletricos LTDA";"Hotel Qiu 2 - Fase 3";"importacao_excel";"a_pagar";"90,78"
"865108";"2025-11-28";"";"Eletroguara Materiais Eletricos LTDA";"";"importacao_excel";"a_pagar";"668,56"
"865109";"2025-11-28";"";"Ferragens Santa Rita";"Santuário - UTC";"importacao_excel";"a_pagar";"317,35"
"865110";"2025-11-28";"";"Ferragens Santa Rita";"Santuário - UTC";"importacao_excel";"a_pagar";"261,33"
"865111";"2025-11-28";"";"Ferragens Santa Rita";"Santuário - UTC";"importacao_excel";"a_pagar";"28,18"
"865112";"2025-11-28";"";"Ferragens Santa Rita";"Santuário - UTC";"importacao_excel";"a_pagar";"85,50"
"865113";"2025-11-28";"";"Ferragens Santa Rita";"Santuário - UTC";"importacao_excel";"a_pagar";"211,17"
"865114";"2025-11-28";"";"Ferragens Santa Rita";"Santuário - UTC";"importacao_excel";"a_pagar";"55,23"
"865115";"2025-11-28";"";"Ferragens Santa Rita";"Santuário - UTC";"importacao_excel";"a_pagar";"9,67"
"865116";"2025-11-28";"";"Ferragens Santa Rita";"Santuário - UTC";"importacao_excel";"a_pagar";"271,17"
"865117";"2025-11-28";"";"Ferragens Santa Rita";"Santuário - UTC";"importacao_excel";"a_pagar";"308,33"
"865118";"2025-11-28";"";"Ferragens Santa Rita";"Santuário - UTC";"importacao_excel";"a_pagar";"563,17"
"865119";"2025-11-28";"";"Ferragens Santa Rita";"Santuário - UTC";"importacao_excel";"a_pagar";"42,00"
"865183";"2025-12-01";"";"Ferragens Santa Rita";"Santuário - UTC";"importacao_excel";"a_pagar";"89,33"
"865184";"2025-12-01";"";"Ferragens Santa Rita";"Hotel Qiu 2 - Fase 3";"importacao_excel";"a_pagar";"76,02"
"865185";"2025-12-01";"";"Ferragens Santa Rita";"Santuário - UTC";"importacao_excel";"a_pagar";"294,50"
"865186";"2025-12-01";"";"Ferragens Santa Rita";"Hotel Qiu 2 - Fase 3";"importacao_excel";"a_pagar";"76,02"
"865187";"2025-12-01";"";"Ferragens Santa Rita";"Santuário - UTC";"importacao_excel";"a_pagar";"294,50"
"865188";"2025-12-01";"";"Ferragens Santa Rita";"Santuário - UTC";"importacao_excel";"a_pagar";"28,17"
"865189";"2025-12-01";"";"Ferragens Santa Rita";"Santuário - UTC";"importacao_excel";"a_pagar";"28,17"
"865190";"2025-12-01";"BGS";"ECOBRIX";"Chlorum Solutions - Uberlândia";"importacao_excel";"a_pagar";"1887,65"
"865191";"2025-12-01";"";"Ferragens Santa Rita";"Santuário - UTC";"importacao_excel";"a_pagar";"89,33"
"865192";"2025-12-01";"";"Ferragens Santa Rita";"Santuário - UTC";"importacao_excel";"a_pagar";"294,50"
"865193";"2025-12-01";"";"Ferragens Santa Rita";"Santuário - UTC";"importacao_excel";"a_pagar";"28,17"
"865194";"2025-12-01";"";"Ferragens Santa Rita";"Santuário - UTC";"importacao_excel";"a_pagar";"89,33"
"865195";"2025-12-01";"";"Ferragens Santa Rita";"Santuário - UTC";"importacao_excel";"a_pagar";"294,50"
"865196";"2025-12-01";"";"Ferragens Santa Rita";"Hotel Qiu 2 - Fase 3";"importacao_excel";"a_pagar";"76,02"
"865197";"2025-12-01";"";"Ferragens Santa Rita";"Hotel Qiu 2 - Fase 3";"importacao_excel";"a_pagar";"76,00"
"865198";"2025-12-01";"";"Ferragens Santa Rita";"Santuário - UTC";"importacao_excel";"a_pagar";"294,50"
"865204";"2025-12-01";"";"Ferragens Santa Rita";"Santuário - UTC";"importacao_excel";"a_pagar";"89,33"
"865207";"2025-12-01";"";"Ferragens Santa Rita";"Santuário - UTC";"importacao_excel";"a_pagar";"28,17"
"865209";"2025-12-01";"";"Ferragens Santa Rita";"Hotel Qiu 2 - Fase 3";"importacao_excel";"a_pagar";"76,02"
"865208";"2025-12-01";"";"Ferragens Santa Rita";"Santuário - UTC";"importacao_excel";"a_pagar";"89,33"
"865182";"2025-12-01";"";"SAEG";"";"importacao_excel";"a_pagar";"191,08"
"865205";"2025-12-01";"";"SAEG";"";"importacao_excel";"a_pagar";"144,88"
"865206";"2025-12-01";"CARLOS JERONIMO - AÇÃO CAIO";"Folha de Pagamento";"Chlorum Solutions - Uberlândia";"importacao_excel";"a_pagar";"2000,00"
"865199";"2025-12-01";"";"Ferragens Santa Rita";"Santuário - UTC";"importacao_excel";"a_pagar";"294,50"
"865200";"2025-12-01";"";"Ferragens Santa Rita";"Hotel Qiu 2 - Fase 3";"importacao_excel";"a_pagar";"76,02"
"865201";"2025-12-01";"";"Ferragens Santa Rita";"Santuário - UTC";"importacao_excel";"a_pagar";"28,15"
"865202";"2025-12-01";"";"Ferragens Santa Rita";"Santuário - UTC";"importacao_excel";"a_pagar";"28,17"
"865203";"2025-12-01";"";"Ferragens Santa Rita";"Santuário - UTC";"importacao_excel";"a_pagar";"89,35"
"865247";"2025-12-02";"";"Mercado Livre";"CASA DO PEQUENO";"importacao_excel";"a_pagar";"163,91"
"865230";"2025-12-02";"Contrato: Assentamento de intertravado no estacionamento - 243 - Medição: 1";"Retenção Técnica - Seninha";"CASA DO PEQUENO";"importacao_excel";"a_pagar";"640,00"
"865224";"2025-12-02";"Contrato: Montagem industrial - 143 - Medição: 2";"Retenção Técnica - Jaime - Montqualy";"CASA DO PEQUENO";"importacao_excel";"a_pagar";"2353,70"
"865256";"2025-12-02";"";"Regis Papelaria Presentes";"";"importacao_excel";"a_pagar";"720,34"
"865253";"2025-12-02";"caminhão";"ROSENDO NUNES ROSA";"Santuário - UTC";"importacao_excel";"a_pagar";"3870,00"
"865238";"2025-12-02";"caminhão";"ENIO DE PAULA MENDES";"Santuário - UTC";"importacao_excel";"a_pagar";"1710,00"
"865213";"2025-12-02";"";"Ferragens Santa Rita";"Santuário - UTC";"importacao_excel";"a_pagar";"596,67"
"865212";"2025-12-02";"";"Ferragens Santa Rita";"LUCIANA - FINAL BLOCO B";"importacao_excel";"a_pagar";"358,00"
"865220";"2025-12-02";"caminhão";"ENIO DE PAULA MENDES";"Santuário - UTC";"importacao_excel";"a_pagar";"1710,00"
"865229";"2025-12-02";"caminhão";"ROSENDO NUNES ROSA";"Santuário - UTC";"importacao_excel";"a_pagar";"3870,00"
"865210";"2025-12-02";"";"Ferragens Santa Rita";"CASA DO PEQUENO";"importacao_excel";"a_pagar";"358,00"
"865211";"2025-12-02";"";"Ferragens Santa Rita";"Hotel Qiu 2 - Fase 3";"importacao_excel";"a_pagar";"1193,33"
"865214";"2025-12-02";"";"Ferragens Santa Rita";"Santuário - UTC";"importacao_excel";"a_pagar";"596,67"
"865215";"2025-12-02";"";"Ferragens Santa Rita";"Santuário - UTC";"importacao_excel";"a_pagar";"596,67"
"865216";"2025-12-02";"";"Ferragens Santa Rita";"Santuário - UTC";"importacao_excel";"a_pagar";"596,67"
"865217";"2025-12-02";"";"Ferragens Santa Rita";"CASA DO PEQUENO";"importacao_excel";"a_pagar";"11,05"
"865218";"2025-12-02";"";"Ferragens Santa Rita";"CASA DO PEQUENO";"importacao_excel";"a_pagar";"9,23"
"865219";"2025-12-02";"";"Ferragens Santa Rita";"Hotel Qiu 2 - Fase 3";"importacao_excel";"a_pagar";"1193,33"
"865221";"2025-12-02";"";"Ferragens Santa Rita";"Santuário - UTC";"importacao_excel";"a_pagar";"506,00"
"865222";"2025-12-02";"";"Eletroguara Materiais Eletricos LTDA";"";"importacao_excel";"a_pagar";"392,96"
"865223";"2025-12-02";"";"Ferragens Santa Rita";"Santuário - UTC";"importacao_excel";"a_pagar";"506,00"
"865225";"2025-12-02";"";"Eletroguara Materiais Eletricos LTDA";"";"importacao_excel";"a_pagar";"392,96"
"865226";"2025-12-02";"";"Ferragens Santa Rita";"Santuário - UTC";"importacao_excel";"a_pagar";"506,00"
"865227";"2025-12-02";"";"Ferragens Santa Rita";"CASA DO PEQUENO";"importacao_excel";"a_pagar";"9,25"
"865228";"2025-12-02";"";"Ferragens Santa Rita";"CASA DO PEQUENO";"importacao_excel";"a_pagar";"11,05"
"865231";"2025-12-02";"";"Ferragens Santa Rita";"CASA DO PEQUENO";"importacao_excel";"a_pagar";"9,23"
"865232";"2025-12-02";"";"Ferragens Santa Rita";"CASA DO PEQUENO";"importacao_excel";"a_pagar";"11,05"
"865233";"2025-12-02";"";"Ferragens Santa Rita";"CASA DO PEQUENO";"importacao_excel";"a_pagar";"358,00"
"865234";"2025-12-02";"";"Ferragens Santa Rita";"Santuário - UTC";"importacao_excel";"a_pagar";"596,67"
"865235";"2025-12-02";"";"Ferragens Santa Rita";"Santuário - UTC";"importacao_excel";"a_pagar";"596,67"
"865236";"2025-12-02";"";"Ferragens Santa Rita";"CASA DO PEQUENO";"importacao_excel";"a_pagar";"11,05"
"865237";"2025-12-02";"";"Eletroguara Materiais Eletricos LTDA";"";"importacao_excel";"a_pagar";"392,96"
"865239";"2025-12-02";"";"Ferragens Santa Rita";"Santuário - UTC";"importacao_excel";"a_pagar";"506,00"
"865240";"2025-12-02";"";"Ferragens Santa Rita";"CASA DO PEQUENO";"importacao_excel";"a_pagar";"9,23"
"865241";"2025-12-02";"";"Ferragens Santa Rita";"CASA DO PEQUENO";"importacao_excel";"a_pagar";"9,23"
"865242";"2025-12-02";"";"Ferragens Santa Rita";"CASA DO PEQUENO";"importacao_excel";"a_pagar";"11,05"
"865243";"2025-12-02";"";"Ferragens Santa Rita";"Santuário - UTC";"importacao_excel";"a_pagar";"596,66"
"865244";"2025-12-02";"";"Ferragens Santa Rita";"Santuário - UTC";"importacao_excel";"a_pagar";"506,00"
"865245";"2025-12-02";"";"Ferragens Santa Rita";"LUCIANA - FINAL BLOCO B";"importacao_excel";"a_pagar";"358,00"
"865246";"2025-12-02";"";"Ferragens Santa Rita";"Hotel Qiu 2 - Fase 3";"importacao_excel";"a_pagar";"1193,34"
"865248";"2025-12-02";"";"Ferragens Santa Rita";"CASA DO PEQUENO";"importacao_excel";"a_pagar";"358,00"
"865249";"2025-12-02";"";"Ferragens Santa Rita";"Santuário - UTC";"importacao_excel";"a_pagar";"596,66"
"865250";"2025-12-02";"";"Ferragens Santa Rita";"Santuário - UTC";"importacao_excel";"a_pagar";"596,66"
"865251";"2025-12-02";"";"Ferragens Santa Rita";"CASA DO PEQUENO";"importacao_excel";"a_pagar";"9,23"
"865252";"2025-12-02";"";"Ferragens Santa Rita";"CASA DO PEQUENO";"importacao_excel";"a_pagar";"11,05"
"865254";"2025-12-02";"";"Ferragens Santa Rita";"LUCIANA - FINAL BLOCO B";"importacao_excel";"a_pagar";"358,00"
"865255";"2025-12-02";"";"Ferragens Santa Rita";"Santuário - UTC";"importacao_excel";"a_pagar";"506,00"
"865346";"2025-12-03";"";"Casa Brasil";"Hotel Qiu 2 - Fase 3";"importacao_excel";"a_pagar";"187,75"
"865345";"2025-12-03";"";"Casa Brasil";"Hotel Qiu 2 - Fase 3";"importacao_excel";"a_pagar";"14,45"
"865344";"2025-12-03";"";"Casa Brasil";"Hotel Qiu 2 - Fase 3";"importacao_excel";"a_pagar";"90,25"
"865306";"2025-12-03";"";"Himasa";"";"importacao_excel";"a_pagar";"66,46"
"865307";"2025-12-03";"";"Himasa";"Santuário - UTC";"importacao_excel";"a_pagar";"478,20"
"865308";"2025-12-03";"";"Himasa";"PALES ";"importacao_excel";"a_pagar";"825,27"
"865309";"2025-12-03";"";"Himasa";"Santuário - UTC";"importacao_excel";"a_pagar";"1763,72"
"865310";"2025-12-03";"";"Himasa";"LUCIANA - FINAL BLOCO B";"importacao_excel";"a_pagar";"422,37"
"865311";"2025-12-03";"";"Himasa";"CASA DO PEQUENO";"importacao_excel";"a_pagar";"667,12"
"865312";"2025-12-03";"";"Casa Brasil";"Hotel Qiu 2 - Fase 3";"importacao_excel";"a_pagar";"81,00"
"865313";"2025-12-03";"";"Casa Brasil";"CASA DO PEQUENO";"importacao_excel";"a_pagar";"321,30"
"865314";"2025-12-03";"";"Casa Brasil";"PALES ";"importacao_excel";"a_pagar";"18,77"
"865315";"2025-12-03";"";"Casa Brasil";"CASA DO PEQUENO";"importacao_excel";"a_pagar";"18,80"
"865316";"2025-12-03";"";"Borges Maquinas Ferramentas e Epi's Ltda";"Chlorum - Compressão de cloro";"importacao_excel";"a_pagar";"928,75"
"865317";"2025-12-03";"";"Casa Brasil";"CASA DO PEQUENO";"importacao_excel";"a_pagar";"321,30"
"865318";"2025-12-03";"";"Casa Brasil";"PALES ";"importacao_excel";"a_pagar";"18,77"
"865319";"2025-12-03";"";"Casa Brasil";"Hotel Qiu 2 - Fase 3";"importacao_excel";"a_pagar";"55,39"
"865358";"2025-12-03";"";"Casa Brasil";"Hotel Qiu 2 - Fase 3";"importacao_excel";"a_pagar";"34,00"
"865357";"2025-12-03";"";"Casa Brasil";"CASA DO PEQUENO";"importacao_excel";"a_pagar";"18,80"
"865356";"2025-12-03";"";"Casa Brasil";"CASA DO PEQUENO";"importacao_excel";"a_pagar";"297,00"
"865269";"2025-12-03";"NF149";"Vacoon Saneamento";"PALES ";"importacao_excel";"a_pagar";"2800,00"
"865305";"2025-12-03";"";"Himasa";"CASA DO PEQUENO";"importacao_excel";"a_pagar";"137,00"
"865304";"2025-12-03";"";"Himasa";"CASA DO PEQUENO";"importacao_excel";"a_pagar";"2914,79"
"865303";"2025-12-03";"";"Himasa";"CASA DO PEQUENO";"importacao_excel";"a_pagar";"288,12"
"865302";"2025-12-03";"";"Borges Maquinas Ferramentas e Epi's Ltda";"Chlorum  - Revamp";"importacao_excel";"a_pagar";"516,90"
"865301";"2025-12-03";"";"Casa Brasil";"PALES ";"importacao_excel";"a_pagar";"18,77"
"865300";"2025-12-03";"";"Casa Brasil";"";"importacao_excel";"a_pagar";"10,39"
"865299";"2025-12-03";"";"Casa Brasil";"CASA DO PEQUENO";"importacao_excel";"a_pagar";"5,33"
"865298";"2025-12-03";"";"Casa Brasil";"CASA DO PEQUENO";"importacao_excel";"a_pagar";"297,00"
"865297";"2025-12-03";"";"Casa Brasil";"Hotel Qiu 2 - Fase 3";"importacao_excel";"a_pagar";"1207,13"
"865296";"2025-12-03";"";"Ferragens Santa Rita";"CASA DO PEQUENO";"importacao_excel";"a_pagar";"238,67"
"865295";"2025-12-03";"";"Ferragens Santa Rita";"CASA DO PEQUENO";"importacao_excel";"a_pagar";"358,00"
"865294";"2025-12-03";"";"Borges Maquinas Ferramentas e Epi's Ltda";"Chlorum  - Revamp";"importacao_excel";"a_pagar";"993,93"
"865293";"2025-12-03";"";"Casa Brasil";"PALES ";"importacao_excel";"a_pagar";"17,73"
"865292";"2025-12-03";"";"Casa Brasil";"Hotel Qiu 2 - Fase 3";"importacao_excel";"a_pagar";"22,05"
"865291";"2025-12-03";"";"Casa Brasil";"Hotel Qiu 2 - Fase 3";"importacao_excel";"a_pagar";"55,41"
"865290";"2025-12-03";"";"Casa Brasil";"Hotel Qiu 2 - Fase 3";"importacao_excel";"a_pagar";"34,00"
"865289";"2025-12-03";"";"Casa Brasil";"CASA DO PEQUENO";"importacao_excel";"a_pagar";"236,25"
"865288";"2025-12-03";"";"Casa Brasil";"Hotel Qiu 2 - Fase 3";"importacao_excel";"a_pagar";"90,25"
"865287";"2025-12-03";"";"Casa Brasil";"Hotel Qiu 2 - Fase 3";"importacao_excel";"a_pagar";"39,00"
"865286";"2025-12-03";"";"Casa Brasil";"Hotel Qiu 2 - Fase 3";"importacao_excel";"a_pagar";"14,45"
"865285";"2025-12-03";"";"Casa Brasil";"Hotel Qiu 2 - Fase 3";"importacao_excel";"a_pagar";"187,75"
"865284";"2025-12-03";"";"Casa Brasil";"Hotel Qiu 2 - Fase 3";"importacao_excel";"a_pagar";"44,10"
"865283";"2025-12-03";"";"Casa Brasil";"Hotel Qiu 2 - Fase 3";"importacao_excel";"a_pagar";"68,75"
"865282";"2025-12-03";"";"Himasa";"Santuário - UTC";"importacao_excel";"a_pagar";"1840,45"
"865281";"2025-12-03";"";"Himasa";"CASA DO PEQUENO";"importacao_excel";"a_pagar";"6244,74"
"865280";"2025-12-03";"";"Casa Brasil";"Hotel Qiu 2 - Fase 3";"importacao_excel";"a_pagar";"187,75"
"865279";"2025-12-03";"";"Casa Brasil";"CASA DO PEQUENO";"importacao_excel";"a_pagar";"297,00"
"865278";"2025-12-03";"";"Casa Brasil";"Hotel Qiu 2 - Fase 3";"importacao_excel";"a_pagar";"34,00"
"865277";"2025-12-03";"";"Casa Brasil";"Hotel Qiu 2 - Fase 3";"importacao_excel";"a_pagar";"1207,13"
"865276";"2025-12-03";"";"Casa Brasil";"Hotel Qiu 2 - Fase 3";"importacao_excel";"a_pagar";"55,41"
"865275";"2025-12-03";"";"Borges Maquinas Ferramentas e Epi's Ltda";"Chlorum  - Revamp";"importacao_excel";"a_pagar";"516,90"
"865274";"2025-12-03";"";"Casa Brasil";"Hotel Qiu 2 - Fase 3";"importacao_excel";"a_pagar";"22,05"
"865273";"2025-12-03";"";"Casa Brasil";"PALES ";"importacao_excel";"a_pagar";"17,73"
"865272";"2025-12-03";"";"Borges Maquinas Ferramentas e Epi's Ltda";"Chlorum  - Revamp";"importacao_excel";"a_pagar";"875,67"
"865271";"2025-12-03";"";"Casa Brasil";"Hotel Qiu 2 - Fase 3";"importacao_excel";"a_pagar";"90,25"
"865270";"2025-12-03";"";"Casa Brasil";"Hotel Qiu 2 - Fase 3";"importacao_excel";"a_pagar";"39,00"
"865268";"2025-12-03";"";"Casa Brasil";"Hotel Qiu 2 - Fase 3";"importacao_excel";"a_pagar";"14,45"
"865267";"2025-12-03";"";"Borges Maquinas Ferramentas e Epi's Ltda";"Chlorum  - Revamp";"importacao_excel";"a_pagar";"993,93"
"865266";"2025-12-03";"";"Casa Brasil";"Hotel Qiu 2 - Fase 3";"importacao_excel";"a_pagar";"44,10"
"865265";"2025-12-03";"";"Himasa";"Santuário - UTC";"importacao_excel";"a_pagar";"1296,00"
"865264";"2025-12-03";"";"Casa Brasil";"Hotel Qiu 2 - Fase 3";"importacao_excel";"a_pagar";"68,75"
"865263";"2025-12-03";"";"Casa Brasil";"CASA DO PEQUENO";"importacao_excel";"a_pagar";"236,25"
"865262";"2025-12-03";"";"Casa Brasil";"CASA DO PEQUENO";"importacao_excel";"a_pagar";"297,00"
"865261";"2025-12-03";"";"Casa Brasil";"CASA DO PEQUENO";"importacao_excel";"a_pagar";"5,33"
"865260";"2025-12-03";"";"Casa Brasil";"";"importacao_excel";"a_pagar";"10,39"
"865259";"2025-12-03";"";"Casa Brasil";"CASA DO PEQUENO";"importacao_excel";"a_pagar";"18,80"
"865258";"2025-12-03";"";"Ferragens Santa Rita";"CASA DO PEQUENO";"importacao_excel";"a_pagar";"358,00"
"865257";"2025-12-03";"";"Ferragens Santa Rita";"CASA DO PEQUENO";"importacao_excel";"a_pagar";"238,66"
"865342";"2025-12-03";"";"Casa Brasil";"Hotel Qiu 2 - Fase 3";"importacao_excel";"a_pagar";"39,00"
"865341";"2025-12-03";"";"Casa Brasil";"Hotel Qiu 2 - Fase 3";"importacao_excel";"a_pagar";"22,05"
"865340";"2025-12-03";"";"Casa Brasil";"Hotel Qiu 2 - Fase 3";"importacao_excel";"a_pagar";"81,00"
"865339";"2025-12-03";"";"Casa Brasil";"CASA DO PEQUENO";"importacao_excel";"a_pagar";"321,30"
"865338";"2025-12-03";"";"Casa Brasil";"Hotel Qiu 2 - Fase 3";"importacao_excel";"a_pagar";"39,00"
"865337";"2025-12-03";"";"Casa Brasil";"";"importacao_excel";"a_pagar";"10,41"
"865336";"2025-12-03";"";"Casa Brasil";"CASA DO PEQUENO";"importacao_excel";"a_pagar";"5,31"
"865343";"2025-12-03";"";"Casa Brasil";"PALES ";"importacao_excel";"a_pagar";"17,73"
"865335";"2025-12-03";"";"Casa Brasil";"PALES ";"importacao_excel";"a_pagar";"17,73"
"865334";"2025-12-03";"";"Casa Brasil";"CASA DO PEQUENO";"importacao_excel";"a_pagar";"236,25"
"865333";"2025-12-03";"";"Casa Brasil";"Hotel Qiu 2 - Fase 3";"importacao_excel";"a_pagar";"68,75"
"865332";"2025-12-03";"";"Casa Brasil";"Hotel Qiu 2 - Fase 3";"importacao_excel";"a_pagar";"44,10"
"865331";"2025-12-03";"";"Casa Brasil";"Hotel Qiu 2 - Fase 3";"importacao_excel";"a_pagar";"187,75"
"865330";"2025-12-03";"";"Casa Brasil";"Hotel Qiu 2 - Fase 3";"importacao_excel";"a_pagar";"14,45"
"865329";"2025-12-03";"";"Casa Brasil";"Hotel Qiu 2 - Fase 3";"importacao_excel";"a_pagar";"90,23"
"865328";"2025-12-03";"";"Ferragens Santa Rita";"CASA DO PEQUENO";"importacao_excel";"a_pagar";"358,00"
"865327";"2025-12-03";"";"Casa Brasil";"Hotel Qiu 2 - Fase 3";"importacao_excel";"a_pagar";"34,00"
"865326";"2025-12-03";"";"Casa Brasil";"CASA DO PEQUENO";"importacao_excel";"a_pagar";"18,78"
"865325";"2025-12-03";"";"Casa Brasil";"Hotel Qiu 2 - Fase 3";"importacao_excel";"a_pagar";"1207,11"
"865324";"2025-12-03";"";"Casa Brasil";"PALES ";"importacao_excel";"a_pagar";"18,75"
"865323";"2025-12-03";"";"Casa Brasil";"Hotel Qiu 2 - Fase 3";"importacao_excel";"a_pagar";"22,05"
"865322";"2025-12-03";"";"Borges Maquinas Ferramentas e Epi's Ltda";"Chlorum  - Revamp";"importacao_excel";"a_pagar";"875,67"
"865321";"2025-12-03";"";"Casa Brasil";"Hotel Qiu 2 - Fase 3";"importacao_excel";"a_pagar";"81,00"
"865320";"2025-12-03";"";"Ferragens Santa Rita";"CASA DO PEQUENO";"importacao_excel";"a_pagar";"238,67"
"865355";"2025-12-03";"";"Casa Brasil";"Hotel Qiu 2 - Fase 3";"importacao_excel";"a_pagar";"55,41"
"865354";"2025-12-03";"";"Casa Brasil";"";"importacao_excel";"a_pagar";"10,39"
"865353";"2025-12-03";"";"Casa Brasil";"CASA DO PEQUENO";"importacao_excel";"a_pagar";"5,33"
"865352";"2025-12-03";"";"Casa Brasil";"CASA DO PEQUENO";"importacao_excel";"a_pagar";"236,25"
"865351";"2025-12-03";"";"Casa Brasil";"Hotel Qiu 2 - Fase 3";"importacao_excel";"a_pagar";"1207,13"
"865350";"2025-12-03";"";"Casa Brasil";"Hotel Qiu 2 - Fase 3";"importacao_excel";"a_pagar";"68,75"
"865349";"2025-12-03";"";"Casa Brasil";"Hotel Qiu 2 - Fase 3";"importacao_excel";"a_pagar";"81,00"
"865348";"2025-12-03";"";"Casa Brasil";"Hotel Qiu 2 - Fase 3";"importacao_excel";"a_pagar";"44,10"
"865347";"2025-12-03";"";"Casa Brasil";"CASA DO PEQUENO";"importacao_excel";"a_pagar";"321,30"
"865381";"2025-12-04";"";"Casa Brasil";"Santuário - UTC";"importacao_excel";"a_pagar";"1471,50"
"865365";"2025-12-04";"";"Casa Brasil";"Santuário - UTC";"importacao_excel";"a_pagar";"376,20"
"865366";"2025-12-04";"";"Casa Brasil";"Santuário - UTC";"importacao_excel";"a_pagar";"146,70"
"865367";"2025-12-04";"";"Casa Brasil";"Santuário - UTC";"importacao_excel";"a_pagar";"3672,90"
"865368";"2025-12-04";"";"Casa Brasil";"Santuário - UTC";"importacao_excel";"a_pagar";"122,40"
"865369";"2025-12-04";"";"Mercado Livre";"Hotel Qiu 2 - Fase 3";"importacao_excel";"a_pagar";"119,50"
"865370";"2025-12-04";"";"Casa Brasil";"Santuário - UTC";"importacao_excel";"a_pagar";"432,00"
"865371";"2025-12-04";"";"Casa Brasil";"Hotel Qiu 2 - Fase 3";"importacao_excel";"a_pagar";"135,00"
"865372";"2025-12-04";"";"Casa Brasil";"Hotel Qiu 2 - Fase 3";"importacao_excel";"a_pagar";"135,00"
"865373";"2025-12-04";"";"Casa Brasil";"Santuário - UTC";"importacao_excel";"a_pagar";"342,00"
"865374";"2025-12-04";"";"Casa Brasil";"Santuário - UTC";"importacao_excel";"a_pagar";"72,00"
"865375";"2025-12-04";"";"Casa Brasil";"Santuário - UTC";"importacao_excel";"a_pagar";"293,40"
"865376";"2025-12-04";"";"Casa Brasil";"Santuário - UTC";"importacao_excel";"a_pagar";"182,52"
"865377";"2025-12-04";"";"Casa Brasil";"Santuário - UTC";"importacao_excel";"a_pagar";"792,00"
"865378";"2025-12-04";"";"Casa Brasil";"Santuário - UTC";"importacao_excel";"a_pagar";"144,00"
"865383";"2025-12-04";"";"Casa Brasil";"Santuário - UTC";"importacao_excel";"a_pagar";"413,46"
"865384";"2025-12-04";"";"Casa Brasil";"Santuário - UTC";"importacao_excel";"a_pagar";"2612,70"
"865379";"2025-12-04";"";"Casa Brasil";"Hotel Qiu 2 - Fase 3";"importacao_excel";"a_pagar";"135,00"
"865380";"2025-12-04";"";"Casa Brasil";"Santuário - UTC";"importacao_excel";"a_pagar";"14415,96"
"865382";"2025-12-04";"";"Casa Brasil";"Santuário - UTC";"importacao_excel";"a_pagar";"29,70"
"865359";"2025-12-04";"";"Casa Brasil";"Hotel Qiu 2 - Fase 3";"importacao_excel";"a_pagar";"135,00"
"865360";"2025-12-04";"";"Casa Brasil";"Santuário - UTC";"importacao_excel";"a_pagar";"1485,00"
"865361";"2025-12-04";"";"Casa Brasil";"Santuário - UTC";"importacao_excel";"a_pagar";"716,22"
"865362";"2025-12-04";"";"Casa Brasil";"Santuário - UTC";"importacao_excel";"a_pagar";"199,35"
"865363";"2025-12-04";"";"Casa Brasil";"Santuário - UTC";"importacao_excel";"a_pagar";"453,60"
"865364";"2025-12-04";"";"Casa Brasil";"Santuário - UTC";"importacao_excel";"a_pagar";"88,65"
"865385";"2025-12-05";"Contrato: Instalações hidráulicas, elétricas e PCI - 96 - Medição: 8";"Retenção Técnica - Promatel";"Hotel Qiu 2 - Fase 3";"importacao_excel";"a_pagar";"8479,33"
"865388";"2025-12-05";"Contrato: Instalações hidráulicas, elétricas e PCI - 96 - Medição: 8";"Promatel";"Hotel Qiu 2 - Fase 3";"importacao_excel";"a_pagar";"169586,58"
"865387";"2025-12-05";"LOCAÇÃO DE 2 WC QUIMICOS";"BANXAP-BANHEIROS MÓVEIS LTDA";"Chlorum - Palm. PCT.1";"importacao_excel";"a_pagar";"2600,00"
"865386";"2025-12-05";"VIGAS U  4 X 2,65";"TLO Soluções Vendas de Ferro e Aço";"Santuário - UTC";"importacao_excel";"a_pagar";"4200,00"
"865399";"2025-12-08";"";"J Alves Locação de Andaimes e Equipamentos Ltda";"";"importacao_excel";"a_pagar";"32,29"
"865407";"2025-12-08";"";"J Alves Locação de Andaimes e Equipamentos Ltda";"";"importacao_excel";"a_pagar";"32,29"
"865409";"2025-12-08";"";"J Alves Locação de Andaimes e Equipamentos Ltda";"";"importacao_excel";"a_pagar";"32,29"
"865401";"2025-12-08";"17 m calha corte 43";"JCL Serralheria";"POS OBRA";"importacao_excel";"a_pagar";"112,26"
"865400";"2025-12-08";"";"Ferragens Santa Rita";"CASA DO PEQUENO";"importacao_excel";"a_pagar";"540,00"
"865397";"2025-12-08";"";"Ferragens Santa Rita";"CASA DO PEQUENO";"importacao_excel";"a_pagar";"536,00"
"865396";"2025-12-08";"";"Ferragens Santa Rita";"CASA DO PEQUENO";"importacao_excel";"a_pagar";"675,00"
"865393";"2025-12-08";"";"Ferragens Santa Rita";"CASA DO PEQUENO";"importacao_excel";"a_pagar";"925,00"
"865414";"2025-12-08";"";"Ferragens Santa Rita";"CASA DO PEQUENO";"importacao_excel";"a_pagar";"925,30"
"865413";"2025-12-08";"";"Ferragens Santa Rita";"CASA DO PEQUENO";"importacao_excel";"a_pagar";"35,70"
"865412";"2025-12-08";"";"Ferragens Santa Rita";"CASA DO PEQUENO";"importacao_excel";"a_pagar";"9,40"
"865411";"2025-12-08";"";"Ferragens Santa Rita";"LUCIANA - FINAL BLOCO B";"importacao_excel";"a_pagar";"1400,00"
"865410";"2025-12-08";"";"Ferragens Santa Rita";"CASA DO PEQUENO";"importacao_excel";"a_pagar";"88,90"
"865389";"2025-12-08";"Contrato: Alvenaria reboco e peitoril - 60 - Medição: 8";"Retenção Técnica - RM Ramos";"Hotel Qiu 2 - Fase 3";"importacao_excel";"a_pagar";"980,48"
"865395";"2025-12-08";"Contrato: Acabamentos - 121 - Medição: 5";"Retenção Técnica - RM Ramos";"Hotel Qiu 2 - Fase 3";"importacao_excel";"a_pagar";"1920,63"
"865408";"2025-12-08";"";"Ferragens Santa Rita";"";"importacao_excel";"a_pagar";"15,50"
"865406";"2025-12-08";"17 m calha corte 43";"JCL Serralheria";"POS OBRA";"importacao_excel";"a_pagar";"112,26"
"865405";"2025-12-08";"";"Ferragens Santa Rita";"CASA DO PEQUENO";"importacao_excel";"a_pagar";"564,30"
"865390";"2025-12-08";"";"Ferragens Santa Rita";"CASA DO PEQUENO";"importacao_excel";"a_pagar";"1461,30"
"865391";"2025-12-08";"";"J Alves Locação de Andaimes e Equipamentos Ltda";"";"importacao_excel";"a_pagar";"32,26"
"865392";"2025-12-08";"";"J Alves Locação de Andaimes e Equipamentos Ltda";"";"importacao_excel";"a_pagar";"32,29"
"865394";"2025-12-08";"";"J Alves Locação de Andaimes e Equipamentos Ltda";"";"importacao_excel";"a_pagar";"32,29"
"865404";"2025-12-08";"";"Ferragens Santa Rita";"CASA DO PEQUENO";"importacao_excel";"a_pagar";"4288,00"
"865403";"2025-12-08";"17 m calha corte 43";"JCL Serralheria";"POS OBRA";"importacao_excel";"a_pagar";"112,26"
"865402";"2025-12-08";"";"Ferragens Santa Rita";"CASA DO PEQUENO";"importacao_excel";"a_pagar";"2144,00"
"865398";"2025-12-08";"";"J Alves Locação de Andaimes e Equipamentos Ltda";"";"importacao_excel";"a_pagar";"32,29"
"865454";"2025-12-09";"";"Ferragens Santa Rita";"Santuário - UTC";"importacao_excel";"a_pagar";"211,40"
"865453";"2025-12-09";"";"Ferragens Santa Rita";"Santuário - UTC";"importacao_excel";"a_pagar";"1595,61"
"865452";"2025-12-09";"";"Ferragens Santa Rita";"Santuário - UTC";"importacao_excel";"a_pagar";"1656,39"
"865451";"2025-12-09";"";"Ferragens Santa Rita";"Santuário - UTC";"importacao_excel";"a_pagar";"536,00"
"865450";"2025-12-09";"";"Ferragens Santa Rita";"Santuário - UTC";"importacao_excel";"a_pagar";"536,00"
"865449";"2025-12-09";"";"Ferragens Santa Rita";"Santuário - UTC";"importacao_excel";"a_pagar";"718,00"
"865448";"2025-12-09";"";"Ferragens Santa Rita";"Santuário - UTC";"importacao_excel";"a_pagar";"229,60"
"865447";"2025-12-09";"";"Ferragens Santa Rita";"Hotel Qiu 2 - Fase 3";"importacao_excel";"a_pagar";"536,00"
"865446";"2025-12-09";"";"Ferragens Santa Rita";"Santuário - UTC";"importacao_excel";"a_pagar";"844,60"
"865445";"2025-12-09";"";"Ferragens Santa Rita";"Hotel Qiu 2 - Fase 3";"importacao_excel";"a_pagar";"536,00"
"865444";"2025-12-09";"";"Ferragens Santa Rita";"Hotel Qiu 2 - Fase 3";"importacao_excel";"a_pagar";"409,00"
"865443";"2025-12-09";"";"Ferragens Santa Rita";"Hotel Qiu 2 - Fase 3";"importacao_excel";"a_pagar";"99,90"
"865442";"2025-12-09";"";"Ferragens Santa Rita";"Hotel Qiu 2 - Fase 3";"importacao_excel";"a_pagar";"604,20"
"865441";"2025-12-09";"";"Ferragens Santa Rita";"Hotel Qiu 2 - Fase 3";"importacao_excel";"a_pagar";"536,00"
"865440";"2025-12-09";"";"Ferragens Santa Rita";"Hotel Qiu 2 - Fase 3";"importacao_excel";"a_pagar";"536,00"
"865423";"2025-12-09";"";"Ferragens Santa Rita";"Santuário - UTC";"importacao_excel";"a_pagar";"536,00"
"865435";"2025-12-09";"";"Ferragens Santa Rita";"Santuário - UTC";"importacao_excel";"a_pagar";"536,00"
"865438";"2025-12-09";"";"Ferragens Santa Rita";"Hotel Qiu 2 - Fase 3";"importacao_excel";"a_pagar";"656,50"
"865436";"2025-12-09";"";"Pier Brasil Comércio de Máquinas, Ferramentas e acessórios";"Santuário - UTC";"importacao_excel";"a_pagar";"418,88"
"865433";"2025-12-09";"Contrato: Pingadeiras Metálicas Cobertura - 261 - Medição: 1";"Everaldo Antônio de Carvalho";"Hotel Qiu 2 - Fase 3";"importacao_excel";"a_pagar";"3230,00"
"865430";"2025-12-09";"Contrato: Base para Balança  - 244 - Medição: 1";"Retenção Técnica - Rodrigo de Goiânia";"Bauminas - Base Balança";"importacao_excel";"a_pagar";"750,00"
"865418";"2025-12-09";"";"Ferragens Santa Rita";"CASA DO PEQUENO";"importacao_excel";"a_pagar";"332,90"
"865419";"2025-12-09";"";"Pier Brasil Comércio de Máquinas, Ferramentas e acessórios";"Hotel Qiu 2 - Fase 3";"importacao_excel";"a_pagar";"231,25"
"865420";"2025-12-09";"";"Ferragens Santa Rita";"CASA DO PEQUENO";"importacao_excel";"a_pagar";"227,30"
"865457";"2025-12-09";"";"Ferragens Santa Rita";"Santuário - UTC";"importacao_excel";"a_pagar";"2160,00"
"865462";"2025-12-09";"";"Pier Brasil Comércio de Máquinas, Ferramentas e acessórios";"Hotel Qiu 2 - Fase 3";"importacao_excel";"a_pagar";"1274,20"
"865481";"2025-12-09";"";"Pier Brasil Comércio de Máquinas, Ferramentas e acessórios";"Hotel Qiu 2 - Fase 3";"importacao_excel";"a_pagar";"346,33"
"865482";"2025-12-09";"";"Pier Brasil Comércio de Máquinas, Ferramentas e acessórios";"Santuário - UTC";"importacao_excel";"a_pagar";"297,50"
"865483";"2025-12-09";"";"Pier Brasil Comércio de Máquinas, Ferramentas e acessórios";"Hotel Qiu 2 - Fase 3";"importacao_excel";"a_pagar";"1274,20"
"865484";"2025-12-09";"";"Pier Brasil Comércio de Máquinas, Ferramentas e acessórios";"Hotel Qiu 2 - Fase 3";"importacao_excel";"a_pagar";"231,25"
"865437";"2025-12-09";"";"Ferragens Santa Rita";"Hotel Qiu 2 - Fase 3";"importacao_excel";"a_pagar";"430,00"
"865432";"2025-12-09";"";"Pier Brasil Comércio de Máquinas, Ferramentas e acessórios";"Hotel Qiu 2 - Fase 3";"importacao_excel";"a_pagar";"1274,20"
"865434";"2025-12-09";"";"Ferragens Santa Rita";"CASA DO PEQUENO";"importacao_excel";"a_pagar";"564,30"
"865431";"2025-12-09";"";"Ferragens Santa Rita";"Hotel Qiu 2 - Fase 3";"importacao_excel";"a_pagar";"1890,00"
"865429";"2025-12-09";"";"Ferragens Santa Rita";"CASA DO PEQUENO";"importacao_excel";"a_pagar";"12,60"
"865428";"2025-12-09";"";"Ferragens Santa Rita";"CASA DO PEQUENO";"importacao_excel";"a_pagar";"48,00"
"865427";"2025-12-09";"";"Ferragens Santa Rita";"CASA DO PEQUENO";"importacao_excel";"a_pagar";"87,40"
"865426";"2025-12-09";"";"Pier Brasil Comércio de Máquinas, Ferramentas e acessórios";"Hotel Qiu 2 - Fase 3";"importacao_excel";"a_pagar";"346,33"
"865425";"2025-12-09";"";"Pier Brasil Comércio de Máquinas, Ferramentas e acessórios";"Santuário - UTC";"importacao_excel";"a_pagar";"418,88"
"865424";"2025-12-09";"";"Pier Brasil Comércio de Máquinas, Ferramentas e acessórios";"Santuário - UTC";"importacao_excel";"a_pagar";"297,50"
"865439";"2025-12-09";"";"Ferragens Santa Rita";"Hotel Qiu 2 - Fase 3";"importacao_excel";"a_pagar";"65,80"
"865422";"2025-12-09";"";"Ferragens Santa Rita";"CASA DO PEQUENO";"importacao_excel";"a_pagar";"149,30"
"865421";"2025-12-09";"";"Ferragens Santa Rita";"CASA DO PEQUENO";"importacao_excel";"a_pagar";"178,20"
"865417";"2025-12-09";"";"Ferragens Santa Rita";"CASA DO PEQUENO";"importacao_excel";"a_pagar";"22,80"
"865416";"2025-12-09";"";"Ferragens Santa Rita";"Santuário - UTC";"importacao_excel";"a_pagar";"536,00"
"865415";"2025-12-09";"";"Ferragens Santa Rita";"Santuário - UTC";"importacao_excel";"a_pagar";"1072,00"
"865480";"2025-12-09";"";"Ferragens Santa Rita";"Hotel Qiu 2 - Fase 3";"importacao_excel";"a_pagar";"175,30"
"865479";"2025-12-09";"";"Ferragens Santa Rita";"Hotel Qiu 2 - Fase 3";"importacao_excel";"a_pagar";"81,50"
"865478";"2025-12-09";"";"Ferragens Santa Rita";"Hotel Qiu 2 - Fase 3";"importacao_excel";"a_pagar";"1040,50"
"865477";"2025-12-09";"";"Ferragens Santa Rita";"Hotel Qiu 2 - Fase 3";"importacao_excel";"a_pagar";"67,70"
"865476";"2025-12-09";"";"Ferragens Santa Rita";"Hotel Qiu 2 - Fase 3";"importacao_excel";"a_pagar";"666,60"
"865475";"2025-12-09";"";"Ferragens Santa Rita";"Hotel Qiu 2 - Fase 3";"importacao_excel";"a_pagar";"97,40"
"865474";"2025-12-09";"";"Ferragens Santa Rita";"CASA DO PEQUENO";"importacao_excel";"a_pagar";"2274,30"
"865473";"2025-12-09";"";"Ferragens Santa Rita";"Hotel Qiu 2 - Fase 3";"importacao_excel";"a_pagar";"577,90"
"865472";"2025-12-09";"";"Ferragens Santa Rita";"Hotel Qiu 2 - Fase 3";"importacao_excel";"a_pagar";"1365,60"
"865471";"2025-12-09";"";"Pier Brasil Comércio de Máquinas, Ferramentas e acessórios";"Santuário - UTC";"importacao_excel";"a_pagar";"418,88"
"865470";"2025-12-09";"";"Ferragens Santa Rita";"Hotel Qiu 2 - Fase 3";"importacao_excel";"a_pagar";"434,00"
"865469";"2025-12-09";"";"Ferragens Santa Rita";"Santuário - UTC";"importacao_excel";"a_pagar";"396,00"
"865468";"2025-12-09";"";"Ferragens Santa Rita";"Hotel Qiu 2 - Fase 3";"importacao_excel";"a_pagar";"37,30"
"865467";"2025-12-09";"";"Ferragens Santa Rita";"Santuário - UTC";"importacao_excel";"a_pagar";"126,90"
"865466";"2025-12-09";"";"Ferragens Santa Rita";"Hotel Qiu 2 - Fase 3";"importacao_excel";"a_pagar";"183,00"
"865465";"2025-12-09";"";"Pier Brasil Comércio de Máquinas, Ferramentas e acessórios";"Santuário - UTC";"importacao_excel";"a_pagar";"297,50"
"865464";"2025-12-09";"";"Pier Brasil Comércio de Máquinas, Ferramentas e acessórios";"Hotel Qiu 2 - Fase 3";"importacao_excel";"a_pagar";"346,33"
"865463";"2025-12-09";"";"Ferragens Santa Rita";"Santuário - UTC";"importacao_excel";"a_pagar";"90,50"
"865461";"2025-12-09";"";"Pier Brasil Comércio de Máquinas, Ferramentas e acessórios";"Hotel Qiu 2 - Fase 3";"importacao_excel";"a_pagar";"231,25"
"865460";"2025-12-09";"";"Ferragens Santa Rita";"Hotel Qiu 2 - Fase 3";"importacao_excel";"a_pagar";"536,00"
"865459";"2025-12-09";"";"Ferragens Santa Rita";"Hotel Qiu 2 - Fase 3";"importacao_excel";"a_pagar";"1065,90"
"865458";"2025-12-09";"";"Ferragens Santa Rita";"Hotel Qiu 2 - Fase 3";"importacao_excel";"a_pagar";"51,40"
"865456";"2025-12-09";"";"Ferragens Santa Rita";"Santuário - UTC";"importacao_excel";"a_pagar";"536,00"
"865455";"2025-12-09";"";"Ferragens Santa Rita";"Santuário - UTC";"importacao_excel";"a_pagar";"536,00"
"865513";"2025-12-10";"";"Francisnei (Giló)";"Santuário - UTC";"importacao_excel";"a_pagar";"900,00"
"865520";"2025-12-10";"";"Auto Led Brasil";"IGREJA SANTA RITA";"importacao_excel";"a_pagar";"929,75"
"865518";"2025-12-10";"";"Auto Led Brasil";"IGREJA SANTA RITA";"importacao_excel";"a_pagar";"929,75"
"865512";"2025-12-10";"";"Auto Led Brasil";"IGREJA SANTA RITA";"importacao_excel";"a_pagar";"929,75"
"865504";"2025-12-10";"";"Auto Led Brasil";"IGREJA SANTA RITA";"importacao_excel";"a_pagar";"929,75"
"865501";"2025-12-10";"120 blocos de concreto de 9cm";"Valguara Industria e Comercio de Artefatos de cimento";"Santuário - UTC";"importacao_excel";"a_pagar";"362,40"
"865514";"2025-12-10";"";"Francisnei (Giló)";"Santuário - UTC";"importacao_excel";"a_pagar";"1000,00"
"865511";"2025-12-10";"";"Francisnei (Giló)";"Hotel Qiu 2 - Fase 3";"importacao_excel";"a_pagar";"3200,00"
"865516";"2025-12-10";"";"BANCO SANTANDER S.A";"";"importacao_excel";"a_pagar";"10742,09"
"865492";"2025-12-10";"";"Ferragens Santa Rita";"Hotel Qiu 2 - Fase 3";"importacao_excel";"a_pagar";"32,70"
"865486";"2025-12-10";"";"Ferragens Santa Rita";"CASA DO PEQUENO";"importacao_excel";"a_pagar";"64,60"
"865485";"2025-12-10";"";"Ferragens Santa Rita";"CASA DO PEQUENO";"importacao_excel";"a_pagar";"42,60"
"865494";"2025-12-10";"";"Francisnei (Giló)";"Santuário - UTC";"importacao_excel";"a_pagar";"1000,00"
"865487";"2025-12-10";"Contrato: Marquise e Platibanda ADM - 250 - Medição: 1";"Jaime - Montqualy";"Santuário - UTC";"importacao_excel";"a_pagar";"51850,00"
"865488";"2025-12-10";"Contrato: Guarda-corpo e Corrimãos - 257 - Medição: 1";"Metal Rico";"CASA DO PEQUENO";"importacao_excel";"a_pagar";"2926,00"
"865489";"2025-12-10";"Contrato: Aditivo  - 262 - Medição: 1";"Metal Rico";"PALES ";"importacao_excel";"a_pagar";"1330,00"
"865490";"2025-12-10";"Contrato: Marquise e Platibanda ADM - 250 - Medição: 1";"Retenção Técnica - Jaime - Montqualy";"Santuário - UTC";"importacao_excel";"a_pagar";"2950,00"
"865491";"2025-12-10";"Contrato: Instalação de Estrutura de Viga U - 260 - Medição: 1";"Metal Rico";"Hotel Qiu 2 - Fase 3";"importacao_excel";"a_pagar";"15029,00"
"865493";"2025-12-10";"";"Terra Nova";"CASA DO PEQUENO";"importacao_excel";"a_pagar";"9200,00"
"865495";"2025-12-10";"Contrato: Montagem industrial - 143 - Medição: 3";"Retenção Técnica - Jaime - Montqualy";"CASA DO PEQUENO";"importacao_excel";"a_pagar";"390,50"
"865496";"2025-12-10";"Contrato: Impermerabilização dos Poços dos Elevadores - 218 - Medição: 2";"Retenção Técnica - Solução Impermeabilização";"Hotel Qiu 2 - Fase 3";"importacao_excel";"a_pagar";"125,00"
"865497";"2025-12-10";"Contrato: SPDA - 236 - Medição: 1";"Retenção Técnica - Sanfer";"Santuário - UTC";"importacao_excel";"a_pagar";"1600,00"
"865498";"2025-12-10";"Contrato: Cobertura ADM - 235 - Medição: 1";"Retenção Técnica - Jaime - Montqualy";"Santuário - UTC";"importacao_excel";"a_pagar";"4014,00"
"865499";"2025-12-10";"Contrato: Acabamentos ADM - 234 - Medição: 1";"Retenção Técnica - Agostinho";"Santuário - UTC";"importacao_excel";"a_pagar";"424,13"
"865500";"2025-12-10";"Contrato: Instalação de Estrutura de Viga U - 260 - Medição: 1";"Retenção Técnica - Metal Rico";"Hotel Qiu 2 - Fase 3";"importacao_excel";"a_pagar";"791,00"
"865502";"2025-12-10";"Contrato: Instalações PCI  - 266 - Medição: 1";"Promatel";"Santuário - UTC";"importacao_excel";"a_pagar";"14000,00"
"865503";"2025-12-10";"Contrato: Box Tipos - 255 - Medição: 1";"Retenção Técnica - Versátil Esquadria de Alumínio";"Hotel Qiu 2 - Fase 3";"importacao_excel";"a_pagar";"486,62"
"865505";"2025-12-10";"Contrato: Cobertura ADM - 235 - Medição: 1";"Jaime - Montqualy";"Santuário - UTC";"importacao_excel";"a_pagar";"53642,68"
"865506";"2025-12-10";"Contrato: Pintura Completa Int e Externa - 256 - Medição: 1";"Jaziel - Santana e Azevedo";"Santuário - UTC";"importacao_excel";"a_pagar";"63375,81"
"865507";"2025-12-10";"Contrato: SPDA - 236 - Medição: 1";"Sanfer";"Santuário - UTC";"importacao_excel";"a_pagar";"30400,00"
"865508";"2025-12-10";"Contrato: Armações Piso Ext, ADM e Muro de Arrimo - 248 - Medição: 1";"São José Ferragem Armada";"Santuário - UTC";"importacao_excel";"a_pagar";"48385,21"
"865509";"2025-12-10";"Contrato: Montagem industrial - 143 - Medição: 3";"Jaime - Montqualy";"CASA DO PEQUENO";"importacao_excel";"a_pagar";"7419,50"
"865510";"2025-12-10";"Contrato: Escada Marinheiro e Escadas Internas - 258 - Medição: 1";"Metal Rico";"CASA DO PEQUENO";"importacao_excel";"a_pagar";"6854,25"
"865515";"2025-12-10";"Contrato: Armações Piso Ext, ADM e Muro de Arrimo - 248 - Medição: 1";"Retenção Técnica - São José Ferragem Armada";"Santuário - UTC";"importacao_excel";"a_pagar";"2546,59"
"865517";"2025-12-10";"Contrato: Guarda-corpo e Corrimãos - 257 - Medição: 1";"Retenção Técnica - Metal Rico";"CASA DO PEQUENO";"importacao_excel";"a_pagar";"154,00"
"865519";"2025-12-10";"Contrato: Mezanino - 239 - Medição: 1";"Retenção Técnica - MSE Pinturas";"Hotel Qiu 2 - Fase 3";"importacao_excel";"a_pagar";"672,99"
"865521";"2025-12-10";"Contrato: Escada Marinheiro e Escadas Internas - 258 - Medição: 1";"Retenção Técnica - Metal Rico";"CASA DO PEQUENO";"importacao_excel";"a_pagar";"360,75"
"865551";"2025-12-11";"";"Pier Brasil Comércio de Máquinas, Ferramentas e acessórios";"Hotel Qiu 2 - Fase 3";"importacao_excel";"a_pagar";"73,75"
"865541";"2025-12-11";"";"Tecnoart reparos automotivo";"";"importacao_excel";"a_pagar";"870,90"
"865524";"2025-12-11";"";"Francisnei (Giló)";"Santuário - UTC";"importacao_excel";"a_pagar";"500,00"
"865523";"2025-12-11";"";"Francisnei (Giló)";"Hotel Qiu 2 - Fase 3";"importacao_excel";"a_pagar";"1066,67"
"865522";"2025-12-11";"";"Francisnei (Giló)";"Hotel Qiu 2 - Fase 3";"importacao_excel";"a_pagar";"1066,67"
"865531";"2025-12-11";"Contrato: Esquadrias de aço sob medida - 196 - Medição: 1";"Jaime - Montqualy";"Santuário - UTC";"importacao_excel";"a_pagar";"51300,00"
"865528";"2025-12-11";"";"Auto Led Brasil";"Santuário - UTC";"importacao_excel";"a_pagar";"95,00"
"865529";"2025-12-11";"";"Auto Led Brasil";"";"importacao_excel";"a_pagar";"887,63"
"865530";"2025-12-11";"";"Ferragens Santa Rita";"Santuário - UTC";"importacao_excel";"a_pagar";"596,67"
"865548";"2025-12-11";"";"Francisnei (Giló)";"Santuário - UTC";"importacao_excel";"a_pagar";"600,00"
"865555";"2025-12-11";"";"Francisnei (Giló)";"CASA DO PEQUENO";"importacao_excel";"a_pagar";"733,33"
"865556";"2025-12-11";"";"Francisnei (Giló)";"Hotel Qiu 2 - Fase 3";"importacao_excel";"a_pagar";"1066,67"
"865537";"2025-12-11";"";"Pier Brasil Comércio de Máquinas, Ferramentas e acessórios";"CASA DO PEQUENO";"importacao_excel";"a_pagar";"24,52"
"865566";"2025-12-11";"Contrato: Esquadrias de aço sob medida - 196 - Medição: 1";"Retenção Técnica - Jaime - Montqualy";"Santuário - UTC";"importacao_excel";"a_pagar";"2700,00"
"865560";"2025-12-11";"";"Tecnoart reparos automotivo";"";"importacao_excel";"a_pagar";"870,90"
"865565";"2025-12-11";"";"Tecnoart reparos automotivo";"";"importacao_excel";"a_pagar";"870,90"
"865535";"2025-12-11";"";"Auto Led Brasil";"";"importacao_excel";"a_pagar";"887,63"
"865536";"2025-12-11";"";"Pier Brasil Comércio de Máquinas, Ferramentas e acessórios";"Hotel Qiu 2 - Fase 3";"importacao_excel";"a_pagar";"73,75"
"865538";"2025-12-11";"";"Pier Brasil Comércio de Máquinas, Ferramentas e acessórios";"Santuário - UTC";"importacao_excel";"a_pagar";"174,55"
"865539";"2025-12-11";"1388/1389/1390/1391";"Auto Led Brasil";"";"importacao_excel";"a_pagar";"243,75"
"865540";"2025-12-11";"";"Auto Led Brasil";"Santuário - UTC";"importacao_excel";"a_pagar";"95,00"
"865542";"2025-12-11";"";"Pier Brasil Comércio de Máquinas, Ferramentas e acessórios";"Santuário - UTC";"importacao_excel";"a_pagar";"174,55"
"865564";"2025-12-11";"";"Ferragens Santa Rita";"Santuário - UTC";"importacao_excel";"a_pagar";"596,67"
"865561";"2025-12-11";"";"Pier Brasil Comércio de Máquinas, Ferramentas e acessórios";"Hotel Qiu 2 - Fase 3";"importacao_excel";"a_pagar";"73,75"
"865559";"2025-12-11";"";"Pier Brasil Comércio de Máquinas, Ferramentas e acessórios";"Santuário - UTC";"importacao_excel";"a_pagar";"62,30"
"865558";"2025-12-11";"";"Auto Led Brasil";"Santuário - UTC";"importacao_excel";"a_pagar";"95,00"
"865557";"2025-12-11";"";"Pier Brasil Comércio de Máquinas, Ferramentas e acessórios";"CASA DO PEQUENO";"importacao_excel";"a_pagar";"24,52"
"865563";"2025-12-11";"";"Francisnei (Giló)";"Santuário - UTC";"importacao_excel";"a_pagar";"600,00"
"865562";"2025-12-11";"";"Francisnei (Giló)";"Santuário - UTC";"importacao_excel";"a_pagar";"500,00"
"865543";"2025-12-11";"";"Pier Brasil Comércio de Máquinas, Ferramentas e acessórios";"Santuário - UTC";"importacao_excel";"a_pagar";"62,30"
"865544";"2025-12-11";"";"Auto Led Brasil";"Santuário - UTC";"importacao_excel";"a_pagar";"95,00"
"865545";"2025-12-11";"";"Auto Led Brasil";"";"importacao_excel";"a_pagar";"887,63"
"865546";"2025-12-11";"";"Auto Led Brasil";"";"importacao_excel";"a_pagar";"887,61"
"865547";"2025-12-11";"1388/1389/1390/1391";"Auto Led Brasil";"";"importacao_excel";"a_pagar";"243,75"
"865549";"2025-12-11";"1388/1389/1390/1391";"Auto Led Brasil";"";"importacao_excel";"a_pagar";"243,75"
"865550";"2025-12-11";"";"Pier Brasil Comércio de Máquinas, Ferramentas e acessórios";"Santuário - UTC";"importacao_excel";"a_pagar";"62,30"
"865552";"2025-12-11";"";"Ferragens Santa Rita";"Santuário - UTC";"importacao_excel";"a_pagar";"596,66"
"865553";"2025-12-11";"";"Pier Brasil Comércio de Máquinas, Ferramentas e acessórios";"Santuário - UTC";"importacao_excel";"a_pagar";"174,55"
"865554";"2025-12-11";"";"Pier Brasil Comércio de Máquinas, Ferramentas e acessórios";"CASA DO PEQUENO";"importacao_excel";"a_pagar";"24,52"
"865527";"2025-12-11";"1388/1389/1390/1391";"Auto Led Brasil";"";"importacao_excel";"a_pagar";"243,75"
"865534";"2025-12-11";"";"Francisnei (Giló)";"CASA DO PEQUENO";"importacao_excel";"a_pagar";"733,33"
"865533";"2025-12-11";"";"Francisnei (Giló)";"Santuário - UTC";"importacao_excel";"a_pagar";"500,00"
"865532";"2025-12-11";"";"Unamix";"Hotel Qiu 2 - Fase 3";"importacao_excel";"a_pagar";"939,44"
"865526";"2025-12-11";"";"Francisnei (Giló)";"Santuário - UTC";"importacao_excel";"a_pagar";"600,00"
"865525";"2025-12-11";"";"Francisnei (Giló)";"CASA DO PEQUENO";"importacao_excel";"a_pagar";"733,33"
"865572";"2025-12-12";"tubo corrugado 150mm";"Coimbra";"Santuário - UTC";"importacao_excel";"a_pagar";"1560,00"
"865575";"2025-12-12";"tubo corrugado 150mm";"Coimbra";"Santuário - UTC";"importacao_excel";"a_pagar";"1560,00"
"865571";"2025-12-12";"Contrato: Instalação de Portas - 182 - Medição: 3";"Retenção Técnica - Carlos Roberto S Martins";"Hotel Qiu 2 - Fase 3";"importacao_excel";"a_pagar";"161,50"
"865574";"2025-12-12";"Contrato: Fabricação e instalação de escada guarda corpo - 199 - Medição: 2";"Retenção Técnica - Helpcad";"Hotel Qiu 2 - Fase 3";"importacao_excel";"a_pagar";"1600,00"
"865573";"2025-12-12";"Contrato: Vigas e alças de ancoragem p/ poços de elevador - 198 - Medição: 2";"Retenção Técnica - Metal Rico";"Hotel Qiu 2 - Fase 3";"importacao_excel";"a_pagar";"205,50"
"865569";"2025-12-12";"tubo corrugado 150mm";"Coimbra";"Santuário - UTC";"importacao_excel";"a_pagar";"1560,00"
"865567";"2025-12-12";"Contrato: Vigas e alças de ancoragem p/ poços de elevador - 198 - Medição: 2";"Metal Rico";"Hotel Qiu 2 - Fase 3";"importacao_excel";"a_pagar";"3904,50"
"865576";"2025-12-12";"tubo corrugado 150mm";"Coimbra";"Santuário - UTC";"importacao_excel";"a_pagar";"1560,00"
"865570";"2025-12-12";"tubo corrugado 150mm";"Coimbra";"Santuário - UTC";"importacao_excel";"a_pagar";"1560,00"
"865568";"2025-12-12";"tubo corrugado 150mm";"Coimbra";"Santuário - UTC";"importacao_excel";"a_pagar";"1560,00"
"865577";"2025-12-15";"";"Decolar Marmoraria";"Hotel Qiu 2 - Fase 3";"importacao_excel";"a_pagar";"29250,00"
"865584";"2025-12-15";"Contrato: Instalação de Grade de Acesso dos Colaboradores - 269 - Medição: 1";"Metal Rico";"PALES ";"importacao_excel";"a_pagar";"3230,00"
"865587";"2025-12-15";"Contrato: Instalação de Grade de Acesso dos Colaboradores - 269 - Medição: 1";"Retenção Técnica - Metal Rico";"PALES ";"importacao_excel";"a_pagar";"170,00"
"865579";"2025-12-15";"";"Propel Atacadão";"";"importacao_excel";"a_pagar";"87,93"
"865580";"2025-12-15";"";"Decolar Marmoraria";"Hotel Qiu 2 - Fase 3";"importacao_excel";"a_pagar";"29250,00"
"865581";"2025-12-15";"";"Propel Atacadão";"";"importacao_excel";"a_pagar";"87,93"
"865582";"2025-12-15";"";"Propel Atacadão";"";"importacao_excel";"a_pagar";"87,94"
"865583";"2025-12-15";"";"Decolar Marmoraria";"Hotel Qiu 2 - Fase 3";"importacao_excel";"a_pagar";"29250,00"
"865585";"2025-12-15";"";"Decolar Marmoraria";"Hotel Qiu 2 - Fase 3";"importacao_excel";"a_pagar";"29250,00"
"865586";"2025-12-15";"";"Rafael Goes";"Chlorum - Compressão de cloro";"importacao_excel";"a_pagar";"83,96"
"865578";"2025-12-15";"";"SETREIMAX TREINAMENTOS";"Hotel Qiu 2 - Fase 3";"importacao_excel";"a_pagar";"2100,00"
"865599";"2025-12-16";"";"Seculum";"CASA DO PEQUENO";"importacao_excel";"a_pagar";"182,55"
"865590";"2025-12-16";"";"Alluck";"Hotel Qiu 2 - Fase 3";"importacao_excel";"a_pagar";"60000,00"
"865591";"2025-12-16";"Contrato: C4 - Pintura Interna - 227 - Medição: 3";"Retenção Técnica - DA Project Pintura";"Chlorum - Palm. PCT.1";"importacao_excel";"a_pagar";"420,00"
"865593";"2025-12-16";"Contrato: C4 - Pintura Interna - 227 - Medição: 3";"DA Project Pintura";"Chlorum - Palm. PCT.1";"importacao_excel";"a_pagar";"7980,00"
"865595";"2025-12-16";"";"Alluck";"Hotel Qiu 2 - Fase 3";"importacao_excel";"a_pagar";"30000,00"
"865594";"2025-12-16";"";"Seculum";"Hotel Qiu 2 - Fase 3";"importacao_excel";"a_pagar";"409,87"
"865592";"2025-12-16";"LOcação de equipamento -sapo";"Antoneli Locações Eirelli -EPP";"Bauminas - Base Balança";"importacao_excel";"a_pagar";"1230,00"
"865589";"2025-12-16";"";"Piraju Equipamentos";"Chlorum  - Revamp";"importacao_excel";"a_pagar";"700,00"
"865588";"2025-12-16";"";"Casa do Construtor Igarassu";"Chlorum  - Revamp";"importacao_excel";"a_pagar";"120,00"
"865596";"2025-12-16";"";"Seculum";"Hotel Qiu 2 - Fase 3";"importacao_excel";"a_pagar";"409,87"
"865597";"2025-12-16";"";"Casa do Construtor Igarassu";"Chlorum  - Revamp";"importacao_excel";"a_pagar";"170,00"
"865598";"2025-12-16";"";"Seculum";"Hotel Qiu 2 - Fase 3";"importacao_excel";"a_pagar";"379,47"
"865600";"2025-12-16";"";"Carvalho e Suassuna Ltda";"CHLORUM PE - PLANTA NOVA";"importacao_excel";"a_pagar";"16833,80"
"865601";"2025-12-16";"";"Bruno Rafael Rabelo Barboza";"CHLORUM PE - PLANTA NOVA";"importacao_excel";"a_pagar";"532,76"
"865602";"2025-12-17";"72 M DE CALHA CORTE 30-BRANCA";"JCL Serralheria";"";"importacao_excel";"a_pagar";"470,04"
"865603";"2025-12-17";"72 M DE CALHA CORTE 30-BRANCA";"JCL Serralheria";"";"importacao_excel";"a_pagar";"470,05"
"865604";"2025-12-17";"72 M DE CALHA CORTE 30-BRANCA";"JCL Serralheria";"";"importacao_excel";"a_pagar";"470,04"
"571913";"2025-12-17";"OS #8351 — Substituição de caixa de direção.";"OS #8351 — Substituição de caixa de direção.";"";"frota_manutencao";"a_pagar";"4060,00"
"865610";"2025-12-18";"";"Ferragens Santa Rita";"Santuário - UTC";"importacao_excel";"a_pagar";"358,00"
"865611";"2025-12-18";"";"Ferragens Santa Rita";"Santuário - UTC";"importacao_excel";"a_pagar";"358,00"
"865612";"2025-12-18";"";"Ferragens Santa Rita";"LUCIANA - FINAL BLOCO B";"importacao_excel";"a_pagar";"358,00"
"865613";"2025-12-18";"";"Ferragens Santa Rita";"LUCIANA - FINAL BLOCO B";"importacao_excel";"a_pagar";"358,00"
"865606";"2025-12-18";"";"Ferragens Santa Rita";"Santuário - UTC";"importacao_excel";"a_pagar";"358,00"
"865605";"2025-12-18";"";"Ferragens Santa Rita";"LUCIANA - FINAL BLOCO B";"importacao_excel";"a_pagar";"238,67"
"865607";"2025-12-18";"";"Ferragens Santa Rita";"LUCIANA - FINAL BLOCO B";"importacao_excel";"a_pagar";"358,00"
"865608";"2025-12-18";"";"Ferragens Santa Rita";"LUCIANA - FINAL BLOCO B";"importacao_excel";"a_pagar";"238,67"
"865609";"2025-12-18";"";"Ferragens Santa Rita";"LUCIANA - FINAL BLOCO B";"importacao_excel";"a_pagar";"238,66"
"865632";"2025-12-19";"";"Propel Atacadão";"CASA DO PEQUENO";"importacao_excel";"a_pagar";"4,32"
"865631";"2025-12-19";"";"Propel Atacadão";"Hotel Qiu 2 - Fase 3";"importacao_excel";"a_pagar";"247,04"
"865630";"2025-12-19";"";"Ferragens Santa Rita";"PALES ";"importacao_excel";"a_pagar";"119,33"
"865629";"2025-12-19";"";"Zezinho Materiais";"CASA DO PEQUENO";"importacao_excel";"a_pagar";"62,54"
"865628";"2025-12-19";"";"Zezinho Materiais";"Santuário - UTC";"importacao_excel";"a_pagar";"410,80"
"865627";"2025-12-19";"";"Ferragens Santa Rita";"Hotel Qiu 2 - Fase 3";"importacao_excel";"a_pagar";"1193,34"
"865626";"2025-12-19";"";"Ferragens Santa Rita";"CASA DO PEQUENO";"importacao_excel";"a_pagar";"358,00"
"865625";"2025-12-19";"";"Ferragens Santa Rita";"Hotel Qiu 2 - Fase 3";"importacao_excel";"a_pagar";"596,66"
"865624";"2025-12-19";"";"Ferragens Santa Rita";"CASA DO PEQUENO";"importacao_excel";"a_pagar";"179,00"
"865623";"2025-12-19";"";"Ferragens Santa Rita";"Santuário - UTC";"importacao_excel";"a_pagar";"596,66"
"865622";"2025-12-19";"";"Ferragens Santa Rita";"CASA DO PEQUENO";"importacao_excel";"a_pagar";"119,34"
"865620";"2025-12-19";"";"Zezinho Materiais";"Santuário - UTC";"importacao_excel";"a_pagar";"410,80"
"865619";"2025-12-19";"";"Ferragens Santa Rita";"Hotel Qiu 2 - Fase 3";"importacao_excel";"a_pagar";"954,66"
"865618";"2025-12-19";"";"Ferragens Santa Rita";"CASA DO PEQUENO";"importacao_excel";"a_pagar";"119,33"
"865617";"2025-12-19";"";"Zezinho Materiais";"Santuário - UTC";"importacao_excel";"a_pagar";"97,04"
"865616";"2025-12-19";"";"Zezinho Materiais";"Santuário - UTC";"importacao_excel";"a_pagar";"297,68"
"865693";"2025-12-19";"";"Propel Atacadão";"CASA DO PEQUENO";"importacao_excel";"a_pagar";"147,27"
"865694";"2025-12-19";"";"Propel Atacadão";"CASA DO PEQUENO";"importacao_excel";"a_pagar";"53,32"
"865695";"2025-12-19";"";"Propel Atacadão";"Hotel Qiu 2 - Fase 3";"importacao_excel";"a_pagar";"224,27"
"865659";"2025-12-19";"Contrato: Instalação de Portas - 247 - Medição: 1";"Retenção Técnica - Junior Marceneiro";"Hotel Qiu 2 - Fase 3";"importacao_excel";"a_pagar";"146,00"
"865654";"2025-12-19";"Contrato: C4 - Instalação de Equipamentos - 223 - Medição: 3";"Retenção Técnica - Rei do Ar Condicionado";"Chlorum - Palm. PCT.1";"importacao_excel";"a_pagar";"750,00"
"865649";"2025-12-19";"";"Ferragens Santa Rita";"Hotel Qiu 2 - Fase 3";"importacao_excel";"a_pagar";"596,67"
"865688";"2025-12-19";"";"Propel Atacadão";"CASA DO PEQUENO";"importacao_excel";"a_pagar";"4,33"
"865691";"2025-12-19";"";"Propel Atacadão";"CASA DO PEQUENO";"importacao_excel";"a_pagar";"147,26"
"865692";"2025-12-19";"";"Propel Atacadão";"Hotel Qiu 2 - Fase 3";"importacao_excel";"a_pagar";"521,48"
"865614";"2025-12-19";"";"Zezinho Materiais";"Santuário - UTC";"importacao_excel";"a_pagar";"38,04"
"865641";"2025-12-19";"";"Propel Atacadão";"PALES ";"importacao_excel";"a_pagar";"9,33"
"865640";"2025-12-19";"";"Ferragens Santa Rita";"Hotel Qiu 2 - Fase 3";"importacao_excel";"a_pagar";"1193,33"
"865639";"2025-12-19";"";"Propel Atacadão";"LUCIANA - FINAL BLOCO B";"importacao_excel";"a_pagar";"23,33"
"865638";"2025-12-19";"";"Ferragens Santa Rita";"Hotel Qiu 2 - Fase 3";"importacao_excel";"a_pagar";"954,67"
"865637";"2025-12-19";"";"Zezinho Materiais";"Santuário - UTC";"importacao_excel";"a_pagar";"56,00"
"865635";"2025-12-19";"";"Propel Atacadão";"LUCIANA - FINAL BLOCO B";"importacao_excel";"a_pagar";"23,32"
"865634";"2025-12-19";"";"Propel Atacadão";"CASA DO PEQUENO";"importacao_excel";"a_pagar";"40,00"
"865633";"2025-12-19";"";"Propel Atacadão";"CASA DO PEQUENO";"importacao_excel";"a_pagar";"37,66"
"865664";"2025-12-19";"";"Ferragens Santa Rita";"CASA DO PEQUENO";"importacao_excel";"a_pagar";"358,00"
"865663";"2025-12-19";"";"Zezinho Materiais";"CASA DO PEQUENO";"importacao_excel";"a_pagar";"62,53"
"865662";"2025-12-19";"";"Zezinho Materiais";"CASA DO PEQUENO";"importacao_excel";"a_pagar";"62,53"
"865661";"2025-12-19";"";"Zezinho Materiais";"Santuário - UTC";"importacao_excel";"a_pagar";"56,00"
"865660";"2025-12-19";"";"Zezinho Materiais";"CASA DO PEQUENO";"importacao_excel";"a_pagar";"62,53"
"865658";"2025-12-19";"";"Zezinho Materiais";"Santuário - UTC";"importacao_excel";"a_pagar";"56,00"
"865657";"2025-12-19";"";"Valguara Industria e Comercio de Artefatos de cimento";"Hotel Qiu 2 - Fase 3";"importacao_excel";"a_pagar";"9512,00"
"865655";"2025-12-19";"";"Zezinho Materiais";"Santuário - UTC";"importacao_excel";"a_pagar";"410,80"
"865653";"2025-12-19";"";"Zezinho Materiais";"Santuário - UTC";"importacao_excel";"a_pagar";"38,03"
"865652";"2025-12-19";"";"Ferragens Santa Rita";"CASA DO PEQUENO";"importacao_excel";"a_pagar";"179,00"
"865651";"2025-12-19";"";"Zezinho Materiais";"CASA DO PEQUENO";"importacao_excel";"a_pagar";"62,53"
"865650";"2025-12-19";"";"Zezinho Materiais";"Santuário - UTC";"importacao_excel";"a_pagar";"297,68"
"865687";"2025-12-19";"";"Propel Atacadão";"CASA DO PEQUENO";"importacao_excel";"a_pagar";"37,66"
"865648";"2025-12-19";"";"Propel Atacadão";"LUCIANA - FINAL BLOCO B";"importacao_excel";"a_pagar";"23,33"
"865647";"2025-12-19";"";"Ferragens Santa Rita";"Santuário - UTC";"importacao_excel";"a_pagar";"596,67"
"865646";"2025-12-19";"";"Propel Atacadão";"PALES ";"importacao_excel";"a_pagar";"9,33"
"865645";"2025-12-19";"";"Propel Atacadão";"CASA DO PEQUENO";"importacao_excel";"a_pagar";"40,00"
"865644";"2025-12-19";"";"Valguara Industria e Comercio de Artefatos de cimento";"Hotel Qiu 2 - Fase 3";"importacao_excel";"a_pagar";"9512,00"
"865643";"2025-12-19";"";"Valguara Industria e Comercio de Artefatos de cimento";"Hotel Qiu 2 - Fase 3";"importacao_excel";"a_pagar";"4756,00"
"865615";"2025-12-19";"";"Zezinho Materiais";"CASA DO PEQUENO";"importacao_excel";"a_pagar";"62,54"
"865698";"2025-12-19";"";"Propel Atacadão";"CASA DO PEQUENO";"importacao_excel";"a_pagar";"49,98"
"865699";"2025-12-19";"";"Propel Atacadão";"Hotel Qiu 2 - Fase 3";"importacao_excel";"a_pagar";"224,28"
"865690";"2025-12-19";"Contrato: C4 - Instalação de Equipamentos - 223 - Medição: 3";"Rei do Ar Condicionado";"Chlorum - Palm. PCT.1";"importacao_excel";"a_pagar";"14250,00"
"865682";"2025-12-19";"";"Ferragens Santa Rita";"Santuário - UTC";"importacao_excel";"a_pagar";"596,67"
"865683";"2025-12-19";"";"Ferragens Santa Rita";"Hotel Qiu 2 - Fase 3";"importacao_excel";"a_pagar";"596,67"
"865684";"2025-12-19";"";"Propel Atacadão";"Hotel Qiu 2 - Fase 3";"importacao_excel";"a_pagar";"521,48"
"865685";"2025-12-19";"";"Propel Atacadão";"CASA DO PEQUENO";"importacao_excel";"a_pagar";"147,27"
"865686";"2025-12-19";"";"Propel Atacadão";"CASA DO PEQUENO";"importacao_excel";"a_pagar";"53,32"
"865697";"2025-12-19";"";"Propel Atacadão";"Hotel Qiu 2 - Fase 3";"importacao_excel";"a_pagar";"247,03"
"865621";"2025-12-19";"";"Ferragens Santa Rita";"PALES ";"importacao_excel";"a_pagar";"119,34"
"865642";"2025-12-19";"";"Casa do Construtor Igarassu";"Chlorum  - Revamp";"importacao_excel";"a_pagar";"895,00"
"865636";"2025-12-19";"";"Propel Atacadão";"PALES ";"importacao_excel";"a_pagar";"9,32"
"865656";"2025-12-19";"";"Zezinho Materiais";"Santuário - UTC";"importacao_excel";"a_pagar";"297,68"
"865689";"2025-12-19";"";"Casa do Construtor Igarassu";"Chlorum  - Revamp";"importacao_excel";"a_pagar";"1529,79"
"865676";"2025-12-19";"";"Ferragens Santa Rita";"CASA DO PEQUENO";"importacao_excel";"a_pagar";"179,00"
"865696";"2025-12-19";"";"Propel Atacadão";"CASA DO PEQUENO";"importacao_excel";"a_pagar";"49,98"
"865681";"2025-12-19";"";"Ferragens Santa Rita";"CASA DO PEQUENO";"importacao_excel";"a_pagar";"119,33"
"865680";"2025-12-19";"";"Ferragens Santa Rita";"PALES ";"importacao_excel";"a_pagar";"119,33"
"865679";"2025-12-19";"";"Ferragens Santa Rita";"Hotel Qiu 2 - Fase 3";"importacao_excel";"a_pagar";"954,67"
"865678";"2025-12-19";"";"Zezinho Materiais";"Santuário - UTC";"importacao_excel";"a_pagar";"97,03"
"865677";"2025-12-19";"";"Zezinho Materiais";"Santuário - UTC";"importacao_excel";"a_pagar";"97,03"
"865675";"2025-12-19";"";"Propel Atacadão";"CASA DO PEQUENO";"importacao_excel";"a_pagar";"49,98"
"865674";"2025-12-19";"";"Propel Atacadão";"Hotel Qiu 2 - Fase 3";"importacao_excel";"a_pagar";"224,27"
"865673";"2025-12-19";"";"Propel Atacadão";"CASA DO PEQUENO";"importacao_excel";"a_pagar";"53,32"
"865672";"2025-12-19";"";"Propel Atacadão";"Hotel Qiu 2 - Fase 3";"importacao_excel";"a_pagar";"521,48"
"865671";"2025-12-19";"";"Propel Atacadão";"Hotel Qiu 2 - Fase 3";"importacao_excel";"a_pagar";"247,03"
"865670";"2025-12-19";"";"Propel Atacadão";"CASA DO PEQUENO";"importacao_excel";"a_pagar";"4,33"
"865669";"2025-12-19";"";"Propel Atacadão";"CASA DO PEQUENO";"importacao_excel";"a_pagar";"37,66"
"865668";"2025-12-19";"";"Propel Atacadão";"CASA DO PEQUENO";"importacao_excel";"a_pagar";"40,00"
"865667";"2025-12-19";"";"Ferragens Santa Rita";"CASA DO PEQUENO";"importacao_excel";"a_pagar";"358,00"
"865666";"2025-12-19";"";"Ferragens Santa Rita";"Hotel Qiu 2 - Fase 3";"importacao_excel";"a_pagar";"1193,33"
"865665";"2025-12-19";"";"Zezinho Materiais";"Santuário - UTC";"importacao_excel";"a_pagar";"38,03"
"865713";"2025-12-22";"";"Valguara Industria e Comercio de Artefatos de cimento";"Hotel Qiu 2 - Fase 3";"importacao_excel";"a_pagar";"4756,00"
"865702";"2025-12-22";"";"Gaucho Parafusos e Ferramentas Sandra Maria Damasceno Chagas";"CHLORUM PE - PLANTA NOVA";"importacao_excel";"a_pagar";"575,78"
"865706";"2025-12-22";"";"Gaucho Parafusos e Ferramentas Sandra Maria Damasceno Chagas";"CHLORUM PE - PLANTA NOVA";"importacao_excel";"a_pagar";"770,00"
"865707";"2025-12-22";"CAÇAMBA DE ENTULHO";"Padroeira Entulho Caçambas Aparecida";"";"importacao_excel";"a_pagar";"250,00"
"865708";"2025-12-22";"10 ESCORAS DE EUCALIPTO";"Madeireira Mantiqueira";"Santuário - UTC";"importacao_excel";"a_pagar";"226,80"
"865710";"2025-12-22";"24 escoras eucaliptos  6m";"Madeireira Mantiqueira";"Santuário - UTC";"importacao_excel";"a_pagar";"544,32"
"865711";"2025-12-22";"peças para Retro Escavadeira Nova";"Seven Brasil Promoção de Vendas Ltda";"LOCNOW";"importacao_excel";"a_pagar";"3885,57"
"865700";"2025-12-22";"";"Francisnei (Giló)";"Hotel Qiu 2 - Fase 3";"importacao_excel";"a_pagar";"200,00"
"865703";"2025-12-22";"";"Francisnei (Giló)";"Santuário - UTC";"importacao_excel";"a_pagar";"800,00"
"865705";"2025-12-22";"";"Francisnei (Giló)";"CASA DO PEQUENO";"importacao_excel";"a_pagar";"800,00"
"865709";"2025-12-22";"";"Francisnei (Giló)";"Santuário - UTC";"importacao_excel";"a_pagar";"1800,00"
"865714";"2025-12-22";"";"Casa do Construtor Igarassu";"Chlorum  - Revamp";"importacao_excel";"a_pagar";"970,00"
"865712";"2025-12-22";"formas de madeira";"Madeireira Mantiqueira";"Santuário - UTC";"importacao_excel";"a_pagar";"1218,00"
"865716";"2025-12-22";"";"Container Ecovale";"Hotel Qiu 2 - Fase 3";"importacao_excel";"a_pagar";"600,00"
"865715";"2025-12-22";"concretagem";"Solo Novo";"Chlorum Solutions - Uberlândia";"importacao_excel";"a_pagar";"9500,00"
"865718";"2025-12-23";"Locação de equipamentos";"Loc Easy Locação de Equipamentos";"Chlorum Solutions - Uberlândia";"importacao_excel";"a_pagar";"1610,00"
"865720";"2025-12-23";"Locação de equipamentos: esmerilhadeiras e marteletes";"Antoneli Locações Eirelli -EPP";"Chlorum Solutions - Uberlândia";"importacao_excel";"a_pagar";"1000,00"
"865721";"2025-12-23";"Mobilização e desmobilização de equipamentos para obra";"Antoneli Locações Eirelli -EPP";"Chlorum Solutions - Uberlândia";"importacao_excel";"a_pagar";"80,00"
"865719";"2025-12-23";"materiais diversos";"Alessandro Ferreira da Silva ME";"Chlorum Solutions - Uberlândia";"importacao_excel";"a_pagar";"4923,95"
"865723";"2025-12-25";"Contrato: Acabamentos - 121 - Medição: 6";"RM Ramos";"Hotel Qiu 2 - Fase 3";"importacao_excel";"a_pagar";"16827,23"
"865722";"2025-12-25";"Contrato: Acabamentos - 121 - Medição: 6";"Retenção Técnica - RM Ramos";"Hotel Qiu 2 - Fase 3";"importacao_excel";"a_pagar";"885,64"
"865727";"2025-12-29";"Contrato: Instalação de Equipamentos de Ar - 284 - Medição: 1";"Guara Ar";"Santuário - UTC";"importacao_excel";"a_pagar";"4150,00"
"865726";"2025-12-29";"Contrato: C4 - Piso Elevado - 268 - Medição: 1";"Retenção Técnica - Montec Montagem e Manutenção Industrial";"Chlorum - Palm. PCT.1";"importacao_excel";"a_pagar";"950,00"
"865724";"2025-12-29";"Contrato: Ajuste de Pluviais - 267 - Medição: 1";"Retenção Técnica - Melo Encanamento Predial";"Santuário - UTC";"importacao_excel";"a_pagar";"175,00"
"865725";"2025-12-29";"Contrato: Acabamentos ADM - 233 - Medição: 1";"Jerryaliton Augusto Bezerra";"Santuário - UTC";"importacao_excel";"a_pagar";"424,13"
"865728";"2025-12-30";"Contrato: Pintura Completa Int e Externa - 256 - Medição: 2";"Jaziel - Santana e Azevedo";"Santuário - UTC";"importacao_excel";"a_pagar";"46663,60"
"865729";"2025-12-31";"Contrato: Instalação de gradil metálico e portões - 140 - Medição: 3";"Retenção Técnica - Metal Rico";"PALES ";"importacao_excel";"a_pagar";"409,50"
"865730";"2025-12-31";"Contrato: Revestimentos - 160 - Medição: 3";"Retenção Técnica - Ferreira Ceramica e Porcelanato";"Hotel Qiu 2 - Fase 3";"importacao_excel";"a_pagar";"925,92"