codigo_interno,nome,unidade,quantidade_atual,tipo_controle,categoria,empresa
MAT-0001,Desmoldante para Concreto Revestido Vedacit,L,1.000,estoque,material,CF HOTELARIA LTDA
MAT-0002,Parafusadeira/Furadeira de Impacto a Bateria Brushless INGCO 20V,un,1.000,estoque,material,CF HOTELARIA LTDA
MAT-0001,Carrinho de Mão,un,10.000,estoque,material,FC ENGENHARIA E CONSTRUCAO LTDA
MAT-0002,SERRA COPO DIAMANTE 25MM,un,1.000,estoque,material,FC ENGENHARIA E CONSTRUCAO LTDA
MAT-0003,PC CIMENTO CIMENTO CP3,sc,80.000,estoque,material,FC ENGENHARIA E CONSTRUCAO LTDA
MAT-0004,KIT BACIA PISO ACOPLAD MONOCRÔ RAVENA-BR/MONOCROMATICA RAVENA-BRANCO NT BACIA PISO ACOPLAD MONOCRO RAVENA-BR,pç,121.000,estoque,material,FC ENGENHARIA E CONSTRUCAO LTDA
MAT-0005,KIT BACIA P/CX ACOPLAD MONOCRO RAVENA - BRANCA/MONOCROMATICA RAVENA - KIT BACIA P/CX ACOPL MONOCRO RAVENA-BR,pç,242.000,estoque,material,FC ENGENHARIA E CONSTRUCAO LTDA
MAT-0006,BROCA ESCALONADA BESTFER 4 A 3 - REF: BFH1852,un,1.000,estoque,material,FC ENGENHARIA E CONSTRUCAO LTDA
MAT-0007,[15.06.01.01] Bacia com Caixa Acoplada Ravena Braco - P.909.17 - Deca,un,40.000,estoque,material,FC ENGENHARIA E CONSTRUCAO LTDA
MAT-0008,[15.05.01.01] Bacia com Caixa Acoplada Ravena Braco - P.909.17 - Deca,un,52.000,estoque,material,FC ENGENHARIA E CONSTRUCAO LTDA
MAT-0009,Bacia com Caixa Acoplada Ravena Braco - P.909.17 - Deca [15.02.01.01],un,37.000,estoque,material,FC ENGENHARIA E CONSTRUCAO LTDA
MAT-0010,Bacia com Caixa Acoplada Ravena Braco - P.909.17 - Deca [15.03.01.01],un,37.000,estoque,material,FC ENGENHARIA E CONSTRUCAO LTDA
MAT-0011,Bacia com Caixa Acoplada Ravena Braco - P.909.17 - Deca [15.04.01.01],un,37.000,estoque,material,FC ENGENHARIA E CONSTRUCAO LTDA
MAT-0012,Bacia com Caixa Acoplada Ravena Braco - P.909.17 - Deca [15.05.01.01],un,37.000,estoque,material,FC ENGENHARIA E CONSTRUCAO LTDA
MAT-0013,Bacia com Caixa Acoplada Ravena Braco - P.909.17 - Deca [15.06.01.01],un,25.000,estoque,material,FC ENGENHARIA E CONSTRUCAO LTDA
MAT-0014,Bacia com Caixa Acoplada Ravena Braco - P.909.17 - Deca [15.01.01.01],un,27.000,estoque,material,FC ENGENHARIA E CONSTRUCAO LTDA
MAT-0015,[15.04.01.01] Bacia com Caixa Acoplada Ravena Braco - P.909.17 - Deca,un,37.000,estoque,material,FC ENGENHARIA E CONSTRUCAO LTDA
MAT-0016,[15.01.01.01] Bacia com Caixa Acoplada Ravena Braco - P.909.17 - Deca,un,27.000,estoque,material,FC ENGENHARIA E CONSTRUCAO LTDA
MAT-0017,[15.03.01.01] Bacia com Caixa Acoplada Ravena Braco - P.909.17 - Deca,un,37.000,estoque,material,FC ENGENHARIA E CONSTRUCAO LTDA
MAT-0018,Fita Auto Adesiva Tela de Fibra de Vidro Dry Tape+ FTD5045,rolo,1.000,estoque,material,FC ENGENHARIA E CONSTRUCAO LTDA
MAT-0019,Placa de Identificação de Porta ,un,225.000,estoque,material,FC ENGENHARIA E CONSTRUCAO LTDA
MAT-0020,LED-001- LUMINARIA EMBUTIR REDONDA -77X27X34,un,174.000,estoque,material,FC ENGENHARIA E CONSTRUCAO LTDA
MAT-0021,Sensor de Presença de Embutir Teto,un,34.000,estoque,material,FC ENGENHARIA E CONSTRUCAO LTDA
MAT-0022,SPOT LED  Redonda Embutir 52X21,un,244.000,estoque,material,FC ENGENHARIA E CONSTRUCAO LTDA
MAT-0023,PLUG para Fita de LED,un,800.000,estoque,material,FC ENGENHARIA E CONSTRUCAO LTDA
MAT-0024,Arandela Spot Direcional Tubular Dourada GU10,un,14.000,estoque,material,FC ENGENHARIA E CONSTRUCAO LTDA
MAT-0025,Secador de Cabelo de Parede,un,3.000,estoque,material,FC ENGENHARIA E CONSTRUCAO LTDA
MAT-0026,Interruptor Hotelcard para Cartão de Energia,un,42.000,estoque,material,FC ENGENHARIA E CONSTRUCAO LTDA
MAT-0027,Fita LED Branco Quente 5m,rolo,30.000,estoque,material,FC ENGENHARIA E CONSTRUCAO LTDA
MAT-0028,Cano de Chuveiro ,un,44.000,estoque,material,FC ENGENHARIA E CONSTRUCAO LTDA
MAT-0029,Chuveiro ,un,254.000,estoque,material,FC ENGENHARIA E CONSTRUCAO LTDA
MAT-0030,Grelha  Quadrada com Tampa em Inox,un,480.000,estoque,material,FC ENGENHARIA E CONSTRUCAO LTDA
MAT-0031,Batedor de Porta Bola,kit,170.000,estoque,material,FC ENGENHARIA E CONSTRUCAO LTDA
MAT-0032,CRUZETA PISO 2MM - Cortag,pct,126.000,estoque,material,FC ENGENHARIA E CONSTRUCAO LTDA
MAT-0033,CRUZETA PISO 5MM- Alinha Rapido,pct,35.000,estoque,material,FC ENGENHARIA E CONSTRUCAO LTDA
MAT-0034,Monocomando,un,2.000,estoque,material,FC ENGENHARIA E CONSTRUCAO LTDA
MAT-0035,Espuma Expansiva de Poliuretano MP90,un,10.000,estoque,material,FC ENGENHARIA E CONSTRUCAO LTDA
MAT-0036,Porta Papel Higiênico Simples Cromado,un,15.000,estoque,material,FC ENGENHARIA E CONSTRUCAO LTDA
MAT-0037,Cabide Gancho Simples Cromado-Banheiro,un,14.000,estoque,material,FC ENGENHARIA E CONSTRUCAO LTDA
MAT-0038,Presilha Borboleta para Drywall,par,800.000,estoque,material,FC ENGENHARIA E CONSTRUCAO LTDA
MAT-0039,Dobradiça de porta corta fogo,un,16.000,estoque,material,FC ENGENHARIA E CONSTRUCAO LTDA
MAT-0040,Espuma para limpeza,un,0.000,estoque,material,FC ENGENHARIA E CONSTRUCAO LTDA
MAT-0041,WD-40 Flextop 500mL,un,1.000,estoque,material,FC ENGENHARIA E CONSTRUCAO LTDA
MAT-0042,Disco de Maquita para rejunte,un,1.000,estoque,material,FC ENGENHARIA E CONSTRUCAO LTDA
MAT-0043,Lapis de Carpintaria Irwin,un,0.000,estoque,material,FC ENGENHARIA E CONSTRUCAO LTDA
MAT-0044,Estilete,un,2.000,estoque,material,FC ENGENHARIA E CONSTRUCAO LTDA
MAT-0045,Lâmina de Repor para Estilete com 10 unidades,un,30.000,estoque,material,FC ENGENHARIA E CONSTRUCAO LTDA
MAT-0046,Serra Copo 40mm,un,2.000,estoque,material,FC ENGENHARIA E CONSTRUCAO LTDA
MAT-0047,"Serra Copo 48mm (1.7/8"")",un,1.000,estoque,material,FC ENGENHARIA E CONSTRUCAO LTDA
MAT-0048,SERRA COPO 76 MM,un,1.000,estoque,material,FC ENGENHARIA E CONSTRUCAO LTDA
MAT-0049,SERRA COPO FERRO  102 MM  ROCAST,un,3.000,estoque,material,FC ENGENHARIA E CONSTRUCAO LTDA
MAT-0050,SERRA COPO 102 MM MADEIRA - BRASFORT,un,2.000,estoque,material,FC ENGENHARIA E CONSTRUCAO LTDA
MAT-0051,Espátula Plástica para Aplicação,un,20.000,estoque,material,FC ENGENHARIA E CONSTRUCAO LTDA
MAT-0052,Veda-Rosca 18mm x 10m,rolo,0.000,estoque,material,FC ENGENHARIA E CONSTRUCAO LTDA
MAT-0053,Espátula para Massa Tigre 3 Polegadas,un,3.000,estoque,material,FC ENGENHARIA E CONSTRUCAO LTDA
MAT-0054,PINCEL 25 MM,un,0.000,estoque,material,FC ENGENHARIA E CONSTRUCAO LTDA
MAT-0055,RODEL PARA CORTE DE PISO,un,5.000,estoque,material,FC ENGENHARIA E CONSTRUCAO LTDA
MAT-0056,Fita Dupla Face Extreme 24mm x 2m,rolo,0.000,estoque,material,FC ENGENHARIA E CONSTRUCAO LTDA
MAT-0057,Escova de Aço com Cabo de Madeira,un,0.000,estoque,material,FC ENGENHARIA E CONSTRUCAO LTDA
MAT-0058,Aplicador de Rejunte EVA,un,9.000,estoque,material,FC ENGENHARIA E CONSTRUCAO LTDA
MAT-0059,Fita Crepe Larga,rolo,29.000,estoque,material,FC ENGENHARIA E CONSTRUCAO LTDA
MAT-0060,Lâmpada LED Bulbo Alta Potência,un,0.000,estoque,material,FC ENGENHARIA E CONSTRUCAO LTDA
MAT-0061,"Disco de Corte Rápido para Aço Inoxidável 4.1/2"" 115mm",un,0.000,estoque,material,FC ENGENHARIA E CONSTRUCAO LTDA
MAT-0062,Disco de Corte Diamantado Segmentado Eco 110mm,un,0.000,estoque,material,FC ENGENHARIA E CONSTRUCAO LTDA
MAT-0063,DISCO MAKITA PARA  DIAMANTADO PISO - NORTON,un,0.000,estoque,material,FC ENGENHARIA E CONSTRUCAO LTDA
MAT-0064,Disco de Corte Diamantado Contínuo PRO 110x20mm,un,4.000,estoque,material,FC ENGENHARIA E CONSTRUCAO LTDA
MAT-0065,"Disco de Desbaste para Metal 180x6,4x22,23mm",un,7.000,estoque,material,FC ENGENHARIA E CONSTRUCAO LTDA
MAT-0066,Compound Adesivo Base Epóxi Média Fluidez,kg,11.000,estoque,material,FC ENGENHARIA E CONSTRUCAO LTDA
MAT-0067,Prego com Cabeça 17x27,kg,0.000,estoque,material,FC ENGENHARIA E CONSTRUCAO LTDA
MAT-0068,Prego com Cabeça 15x15,kg,4.000,estoque,material,FC ENGENHARIA E CONSTRUCAO LTDA
MAT-0069,Prego para Taco 15x10,kg,0.000,estoque,material,FC ENGENHARIA E CONSTRUCAO LTDA
MAT-0070,Prego com Cabeça 22x48,kg,1.000,estoque,material,FC ENGENHARIA E CONSTRUCAO LTDA
MAT-0071,Prego com Cabeça 12x12,kg,0.000,estoque,material,FC ENGENHARIA E CONSTRUCAO LTDA
MAT-0072,Prego de Aço 18x30,kg,7.000,estoque,material,FC ENGENHARIA E CONSTRUCAO LTDA
MAT-0073,Prego com Cabeça 17x21,kg,23.000,estoque,material,FC ENGENHARIA E CONSTRUCAO LTDA
MAT-0074,Disco de Corte Diamantado 121mm,un,5.000,estoque,material,FC ENGENHARIA E CONSTRUCAO LTDA
MAT-0075,Rebolo Copo Abrasivo Cortag Grão 60,un,1.000,estoque,material,FC ENGENHARIA E CONSTRUCAO LTDA
MAT-0076,RASPADOR DE REJUNTE Manual,un,2.000,estoque,material,FC ENGENHARIA E CONSTRUCAO LTDA
MAT-0077,"Disco de Serra Circular Thompson 7.1/4"" 184mm 36 Dentes",un,2.000,estoque,material,FC ENGENHARIA E CONSTRUCAO LTDA
MAT-0078,Disco de Desbaste Diamantado Turbo para Concreto,un,7.000,estoque,material,FC ENGENHARIA E CONSTRUCAO LTDA
MAT-0079,Pincel Tigre 5 Cerdas Pretas Cabo Plástico Amarelo,un,0.000,estoque,material,FC ENGENHARIA E CONSTRUCAO LTDA
MAT-0080,Lâmpada LED Bulbo T60 20W Luz Branca E27 6500K,un,1.000,estoque,material,FC ENGENHARIA E CONSTRUCAO LTDA
MAT-0081,Lâmpada LED Bulbo 20W,un,1.000,estoque,material,FC ENGENHARIA E CONSTRUCAO LTDA
MAT-0082,"Disco de Serra Circular TCT 7.1/4"" 24 Dentes",un,0.000,estoque,material,FC ENGENHARIA E CONSTRUCAO LTDA
MAT-0083,Caixa de Passagem para Embutir,un,191.000,estoque,material,FC ENGENHARIA E CONSTRUCAO LTDA
MAT-0084,Registro de Pressão Acabamento Cruz Cromado,un,702.000,estoque,material,FC ENGENHARIA E CONSTRUCAO LTDA
MAT-0085,Sifão Flexível Cromado Universal,un,226.000,estoque,material,FC ENGENHARIA E CONSTRUCAO LTDA
MAT-0086,VALVULA ESCOAMENTO LAVATÓRIO  CROMADO,un,232.000,estoque,material,FC ENGENHARIA E CONSTRUCAO LTDA
MAT-0087,KIT INSTALAÇÃO P/BACIA  CROMADO - 1200C KIT P,kit,7.000,estoque,material,FC ENGENHARIA E CONSTRUCAO LTDA
MAT-0088,KIT BACIA P/CX ACOPLADA CROMADO RAVENA,un,128.000,estoque,material,FC ENGENHARIA E CONSTRUCAO LTDA
MAT-0089,"Kit Fixação para Lavatório com Buchas, Parafusos e Presilhas",kit,7.000,estoque,material,FC ENGENHARIA E CONSTRUCAO LTDA
MAT-0090,PARAFUSO P/ FIXAÇÃO DE VASO  SANITÁRIO ,un,3.000,estoque,material,FC ENGENHARIA E CONSTRUCAO LTDA
MAT-0091,Canopla Cromada para Registro,un,2.000,estoque,material,FC ENGENHARIA E CONSTRUCAO LTDA
MAT-0092,Caixa de Distribuição de Embutir para Disjuntores,un,69.000,estoque,material,FC ENGENHARIA E CONSTRUCAO LTDA
MAT-0093,Aluguel de Impressora,un,1.000,estoque,material,FC ENGENHARIA E CONSTRUCAO LTDA
MAT-0094,Chapisco Rolado 20Kg Quartzolit,kg,1200.000,estoque,material,FC ENGENHARIA E CONSTRUCAO LTDA
MAT-0095,Arco de Serra Manual,un,5.000,estoque,material,FC ENGENHARIA E CONSTRUCAO LTDA
MAT-0096,FURADEIRA DE PAREDE E CONCRETO-,un,1.000,estoque,material,FC ENGENHARIA E CONSTRUCAO LTDA
MAT-0097,VENTOSA VIBRATORIA PISO,un,5.000,estoque,material,FC ENGENHARIA E CONSTRUCAO LTDA
MAT-0098,SERROTE  PARA MADEIRA,un,4.000,estoque,material,FC ENGENHARIA E CONSTRUCAO LTDA
MAT-0099,"Serra Mármore 1400W 4.3/8""",un,2.000,estoque,material,FC ENGENHARIA E CONSTRUCAO LTDA
MAT-0100,"Esmerilhadeira Angular 4.1/2"" GWS 7-115",un,3.000,estoque,material,FC ENGENHARIA E CONSTRUCAO LTDA
MAT-0101,DUTO BOCA - C/ SUPORTE P/ PISO E JANELA - LARANJA,un,56.000,estoque,material,FC ENGENHARIA E CONSTRUCAO LTDA
MAT-0102,DUTO RETO LARANJA,un,36.000,estoque,material,FC ENGENHARIA E CONSTRUCAO LTDA
MAT-0103,CARRINHO TIPO GERICA 120 KG / 100 LT IMARC I-64,pç,2.000,estoque,material,FC ENGENHARIA E CONSTRUCAO LTDA
MAT-0104,"VONDER COLHER PARA PEDREIRO 8"" RETA PLUS - 33.54.408.000",pç,2.000,estoque,material,FC ENGENHARIA E CONSTRUCAO LTDA
MAT-0105,LINHA PEDREIRO 100M,pç,5.000,estoque,material,FC ENGENHARIA E CONSTRUCAO LTDA
MAT-0106,COMPEL DESEMPENADEIRA PLASTICA CORRUGADA 18X30 - 0.2452,pç,4.000,estoque,material,FC ENGENHARIA E CONSTRUCAO LTDA
MAT-0107,COMPEL DESEMPENADEIRA PLASTICA LISA 18X30 - 0.2431,pç,4.000,estoque,material,FC ENGENHARIA E CONSTRUCAO LTDA
MAT-0108,CHAPISCO COLANTE 20KG QUARTZ,un,345.000,estoque,material,FC ENGENHARIA E CONSTRUCAO LTDA
MAT-0109,Serrote ,un,1.000,estoque,material,FC ENGENHARIA E CONSTRUCAO LTDA
MAT-0110,Cortador de Piso Manual Profissional - CORTAG,un,1.000,estoque,material,FC ENGENHARIA E CONSTRUCAO LTDA
MAT-0111,Tesoura Elétrica Sem Fio,un,2.000,estoque,material,FC ENGENHARIA E CONSTRUCAO LTDA
MAT-0112,Parafusadeira DEWALT,un,0.000,estoque,material,FC ENGENHARIA E CONSTRUCAO LTDA
MAT-0113,Pé de Cabra,un,7.000,estoque,material,FC ENGENHARIA E CONSTRUCAO LTDA
MAT-0114,Chave Combinada N°22,un,5.000,estoque,material,FC ENGENHARIA E CONSTRUCAO LTDA
MAT-0115,Chave Combinada N°30,un,1.000,estoque,material,FC ENGENHARIA E CONSTRUCAO LTDA
MAT-0116,Chave Combinada N°26,un,1.000,estoque,material,FC ENGENHARIA E CONSTRUCAO LTDA
MAT-0117,Chave Combinada N°7,un,1.000,estoque,material,FC ENGENHARIA E CONSTRUCAO LTDA
MAT-0118,Chave Combinada N°8,un,1.000,estoque,material,FC ENGENHARIA E CONSTRUCAO LTDA
MAT-0119,Chave de Boca N°19,un,1.000,estoque,material,FC ENGENHARIA E CONSTRUCAO LTDA
MAT-0120,Chave de Boca N°17,un,1.000,estoque,material,FC ENGENHARIA E CONSTRUCAO LTDA
MAT-0121,Ponteira para Riscador de Porcelanato,un,5.000,estoque,material,FC ENGENHARIA E CONSTRUCAO LTDA
MAT-0122,Prumo de Centro,un,1.000,estoque,material,FC ENGENHARIA E CONSTRUCAO LTDA
MAT-0123,BROCA PARA CONCRETO IRWIN  Nº 8,un,1.000,estoque,material,FC ENGENHARIA E CONSTRUCAO LTDA
MAT-0124,BROCA PARA CONCRETO IRWIN  Nº 6,un,2.000,estoque,material,FC ENGENHARIA E CONSTRUCAO LTDA
MAT-0125,BROCA PARA CONCRETO IRWIN  Nº 10,un,2.000,estoque,material,FC ENGENHARIA E CONSTRUCAO LTDA
MAT-0126,Lâmina de Serra Starrett,un,0.000,estoque,material,FC ENGENHARIA E CONSTRUCAO LTDA
MAT-0127,Alicate Universal,un,1.000,estoque,material,FC ENGENHARIA E CONSTRUCAO LTDA
MAT-0128,Mandril para Furadeira,un,5.000,estoque,material,FC ENGENHARIA E CONSTRUCAO LTDA
MAT-0129,Adaptador para Serra Copo,un,3.000,estoque,material,FC ENGENHARIA E CONSTRUCAO LTDA
MAT-0130,Alicate de Pressão Bico Curvo,un,1.000,estoque,material,FC ENGENHARIA E CONSTRUCAO LTDA
MAT-0131,Alicate de Bico ,un,1.000,estoque,material,FC ENGENHARIA E CONSTRUCAO LTDA
MAT-0132,"Tesoura para corte de chapa de alumínio, calha, metal e zinco",un,1.000,estoque,material,FC ENGENHARIA E CONSTRUCAO LTDA
MAT-0133,Alicate de Corte,un,2.000,estoque,material,FC ENGENHARIA E CONSTRUCAO LTDA
MAT-0134,Chave Grifo,un,2.000,estoque,material,FC ENGENHARIA E CONSTRUCAO LTDA
MAT-0135,Chave Phillips,un,2.000,estoque,material,FC ENGENHARIA E CONSTRUCAO LTDA
MAT-0136,Lima para ferro,un,1.000,estoque,material,FC ENGENHARIA E CONSTRUCAO LTDA
MAT-0137,Betoneira 220V,un,1.000,estoque,material,FC ENGENHARIA E CONSTRUCAO LTDA
MAT-0138,Radio de comunicação - teste,un,5.000,estoque,material,FC ENGENHARIA E CONSTRUCAO LTDA
MAT-0139,Chave de Fenda Média,un,3.000,estoque,material,FC ENGENHARIA E CONSTRUCAO LTDA
MAT-0140,Chave Phillips Média,un,3.000,estoque,material,FC ENGENHARIA E CONSTRUCAO LTDA
MAT-0141,Esquadro ,un,2.000,estoque,material,FC ENGENHARIA E CONSTRUCAO LTDA
MAT-0142,Mangueira de Nível,m,21.000,estoque,material,FC ENGENHARIA E CONSTRUCAO LTDA
MAT-0143,Serra Policorte,un,1.000,estoque,material,FC ENGENHARIA E CONSTRUCAO LTDA
MAT-0144,Escada de 7 degraus,un,3.000,estoque,material,FC ENGENHARIA E CONSTRUCAO LTDA
MAT-0145,Escada de 6 degraus,un,3.000,estoque,material,FC ENGENHARIA E CONSTRUCAO LTDA
MAT-0146,Pulverizador Airless Elétrico,un,1.000,estoque,material,FC ENGENHARIA E CONSTRUCAO LTDA
MAT-0147,Carretilha/Roldana para corda,un,3.000,estoque,material,FC ENGENHARIA E CONSTRUCAO LTDA
MAT-0148,Ponteira para Martelete encaixe rapido-starfer,pç,0.000,estoque,material,FC ENGENHARIA E CONSTRUCAO LTDA
MAT-0149,Talhadeira,un,11.000,estoque,material,FC ENGENHARIA E CONSTRUCAO LTDA
MAT-0150,Marreta com Cabo de Madeira,un,0.000,estoque,material,FC ENGENHARIA E CONSTRUCAO LTDA
MAT-0151,Martelo,un,4.000,estoque,material,FC ENGENHARIA E CONSTRUCAO LTDA
MAT-0152,Colher de Pedreiro,un,4.000,estoque,material,FC ENGENHARIA E CONSTRUCAO LTDA
MAT-0153,DESENPENADEIRA GROSSA 22X34 ,un,2.000,estoque,material,FC ENGENHARIA E CONSTRUCAO LTDA
MAT-0154,Desempenadeira de Aço Lisa com Cabo de Madeira,un,2.000,estoque,material,FC ENGENHARIA E CONSTRUCAO LTDA
MAT-0155,Desempenadeira de Aço Lisa 40cm,un,1.000,estoque,material,FC ENGENHARIA E CONSTRUCAO LTDA
MAT-0156,Desempenadeira Dentada ,un,1.000,estoque,material,FC ENGENHARIA E CONSTRUCAO LTDA
MAT-0157,DESEMPENADEIRA LISA AÇO 29X12,un,3.000,estoque,material,FC ENGENHARIA E CONSTRUCAO LTDA
MAT-0158,DESEMPENADEIRA DENTADA  25X12,un,3.000,estoque,material,FC ENGENHARIA E CONSTRUCAO LTDA
MAT-0159,DESEMPENADEIRA LISA 24X10,un,1.000,estoque,material,FC ENGENHARIA E CONSTRUCAO LTDA
MAT-0160,DESEMPENADEIRA LISA 25X12 ,un,2.000,estoque,material,FC ENGENHARIA E CONSTRUCAO LTDA
MAT-0161,DESEMPENADEIRA LISA 35X12,un,2.000,estoque,material,FC ENGENHARIA E CONSTRUCAO LTDA
MAT-0162,Enxada Larga com Cabo de Madeira,un,5.000,estoque,material,FC ENGENHARIA E CONSTRUCAO LTDA
MAT-0163,Carrinho Girica,un,10.000,estoque,material,FC ENGENHARIA E CONSTRUCAO LTDA
MAT-0164,Peneira ,un,3.000,estoque,material,FC ENGENHARIA E CONSTRUCAO LTDA
MAT-0165,Picareta com Cabo de Madeira,un,2.000,estoque,material,FC ENGENHARIA E CONSTRUCAO LTDA
MAT-0166,Alavanca Pé de Cabra,un,3.000,estoque,material,FC ENGENHARIA E CONSTRUCAO LTDA
MAT-0167,Cavadeira,un,1.000,estoque,material,FC ENGENHARIA E CONSTRUCAO LTDA
MAT-0168,Misturador (Batedor)para Argamassa e Massa,un,6.000,estoque,material,FC ENGENHARIA E CONSTRUCAO LTDA
MAT-0169,Cinto de segurança,kit,10.000,estoque,material,FC ENGENHARIA E CONSTRUCAO LTDA
MAT-0170,Rolo de Pintura sem cabo 9 mm,un,10.000,estoque,material,FC ENGENHARIA E CONSTRUCAO LTDA
MAT-0171,Marreta de 3kg,un,10.000,estoque,material,FC ENGENHARIA E CONSTRUCAO LTDA
MAT-0172,Pá ,un,4.000,estoque,material,FC ENGENHARIA E CONSTRUCAO LTDA
MAT-0173,Nível a Laser de Linhas Cruzadas DeWalt,un,0.000,estoque,material,FC ENGENHARIA E CONSTRUCAO LTDA
MAT-0174,Broxa Retangular,un,17.000,estoque,material,FC ENGENHARIA E CONSTRUCAO LTDA
MAT-0175,Espátula de Aço,un,3.000,estoque,material,FC ENGENHARIA E CONSTRUCAO LTDA
MAT-0176,"Lavagem e Higienização de Uniformes (Bleiser,camisas Manga Longa e Calças",un,25.000,estoque,material,FC ENGENHARIA E CONSTRUCAO LTDA
MAT-0177,Cupim - Marca Massa,un,1.000,estoque,material,FC ENGENHARIA E CONSTRUCAO LTDA
MAT-0178,Pistola de Fixação a Pólvora Ancora com Acessórios,kit,0.000,estoque,material,FC ENGENHARIA E CONSTRUCAO LTDA
MAT-0179,Pistola de Pinos a Pólvora Ancora com Kit de Limpeza e Lubrificante WD-40,kit,0.000,estoque,material,FC ENGENHARIA E CONSTRUCAO LTDA
MAT-0180,Pistola de Pólvora Ancora para Fixação,kit,1.000,estoque,material,FC ENGENHARIA E CONSTRUCAO LTDA
MAT-0181,TUBO TERMICO CPVC 022X3M AMANCO 20328,barra,123.000,estoque,material,FC ENGENHARIA E CONSTRUCAO LTDA
MAT-0182,CPVC CURVA 90 DN022 AMANCO 99784,pç,311.000,estoque,material,FC ENGENHARIA E CONSTRUCAO LTDA
MAT-0183,CPVC TEE 022 AMANCO 20298,pç,39.000,estoque,material,FC ENGENHARIA E CONSTRUCAO LTDA
MAT-0184,CPVC UNIAO 022 AMANCO 20319,pç,17.000,estoque,material,FC ENGENHARIA E CONSTRUCAO LTDA
MAT-0185,CPVC JOELHO 45 DN022 AMANCO 20253,pç,56.000,estoque,material,FC ENGENHARIA E CONSTRUCAO LTDA
MAT-0186,Barra de Apoio 40cm,un,5.000,estoque,material,FC ENGENHARIA E CONSTRUCAO LTDA
MAT-0187,Barra de apoio 80cm,un,7.000,estoque,material,FC ENGENHARIA E CONSTRUCAO LTDA
MAT-0188,JUNCAO SIMP ESG SN DN100,pç,13.000,estoque,material,FC ENGENHARIA E CONSTRUCAO LTDA
MAT-0189,JUNCAO SIMP RED ESG SN DN100X50,pç,5.000,estoque,material,FC ENGENHARIA E CONSTRUCAO LTDA
MAT-0190,JUNCAO SIMP RED ESG SN DN75X50,pç,32.000,estoque,material,FC ENGENHARIA E CONSTRUCAO LTDA
MAT-0191,JUNCAO SIMP ESG SN DN50,pç,22.000,estoque,material,FC ENGENHARIA E CONSTRUCAO LTDA
MAT-0192,LUVA SIMP ESG SN DN100,pç,18.000,estoque,material,FC ENGENHARIA E CONSTRUCAO LTDA
MAT-0193,LUVA SIMP ESG SN DN75,pç,60.000,estoque,material,FC ENGENHARIA E CONSTRUCAO LTDA
MAT-0194,LUVA SIMP ESG SN DN50,pç,4.000,estoque,material,FC ENGENHARIA E CONSTRUCAO LTDA
MAT-0195,LUVA SIMP ESG SN DN40,pç,24.000,estoque,material,FC ENGENHARIA E CONSTRUCAO LTDA
MAT-0196,"BASE REGISTRO GAVETA 3/4"" DECA",pç,16.000,estoque,material,FC ENGENHARIA E CONSTRUCAO LTDA
MAT-0197,Treliça H8,un,102.000,estoque,material,FC ENGENHARIA E CONSTRUCAO LTDA
MAT-0198,"Placa em Lona Pvc com Ilhos Medida 1,50M X 5M",un,1.000,estoque,material,FC ENGENHARIA E CONSTRUCAO LTDA
MAT-0199,Pedra de Mão (Rachão),m³,6.000,estoque,material,FC ENGENHARIA E CONSTRUCAO LTDA
MAT-0200,Pó de Pedra,m³,1.000,estoque,material,FC ENGENHARIA E CONSTRUCAO LTDA
MAT-0201,"Barra Ca-50 6,3Mm 12,00M",un,17.000,estoque,material,FC ENGENHARIA E CONSTRUCAO LTDA
MAT-0202,"Barra Ca-50 8,0Mm 12,00M",un,16.000,estoque,material,FC ENGENHARIA E CONSTRUCAO LTDA
MAT-0203,"Barra Ca-50 12,5Mm 12,00M",un,51.000,estoque,material,FC ENGENHARIA E CONSTRUCAO LTDA
MAT-0204,Arame Recozido Torcido Nº18,kg,18.000,estoque,material,FC ENGENHARIA E CONSTRUCAO LTDA
MAT-0205,Meio Bloco (19X19x19),un,600.000,estoque,material,FC ENGENHARIA E CONSTRUCAO LTDA
MAT-0206,"Filetes 1,20X0,04 com 2 Frizos",m²,175.000,estoque,material,FC ENGENHARIA E CONSTRUCAO LTDA
MAT-0207,Tubo Água Fria 25Mm,m,60.000,estoque,material,FC ENGENHARIA E CONSTRUCAO LTDA
MAT-0208,Tê Azul 3/4,un,12.000,estoque,material,FC ENGENHARIA E CONSTRUCAO LTDA
MAT-0209,Cotovelo 90° - ∅25Mm,un,2.000,estoque,material,FC ENGENHARIA E CONSTRUCAO LTDA
MAT-0210,Cotovelo Soldável 3/4,un,20.000,estoque,material,FC ENGENHARIA E CONSTRUCAO LTDA
MAT-0211,Cotovelo Ponta Azul 3/4,un,8.000,estoque,material,FC ENGENHARIA E CONSTRUCAO LTDA
MAT-0212,Luva Marrom 3/4,un,10.000,estoque,material,FC ENGENHARIA E CONSTRUCAO LTDA
MAT-0213,Cola para Pvc Incolar Frasco 850G Tigre,kg,2.000,estoque,material,FC ENGENHARIA E CONSTRUCAO LTDA
MAT-0214,Lixa D'água 120,un,6.000,estoque,material,FC ENGENHARIA E CONSTRUCAO LTDA
MAT-0215,Disco de Corte de Concreto para Makita,un,31.000,estoque,material,FC ENGENHARIA E CONSTRUCAO LTDA
MAT-0216,Tubo de 50Mm Esgoto Série Normal,un,2.000,estoque,material,FC ENGENHARIA E CONSTRUCAO LTDA
MAT-0217,Curva 90° Pvc Esgoto Ø50mm Série Normal,pç,13.000,estoque,material,FC ENGENHARIA E CONSTRUCAO LTDA
MAT-0218,Luva Esgoto 50Mm,un,22.000,estoque,material,FC ENGENHARIA E CONSTRUCAO LTDA
MAT-0219,Te Esgoto 50Mm,un,24.000,estoque,material,FC ENGENHARIA E CONSTRUCAO LTDA
MAT-0220,Rompedor Martelete 6Kg,un,1.000,estoque,material,FC ENGENHARIA E CONSTRUCAO LTDA
MAT-0221,Pasta Sanfonada,un,1.000,estoque,material,FC ENGENHARIA E CONSTRUCAO LTDA
MAT-0222,Caneta Bic,un,5.000,estoque,material,FC ENGENHARIA E CONSTRUCAO LTDA
MAT-0223,Caneta Marcação Fina,un,1.000,estoque,material,FC ENGENHARIA E CONSTRUCAO LTDA
MAT-0224,Caneta Permanente,un,1.000,estoque,material,FC ENGENHARIA E CONSTRUCAO LTDA
MAT-0225,Lápis de Carpinteiro Strait Line Grafite 180Mm 66305Sl Irwin,un,20.000,estoque,material,FC ENGENHARIA E CONSTRUCAO LTDA
MAT-0226,Grampeador Metal,un,1.000,estoque,material,FC ENGENHARIA E CONSTRUCAO LTDA
MAT-0227,Grampo para Grampeador 106/6,un,1.000,estoque,material,FC ENGENHARIA E CONSTRUCAO LTDA
MAT-0228,Giz Lousa,un,2.000,estoque,material,FC ENGENHARIA E CONSTRUCAO LTDA
MAT-0229,Fita Transparente 48X45,un,3.000,estoque,material,FC ENGENHARIA E CONSTRUCAO LTDA
MAT-0230,Tesoura 13Cm,un,1.000,estoque,material,FC ENGENHARIA E CONSTRUCAO LTDA
MAT-0231,Kerakol Rejunte Resinado Branco 2Kg,un,2.000,estoque,material,FC ENGENHARIA E CONSTRUCAO LTDA
MAT-0232,Delta Classic Porc Dallas Gray Act 70X70,m²,26.840,estoque,material,FC ENGENHARIA E CONSTRUCAO LTDA
MAT-0233,Argamassa Ac3 20Kg,pç,28.000,estoque,material,FC ENGENHARIA E CONSTRUCAO LTDA
MAT-0234,Luva 50Mm Esgoto,un,8.000,estoque,material,FC ENGENHARIA E CONSTRUCAO LTDA
MAT-0235,"Base de Registro de Gaveta 4509.202 3/4"" Deca Pvc",un,1.000,estoque,material,FC ENGENHARIA E CONSTRUCAO LTDA
MAT-0236,Plug 3/4,un,30.000,estoque,material,FC ENGENHARIA E CONSTRUCAO LTDA
MAT-0237,Joelho 45º 3/4,un,5.000,estoque,material,FC ENGENHARIA E CONSTRUCAO LTDA
MAT-0238,Prego Aço 17X21,un,12.000,estoque,material,FC ENGENHARIA E CONSTRUCAO LTDA
MAT-0239,Caixa de Passagem 4X2,un,5.000,estoque,material,FC ENGENHARIA E CONSTRUCAO LTDA
MAT-0240,"Quadro de Sobrepor em Chapa de Aço, para Disjuntores 24 Din / 18 Bolt-on de 150",un,1.000,estoque,material,FC ENGENHARIA E CONSTRUCAO LTDA
MAT-0241,Engate Flexível 40Cm - Deca,un,4.000,estoque,material,FC ENGENHARIA E CONSTRUCAO LTDA
MAT-0242,Engate Flexível 60Cm,un,5.000,estoque,material,FC ENGENHARIA E CONSTRUCAO LTDA
MAT-0243,Sifão,un,8.000,estoque,material,FC ENGENHARIA E CONSTRUCAO LTDA
MAT-0244,"Niple Pvc Roscável 1/2""",un,10.000,estoque,material,FC ENGENHARIA E CONSTRUCAO LTDA
MAT-0245,Bucha de Redução Pvc Roscável de 3/4'' X 1/2'',un,4.000,estoque,material,FC ENGENHARIA E CONSTRUCAO LTDA
MAT-0246,Veda Rosca,un,2.000,estoque,material,FC ENGENHARIA E CONSTRUCAO LTDA
MAT-0247,Chapisco Colante Quartzolit,un,245.000,estoque,material,FC ENGENHARIA E CONSTRUCAO LTDA
MAT-0248,Brita 0,m³,10.000,estoque,material,FC ENGENHARIA E CONSTRUCAO LTDA
MAT-0249,"Aditivo Colante ""Bianco",un,2.000,estoque,material,FC ENGENHARIA E CONSTRUCAO LTDA
MAT-0250,Lajota 09X19x29,un,13100.000,estoque,material,FC ENGENHARIA E CONSTRUCAO LTDA
MAT-0251,Tijolinho Maciço,un,2200.000,estoque,material,FC ENGENHARIA E CONSTRUCAO LTDA
MAT-0252,Areia Lavada,m³,106.100,estoque,material,FC ENGENHARIA E CONSTRUCAO LTDA
MAT-0253,"Cimento Cpiii-e-32 (Sacos de 50 Kg) (Volume do Saco 0,036 M³)",un,29712.000,estoque,material,FC ENGENHARIA E CONSTRUCAO LTDA
MAT-0254,"Porta de Abrir Frizada 80 X 2,10 Cm 3,50 Cm",pç,476.000,estoque,material,FC ENGENHARIA E CONSTRUCAO LTDA
MAT-0255,"Metalon 50X30 #2,00 (1,468 Kg/M)",m,36.000,estoque,material,FC ENGENHARIA E CONSTRUCAO LTDA
MAT-0256,Chapa de Aço 10Cm X 10Cm Espessura: 7M,un,20.000,estoque,material,FC ENGENHARIA E CONSTRUCAO LTDA
MAT-0257,Madeirite 14Mm,un,540.000,estoque,material,FC ENGENHARIA E CONSTRUCAO LTDA
MAT-0258,"Sarrafo de Cambará Ou Garapeira 0,2 Cm X 0,10 Cm X 4M - Bruto",un,150.000,estoque,material,FC ENGENHARIA E CONSTRUCAO LTDA
MAT-0259,"Sarrafo de Cedrinho/Tauri 2,5 X 7,0 Cm - Bruto",m,500.000,estoque,material,FC ENGENHARIA E CONSTRUCAO LTDA
MAT-0260,Prego 18X30,kg,54.000,estoque,material,FC ENGENHARIA E CONSTRUCAO LTDA
MAT-0261,Prego 17X21,kg,65.000,estoque,material,FC ENGENHARIA E CONSTRUCAO LTDA
MAT-0262,Galvite,gl,5.000,estoque,material,FC ENGENHARIA E CONSTRUCAO LTDA
MAT-0263,Tinta 18L,L,36.000,estoque,material,FC ENGENHARIA E CONSTRUCAO LTDA
MAT-0264,"Tinta Acrílica para Pisos, Ref. Novacor Piso Liso-amarelo (Globo/Novacor)",un,7.200,estoque,material,FC ENGENHARIA E CONSTRUCAO LTDA
MAT-0265,"Thinner, Ref. Natrielli Ou Equivalente",L,5.000,estoque,material,FC ENGENHARIA E CONSTRUCAO LTDA
MAT-0266,Rolo de Espuma 15 Cm,un,2.000,estoque,material,FC ENGENHARIA E CONSTRUCAO LTDA
MAT-0267,Rolo de Lã 23 Cm,un,2.000,estoque,material,FC ENGENHARIA E CONSTRUCAO LTDA
MAT-0268,Tinta Látex Acrílico Cor Branca 18 L,un,1.000,estoque,material,FC ENGENHARIA E CONSTRUCAO LTDA
MAT-0269,Lixa 100,un,5.000,estoque,material,FC ENGENHARIA E CONSTRUCAO LTDA
MAT-0270,"Selador Acrílico 3,6Litros",un,2.000,estoque,material,FC ENGENHARIA E CONSTRUCAO LTDA
MAT-0271,Piso Reposição,m²,4.900,estoque,material,FC ENGENHARIA E CONSTRUCAO LTDA
MAT-0272,Caixa Copo 180Ml,cx,1.000,estoque,material,FC ENGENHARIA E CONSTRUCAO LTDA
MAT-0273,Bucha de Louça,un,4.000,estoque,material,FC ENGENHARIA E CONSTRUCAO LTDA
MAT-0274,Detergente,gl,1.000,estoque,material,FC ENGENHARIA E CONSTRUCAO LTDA
MAT-0275,Água Sanitária,L,5.000,estoque,material,FC ENGENHARIA E CONSTRUCAO LTDA
MAT-0276,Papel Higienico,un,1.000,estoque,material,FC ENGENHARIA E CONSTRUCAO LTDA
MAT-0277,Álcool 70,gl,1.000,estoque,material,FC ENGENHARIA E CONSTRUCAO LTDA
MAT-0278,Vassoura de Piaçava,un,9.000,estoque,material,FC ENGENHARIA E CONSTRUCAO LTDA
MAT-0279,Duto Condutor de Entulho,un,1.000,estoque,material,FC ENGENHARIA E CONSTRUCAO LTDA
MAT-0280,Tela Mosqueteiro Cozinha,m²,2.800,estoque,material,FC ENGENHARIA E CONSTRUCAO LTDA
MAT-0281,DISCO PARA CONCRETO IRWIN  4 3/8 110 MM,un,4.000,estoque,material,FC ENGENHARIA E CONSTRUCAO LTDA
MAT-0282,Guincho de Coluna Elétrico com Capacidade de 200Kg,un,1.000,estoque,material,FC ENGENHARIA E CONSTRUCAO LTDA
MAT-0283,Filtro de Água,un,1.000,estoque,material,FC ENGENHARIA E CONSTRUCAO LTDA
MAT-0284,"Disco Corte Ferro 4""",un,77.000,estoque,material,FC ENGENHARIA E CONSTRUCAO LTDA
MAT-0285,"Disco Porcelanato 4""",un,3.000,estoque,material,FC ENGENHARIA E CONSTRUCAO LTDA
MAT-0286,SERRA COPO DIAMANTADA  ALVENARIA 25 MM,un,2.000,estoque,material,FC ENGENHARIA E CONSTRUCAO LTDA
MAT-0287,ARAME RECOZIDO TORCIDO,kg,12.000,estoque,material,FC ENGENHARIA E CONSTRUCAO LTDA
MAT-0288,"NEUTROL 3,6 L",galão,3.000,estoque,material,FC ENGENHARIA E CONSTRUCAO LTDA
MAT-0289,TESOURA TRAMONTINA ,un,1.000,estoque,material,FC ENGENHARIA E CONSTRUCAO LTDA
MAT-0290,"Eletrodo 6013 2,5Mm",kg,3.000,estoque,material,FC ENGENHARIA E CONSTRUCAO LTDA
MAT-0291,"Eletrodo 6013 3,5Mm",kg,2.000,estoque,material,FC ENGENHARIA E CONSTRUCAO LTDA
MAT-0292,"Esticador 7/8"" 17Kn (Olhal-olhal) para Cabo de Aço",un,6.000,estoque,material,FC ENGENHARIA E CONSTRUCAO LTDA
MAT-0293,Parafuso Sextavado N12 com Bucha,un,80.000,estoque,material,FC ENGENHARIA E CONSTRUCAO LTDA
MAT-0294,Plug Macho 10a,un,20.000,estoque,material,FC ENGENHARIA E CONSTRUCAO LTDA
MAT-0295,Plug Macho 20a,un,30.000,estoque,material,FC ENGENHARIA E CONSTRUCAO LTDA
MAT-0296,Plug Femea 10a,un,13.000,estoque,material,FC ENGENHARIA E CONSTRUCAO LTDA
MAT-0297,Plug Femea 20a,un,21.000,estoque,material,FC ENGENHARIA E CONSTRUCAO LTDA
MAT-0298,Régua 20 a com 5 Entradas,un,2.000,estoque,material,FC ENGENHARIA E CONSTRUCAO LTDA
MAT-0299,Fita Isolante,un,25.000,estoque,material,FC ENGENHARIA E CONSTRUCAO LTDA
MAT-0300,Lapis Carpinteiro,un,63.000,estoque,material,FC ENGENHARIA E CONSTRUCAO LTDA
MAT-0301,Frete,un,5.000,estoque,material,FC ENGENHARIA E CONSTRUCAO LTDA
MAT-0302,Cantoneira Plasbil para Forro Pvc,un,28.000,estoque,material,FC ENGENHARIA E CONSTRUCAO LTDA
MAT-0303,Te Pvc Solda Rosca 25X 1/2,un,1.000,estoque,material,FC ENGENHARIA E CONSTRUCAO LTDA
MAT-0304,"Janela Alumínio Branco 0,60X0,60",un,1.000,estoque,material,FC ENGENHARIA E CONSTRUCAO LTDA
MAT-0305,"Cantoneira 1""",un,35.000,estoque,material,FC ENGENHARIA E CONSTRUCAO LTDA
MAT-0306,"Aço em Barras Ca-50 (a Ou B) Fyk= 500 Mpa, Ø16,0 Mm (1,578 Kg/M)",kg,11.000,estoque,material,FC ENGENHARIA E CONSTRUCAO LTDA
MAT-0307,"Aço em Barras Ca-50 (a Ou B) Fyk= 500 Mpa, Ø20,0 Mm (2,466 Kg/M)",kg,4.000,estoque,material,FC ENGENHARIA E CONSTRUCAO LTDA
MAT-0308,Arame Recozido Nº 18 Bwg,kg,131.000,estoque,material,FC ENGENHARIA E CONSTRUCAO LTDA
MAT-0309,"Aço em Barras Ca-50 (a Ou B) Fyk= 500 Mpa, Ø6,3 Mm (0,245 Kg/M)",kg,107.000,estoque,material,FC ENGENHARIA E CONSTRUCAO LTDA
MAT-0310,"Aço em Barras Ca-50 (a Ou B) Fyk= 500 Mpa, Ø12,5 Mm (0,963 Kg/M)",kg,226.000,estoque,material,FC ENGENHARIA E CONSTRUCAO LTDA
MAT-0311,"Aço em Barras Ca-50 (a Ou B) Fyk= 500 Mpa, Ø10,0 Mm (0,617 Kg/M)",kg,74.000,estoque,material,FC ENGENHARIA E CONSTRUCAO LTDA
MAT-0312,"Aço em Barras Ca-60 (a Ou B) Fyk= 600 Mpa, Ø5,0 Mm (0,154 Kg/M)",kg,214.000,estoque,material,FC ENGENHARIA E CONSTRUCAO LTDA
MAT-0313,"Aço em Barras Ca-50 (a Ou B) Fyk= 500 Mpa, Ø8,0 Mm (0,395 Kg/M)",kg,5.000,estoque,material,FC ENGENHARIA E CONSTRUCAO LTDA
MAT-0314,Sinalização Completa de Obra com Placas de Identificação,un,3.000,estoque,material,FC ENGENHARIA E CONSTRUCAO LTDA
MAT-0315,Raspador de Rejunte,un,2.000,estoque,material,FC ENGENHARIA E CONSTRUCAO LTDA
MAT-0316,- Bloco Espuma Comp,un,52.000,estoque,material,FC ENGENHARIA E CONSTRUCAO LTDA
MAT-0317,Folha de Serra,un,24.000,estoque,material,FC ENGENHARIA E CONSTRUCAO LTDA
MAT-0318,"Caixa de Passagem em Chapa 18, com Tampa Parafusada, 20 X 20 X 10 Cm",un,1.000,estoque,material,FC ENGENHARIA E CONSTRUCAO LTDA
MAT-0319,Módulo Cego P/ Interruptor em Caixa 4X2,pç,2.000,estoque,material,FC ENGENHARIA E CONSTRUCAO LTDA
MAT-0320,Tramontina 2 Placa 4X4,un,4.000,estoque,material,FC ENGENHARIA E CONSTRUCAO LTDA
MAT-0321,Módulo Tomada Padrão Brasileiro 2P+t 20a,un,7.000,estoque,material,FC ENGENHARIA E CONSTRUCAO LTDA
MAT-0322,Módulo P/ Tomada em Caixa 4X2 10a 250V,un,1.000,estoque,material,FC ENGENHARIA E CONSTRUCAO LTDA
MAT-0323,Mascara Pff2 C/ Válvula,un,10.000,estoque,material,FC ENGENHARIA E CONSTRUCAO LTDA
MAT-0324,Aplicador de Massa,un,2.000,estoque,material,FC ENGENHARIA E CONSTRUCAO LTDA
MAT-0325,Laje Painel Treliçado H-12 com Eps,m²,44.110,estoque,material,FC ENGENHARIA E CONSTRUCAO LTDA
MAT-0326,"Pré-laje em Painel Pré-fabricado Treliçado, com Eps Classe Pi, H= 16 Cm",m²,64.360,estoque,material,FC ENGENHARIA E CONSTRUCAO LTDA
MAT-0327,"Pré-laje em Painel Pré-fabricado Treliçado, com Eps Classe Pi, H= 20 Cm",m²,201.600,estoque,material,FC ENGENHARIA E CONSTRUCAO LTDA
MAT-0328,Capa de Chuva,un,20.000,estoque,material,FC ENGENHARIA E CONSTRUCAO LTDA
MAT-0329,Broca,un,6.000,estoque,material,FC ENGENHARIA E CONSTRUCAO LTDA
MAT-0330,Broca Chata Madeira Avulsa,un,2.000,estoque,material,FC ENGENHARIA E CONSTRUCAO LTDA
MAT-0331,"Adesivo Estrutural Bicomponente, à Base de Epóxi, Ref. Cola Compound- Otto Baumg...",kg,10.000,estoque,material,FC ENGENHARIA E CONSTRUCAO LTDA
MAT-0332,Marreta 1Kg com Cabo,un,4.000,estoque,material,FC ENGENHARIA E CONSTRUCAO LTDA
MAT-0333,"Ponteiro de 10""",un,4.000,estoque,material,FC ENGENHARIA E CONSTRUCAO LTDA
MAT-0334,"Talhadeira de 10""",un,6.000,estoque,material,FC ENGENHARIA E CONSTRUCAO LTDA
MAT-0335,Lona Preta 8Mt X 50Mt,un,1.000,estoque,material,FC ENGENHARIA E CONSTRUCAO LTDA
MAT-0336,Concreto Usinado 30Mpa Slump 12+-2Cm,m,11.000,estoque,material,FC ENGENHARIA E CONSTRUCAO LTDA
MAT-0337,Serviço de Bombeamento,un,2.000,estoque,material,FC ENGENHARIA E CONSTRUCAO LTDA
MAT-0338,Janela Alumínio Basculante 60X60,un,1.000,estoque,material,FC ENGENHARIA E CONSTRUCAO LTDA
MAT-0339,Aço Ca 50 - 10Mm,kg,40.000,estoque,material,FC ENGENHARIA E CONSTRUCAO LTDA
MAT-0340,"Aço Ca 50- 6,3Mm",kg,47.000,estoque,material,FC ENGENHARIA E CONSTRUCAO LTDA
MAT-0341,Aço Ca 50 - 8Mm,kg,287.000,estoque,material,FC ENGENHARIA E CONSTRUCAO LTDA
MAT-0342,Malha Média 15 X 15 Painel 3 X 2M,pç,138.000,estoque,material,FC ENGENHARIA E CONSTRUCAO LTDA
MAT-0343,"Arame Recozido Torcido 18 Trançado Bwg 18 1,24Mm 6Kg",kg,69.000,estoque,material,FC ENGENHARIA E CONSTRUCAO LTDA
MAT-0344,Aço Ca 50 20Mm,kg,59.187,estoque,material,FC ENGENHARIA E CONSTRUCAO LTDA
MAT-0345,Marca Texto,un,1.000,estoque,material,FC ENGENHARIA E CONSTRUCAO LTDA
MAT-0346,Caneta Esferográfica,un,1.000,estoque,material,FC ENGENHARIA E CONSTRUCAO LTDA
MAT-0347,Pasta Elástico,un,8.000,estoque,material,FC ENGENHARIA E CONSTRUCAO LTDA
MAT-0348,Eletroduto Corrugado Flexível de Ø3/4 (Tigre),pç,18.000,estoque,material,FC ENGENHARIA E CONSTRUCAO LTDA
MAT-0349,"Eletroduto de Pvc Corrugado Flexível Laranja, de= 32Mm",m,200.000,estoque,material,FC ENGENHARIA E CONSTRUCAO LTDA
MAT-0350,Conduíte Corrugado 3/4,m,800.000,estoque,material,FC ENGENHARIA E CONSTRUCAO LTDA
MAT-0351,Caixinha Octagonal Pvc Dupla- Profunda,pç,200.000,estoque,material,FC ENGENHARIA E CONSTRUCAO LTDA
MAT-0352,Abraçadeira de Nylon - 100 Unidades,un,5.000,estoque,material,FC ENGENHARIA E CONSTRUCAO LTDA
MAT-0353,Trena 5 M,un,1.000,estoque,material,FC ENGENHARIA E CONSTRUCAO LTDA
MAT-0354,Lajota 14X19x29,un,1600.000,estoque,material,FC ENGENHARIA E CONSTRUCAO LTDA
MAT-0355,Canaleta 19X19x39,un,200.000,estoque,material,FC ENGENHARIA E CONSTRUCAO LTDA
MAT-0356,Lajota 19X19x29,un,7700.000,estoque,material,FC ENGENHARIA E CONSTRUCAO LTDA
MAT-0357,Bloco Canaleta Cerâmico 14 X 19 X 29,pç,100.000,estoque,material,FC ENGENHARIA E CONSTRUCAO LTDA
MAT-0358,Canaleta Cerâmica 09X19x29,un,350.000,estoque,material,FC ENGENHARIA E CONSTRUCAO LTDA
MAT-0359,Cimento Cpii,un,5.000,estoque,material,FC ENGENHARIA E CONSTRUCAO LTDA
MAT-0360,Pneu Kumho,un,4.000,estoque,material,FC ENGENHARIA E CONSTRUCAO LTDA
MAT-0361,Terminal Honda Fit,un,2.000,estoque,material,FC ENGENHARIA E CONSTRUCAO LTDA
MAT-0362,Válvula,un,4.000,estoque,material,FC ENGENHARIA E CONSTRUCAO LTDA
MAT-0363,Container Escritório com Ar Condicionado,un,1.000,estoque,material,FC ENGENHARIA E CONSTRUCAO LTDA
MAT-0364,"Container Almoxarifado Marito 6X2,40m",vb,1.000,estoque,material,FC ENGENHARIA E CONSTRUCAO LTDA
MAT-0365,Guincho de Coluna,vb,1.000,estoque,material,FC ENGENHARIA E CONSTRUCAO LTDA
MAT-0366,Andaimes,vb,1.000,estoque,material,FC ENGENHARIA E CONSTRUCAO LTDA
MAT-0367,Misturador,vb,3.000,estoque,material,FC ENGENHARIA E CONSTRUCAO LTDA
MAT-0368,Duto de Entulho,vb,1.000,estoque,material,FC ENGENHARIA E CONSTRUCAO LTDA
MAT-0369,Serviço de Monitoramento,vb,1.000,estoque,material,FC ENGENHARIA E CONSTRUCAO LTDA
MAT-0370,Refeição - Almoço,un,225.000,estoque,material,FC ENGENHARIA E CONSTRUCAO LTDA
MAT-0371,Container - Vestiário,vb,1.000,estoque,material,FC ENGENHARIA E CONSTRUCAO LTDA
MAT-0372,Duto Boca C Suporte Piso e Janela,vb,3.000,estoque,material,FC ENGENHARIA E CONSTRUCAO LTDA
MAT-0373,Suvinil Toque Fosco Base B2 16 Litros,un,3.000,estoque,material,FC ENGENHARIA E CONSTRUCAO LTDA
MAT-0374,Pu 40,un,2.000,estoque,material,FC ENGENHARIA E CONSTRUCAO LTDA
MAT-0375,10 Parafuso Nº10 Sextavado com Bucha,un,10.000,estoque,material,FC ENGENHARIA E CONSTRUCAO LTDA
MAT-0376,Pontalete 7 X 7 X 3M,pç,80.000,estoque,material,FC ENGENHARIA E CONSTRUCAO LTDA
MAT-0377,Ponteiro Comum,un,7.000,estoque,material,FC ENGENHARIA E CONSTRUCAO LTDA
MAT-0378,TALHADEIRA ENGATE RÁPIDO-STARFER,un,3.000,estoque,material,FC ENGENHARIA E CONSTRUCAO LTDA
MAT-0379,Concreto,m³,2.000,estoque,material,FC ENGENHARIA E CONSTRUCAO LTDA
MAT-0380,Tesoura Grande,un,1.000,estoque,material,FC ENGENHARIA E CONSTRUCAO LTDA
MAT-0381,Mini Escavadeira,vb,1.000,estoque,material,FC ENGENHARIA E CONSTRUCAO LTDA
MAT-0382,Adesivo Colante Bianco 200L,un,2.000,estoque,material,FC ENGENHARIA E CONSTRUCAO LTDA
MAT-0383,Registro P/ Cortador Parede Cpv3150 Vd,un,2.000,estoque,material,FC ENGENHARIA E CONSTRUCAO LTDA
MAT-0384,Cimento Cp Iii,sc,50.000,estoque,material,FC ENGENHARIA E CONSTRUCAO LTDA
MAT-0385,"Batente Madeira Tauari 25X3,5 (Batente 23/24 P/ Folha 80)",un,10.000,estoque,material,FC ENGENHARIA E CONSTRUCAO LTDA
MAT-0386,"Batente Madeira Tauari 17,5X3,5",un,3.000,estoque,material,FC ENGENHARIA E CONSTRUCAO LTDA
MAT-0387,"Batente Madeira Tauari 22X3,5 (2 Batente 22 P/ Folha 80)",un,2.000,estoque,material,FC ENGENHARIA E CONSTRUCAO LTDA
MAT-0388,"Batente Madeira Itauba/Garapeira/Cedro/Angelim 14 X 3,5Cm, Vão 110X210 Cm",un,6.000,estoque,material,FC ENGENHARIA E CONSTRUCAO LTDA
MAT-0389,Batente Tauari 12 X 3,pç,1.000,estoque,material,FC ENGENHARIA E CONSTRUCAO LTDA
MAT-0390,"Batente Madeira Itauba/Garapeira/Cedro/Angelim 13X3,5cm, Vão 52 a 92X210cm",un,5.000,estoque,material,FC ENGENHARIA E CONSTRUCAO LTDA
MAT-0391,Serviço de Manutenção do Veículo Gol/2023 - Placa:eam 2G13,un,1.000,estoque,material,FC ENGENHARIA E CONSTRUCAO LTDA
MAT-0392,Serviço de Manutenção do Veículo Fol/2023 - Placa Ew9h23,un,1.000,estoque,material,FC ENGENHARIA E CONSTRUCAO LTDA
MAT-0393,Serviços de Manutenção de Veículo Doblo Gba 1407,un,1.000,estoque,material,FC ENGENHARIA E CONSTRUCAO LTDA
MAT-0394,Pistola para Fixação de Pino,un,1.000,estoque,material,FC ENGENHARIA E CONSTRUCAO LTDA
MAT-0395,Remoção de Entulho de Obra com Caçamba Metálica Credenciada,m³,7.000,estoque,material,FC ENGENHARIA E CONSTRUCAO LTDA
MAT-0396,Indenização de Peças Faltantes do Contrato.,vb,1.000,estoque,material,FC ENGENHARIA E CONSTRUCAO LTDA
MAT-0397,Rodo Puxa e Seca 60Cm,un,2.000,estoque,material,FC ENGENHARIA E CONSTRUCAO LTDA
MAT-0398,Rodo Púxa e Seca 30Cm,un,2.000,estoque,material,FC ENGENHARIA E CONSTRUCAO LTDA
MAT-0399,Vassoura Me Leva Welow,un,4.000,estoque,material,FC ENGENHARIA E CONSTRUCAO LTDA
MAT-0400,Limpa Vidros 1 Litro,un,1.000,estoque,material,FC ENGENHARIA E CONSTRUCAO LTDA
MAT-0401,Esponja Dupla Face C 4,un,1.000,estoque,material,FC ENGENHARIA E CONSTRUCAO LTDA
MAT-0402,Desinfetante 5 Litros,un,2.000,estoque,material,FC ENGENHARIA E CONSTRUCAO LTDA
MAT-0403,Agua Sanitária 5 Litros,un,2.000,estoque,material,FC ENGENHARIA E CONSTRUCAO LTDA
MAT-0404,Detergente Neutro 5 Litros,un,2.000,estoque,material,FC ENGENHARIA E CONSTRUCAO LTDA
MAT-0405,Sabão em Pó 800Gr,un,3.000,estoque,material,FC ENGENHARIA E CONSTRUCAO LTDA
MAT-0406,Lavatina com Pote Simples,un,2.000,estoque,material,FC ENGENHARIA E CONSTRUCAO LTDA
MAT-0407,Arame Liso 12,kg,0.000,estoque,material,FC ENGENHARIA E CONSTRUCAO LTDA
MAT-0408,Alçapão ( Material e Mão de Obra),un,1.000,estoque,material,FC ENGENHARIA E CONSTRUCAO LTDA
MAT-0409,Serra Copo para Madeira 75Mm,un,3.000,estoque,material,FC ENGENHARIA E CONSTRUCAO LTDA
MAT-0410,Cotovelo Marrom 1 Polegada 90°,un,3.000,estoque,material,FC ENGENHARIA E CONSTRUCAO LTDA
MAT-0411,"Tubo 1"" Marrom",m,1.000,estoque,material,FC ENGENHARIA E CONSTRUCAO LTDA
MAT-0412,"Cotovelo Marrom 1"" - 45º",un,2.000,estoque,material,FC ENGENHARIA E CONSTRUCAO LTDA
MAT-0413,Tubo de Cola (com Pincel Pequeno),un,1.000,estoque,material,FC ENGENHARIA E CONSTRUCAO LTDA
MAT-0414,1 Lixa de Ferro,un,251.000,estoque,material,FC ENGENHARIA E CONSTRUCAO LTDA
MAT-0415,Chapa Xadrez,un,1.000,estoque,material,FC ENGENHARIA E CONSTRUCAO LTDA
MAT-0416,Tubo,m,2.000,estoque,material,FC ENGENHARIA E CONSTRUCAO LTDA
MAT-0417,Areia,un,30.000,estoque,material,FC ENGENHARIA E CONSTRUCAO LTDA
MAT-0418,Disco Corte de Ferro,un,25.000,estoque,material,FC ENGENHARIA E CONSTRUCAO LTDA
MAT-0419,Serviços de Confecção de Placas Diversas,un,35.000,estoque,material,FC ENGENHARIA E CONSTRUCAO LTDA
MAT-0420,Disco de Corte Starret,un,14.000,estoque,material,FC ENGENHARIA E CONSTRUCAO LTDA
MAT-0421,Spray Tinta Preto Fosco,un,3.000,estoque,material,FC ENGENHARIA E CONSTRUCAO LTDA
MAT-0422,Bucha 8,un,110.000,estoque,material,FC ENGENHARIA E CONSTRUCAO LTDA
MAT-0423,Bucha 10,un,10.000,estoque,material,FC ENGENHARIA E CONSTRUCAO LTDA
MAT-0424,Pu 40 - Branco,un,85.000,estoque,material,FC ENGENHARIA E CONSTRUCAO LTDA
MAT-0425,"Pincel 1""",un,3.000,estoque,material,FC ENGENHARIA E CONSTRUCAO LTDA
MAT-0426,Pincel 2 1/2,un,4.000,estoque,material,FC ENGENHARIA E CONSTRUCAO LTDA
MAT-0427,"Placa de Sinalização ""Proibido Estacionar""",un,1.000,estoque,material,FC ENGENHARIA E CONSTRUCAO LTDA
MAT-0428,Barra de Vergalhão,un,5.000,estoque,material,FC ENGENHARIA E CONSTRUCAO LTDA
MAT-0429,Bota de Segurança N40,un,1.000,estoque,material,FC ENGENHARIA E CONSTRUCAO LTDA
MAT-0430,Cimento Cp3,un,2567.000,estoque,material,FC ENGENHARIA E CONSTRUCAO LTDA
MAT-0431,Almoço,vb,26.000,estoque,material,FC ENGENHARIA E CONSTRUCAO LTDA
MAT-0432,Lanche,vb,0.000,estoque,material,FC ENGENHARIA E CONSTRUCAO LTDA
MAT-0433,Tela de Amarração de Alvenaria,pç,700.000,estoque,material,FC ENGENHARIA E CONSTRUCAO LTDA
MAT-0434,Fincapino Magazinado (Cartucho),un,1400.000,estoque,material,FC ENGENHARIA E CONSTRUCAO LTDA
MAT-0435,Pino para Pistola Fincapino,cx,2000.000,estoque,material,FC ENGENHARIA E CONSTRUCAO LTDA
MAT-0436,Lajota de 9X19x29,un,100.000,estoque,material,FC ENGENHARIA E CONSTRUCAO LTDA
MAT-0437,Container de Escritório com Ar Condicionado,un,1.000,estoque,material,FC ENGENHARIA E CONSTRUCAO LTDA
MAT-0438,Granitos:,un,1.000,estoque,material,FC ENGENHARIA E CONSTRUCAO LTDA
MAT-0439,Container com Ar Condicionado 6M,un,1.000,estoque,material,FC ENGENHARIA E CONSTRUCAO LTDA
MAT-0440,"Malha Pop 2,00X3,00 (15X15)",un,6.000,estoque,material,FC ENGENHARIA E CONSTRUCAO LTDA
MAT-0441,Lona Preta Largura 4M Média,m,13.000,estoque,material,FC ENGENHARIA E CONSTRUCAO LTDA
MAT-0442,"ESPAÇADOR NIVELADOR  SLIM 1,0 MM -CX  1000 UNID. CORTAG",cx,47.000,estoque,material,FC ENGENHARIA E CONSTRUCAO LTDA
MAT-0443,CUNHA STD PP-PQ.CX 500 UNID.,cx,61.000,estoque,material,FC ENGENHARIA E CONSTRUCAO LTDA
MAT-0444,NIVELADOR  ESPAÇADOR  2MM TOP INC -CX 500 UNID.,cx,0.000,estoque,material,FC ENGENHARIA E CONSTRUCAO LTDA
MAT-0445,CUNHA TOP PP -GDE-CX 250 UNID.,cx,21.000,estoque,material,FC ENGENHARIA E CONSTRUCAO LTDA
MAT-0446,"Expansor para Concreto, Argamassas e Caldas de Cimento",un,1.000,estoque,material,FC ENGENHARIA E CONSTRUCAO LTDA
MAT-0447,NIVELADOR ESPAÇADOR 2MM CORTAG SLIM-PCTE  100 UNID,pct,0.000,estoque,material,FC ENGENHARIA E CONSTRUCAO LTDA
MAT-0448,FECHADURA ZM RETRO 411 COD.54023125-EXTERNA 55 MM,par,7.000,estoque,material,FC ENGENHARIA E CONSTRUCAO LTDA
MAT-0449,SILICONE PU 40  WATERPROF CINZA 360 G,un,63.000,estoque,material,FC ENGENHARIA E CONSTRUCAO LTDA
MAT-0450,LAMINA SERRA STARRET,un,20.000,estoque,material,FC ENGENHARIA E CONSTRUCAO LTDA
MAT-0451,DISCO MAKITA DIAMANTADO PORCELANATO-CORTAG,un,0.000,estoque,material,FC ENGENHARIA E CONSTRUCAO LTDA
MAT-0452,LAMINA DE ESTILETE-NOVE 54- CX 10 UNID,un,0.000,estoque,material,FC ENGENHARIA E CONSTRUCAO LTDA
MAT-0453,LAMPADA LED 20W AVANT BULBO,un,6.000,estoque,material,FC ENGENHARIA E CONSTRUCAO LTDA
MAT-0454,FITA ZEBRADA,rolo,25.000,estoque,material,FC ENGENHARIA E CONSTRUCAO LTDA
MAT-0455,GRAXA GARIN POTE 500 G,un,1.000,estoque,material,FC ENGENHARIA E CONSTRUCAO LTDA
MAT-0456,DISCO SERRA CIRCULAR 7 1/4 X20 --24 DENTES,un,0.000,estoque,material,FC ENGENHARIA E CONSTRUCAO LTDA
MAT-0457,PORTA GRELHA DN 100 -ASTRA,un,273.000,estoque,material,FC ENGENHARIA E CONSTRUCAO LTDA
MAT-0458,Bomba para Encher Pneu de Girica,un,1.000,estoque,material,FC ENGENHARIA E CONSTRUCAO LTDA
MAT-0459,Papel sulfite Chamex 500 folhas,un,10.000,estoque,material,FC ENGENHARIA E CONSTRUCAO LTDA
MAT-0460,Pano de Chão Xadrez,un,10.000,estoque,material,FC ENGENHARIA E CONSTRUCAO LTDA
MAT-0461,Pano Multiuso Perflex,un,2.000,estoque,material,FC ENGENHARIA E CONSTRUCAO LTDA
MAT-0462,Desinfetante,gl,4.000,estoque,material,FC ENGENHARIA E CONSTRUCAO LTDA
MAT-0463,Detergente 5L,un,2.000,estoque,material,FC ENGENHARIA E CONSTRUCAO LTDA
MAT-0464,Desinfetante 5L,un,4.000,estoque,material,FC ENGENHARIA E CONSTRUCAO LTDA
MAT-0465,Caixa de Copos Descartáveis,un,1.000,estoque,material,FC ENGENHARIA E CONSTRUCAO LTDA
MAT-0466,Saco de Lixo 100L,un,30.000,estoque,material,FC ENGENHARIA E CONSTRUCAO LTDA
MAT-0467,Esponja de Lavar Louça,un,15.000,estoque,material,FC ENGENHARIA E CONSTRUCAO LTDA
MAT-0468,Vassoura de Pelo,un,10.000,estoque,material,FC ENGENHARIA E CONSTRUCAO LTDA
MAT-0469,Rodo,un,2.000,estoque,material,FC ENGENHARIA E CONSTRUCAO LTDA
MAT-0470,Vassoura Piaçava,un,8.000,estoque,material,FC ENGENHARIA E CONSTRUCAO LTDA
MAT-0471,Linha de Nylon (Linha de Pedreiro),un,5.000,estoque,material,FC ENGENHARIA E CONSTRUCAO LTDA
MAT-0472,Desempenadeira 18 X 30 Cortag Estriada,un,4.000,estoque,material,FC ENGENHARIA E CONSTRUCAO LTDA
MAT-0473,Desempenadeira 12X48 Cortag Lisa,un,4.000,estoque,material,FC ENGENHARIA E CONSTRUCAO LTDA
MAT-0474,"Barra de Aço Ca - 10Mm -12,00M",un,12.000,estoque,material,FC ENGENHARIA E CONSTRUCAO LTDA
MAT-0475,"Madeirite Plastificado 1,1M X 2,2M",m²,14.520,estoque,material,FC ENGENHARIA E CONSTRUCAO LTDA
MAT-0476,Sarrafo 10Cm X 3M,un,15.000,estoque,material,FC ENGENHARIA E CONSTRUCAO LTDA
MAT-0477,Chapisco Colante,un,5.000,estoque,material,FC ENGENHARIA E CONSTRUCAO LTDA
MAT-0478,Bianco 18L,un,3.000,estoque,material,FC ENGENHARIA E CONSTRUCAO LTDA
MAT-0479,Disco de Corte Fino Aço/Inox,un,2.000,estoque,material,FC ENGENHARIA E CONSTRUCAO LTDA
MAT-0480,Papel Timbrado Fc Engenharia,un,500.000,estoque,material,FC ENGENHARIA E CONSTRUCAO LTDA
MAT-0481,Envelope Impressão Laser 25X35,un,100.000,estoque,material,FC ENGENHARIA E CONSTRUCAO LTDA
MAT-0482,Internet,un,1.000,estoque,material,FC ENGENHARIA E CONSTRUCAO LTDA
MAT-0483,Limitador de Garagem Bate Roda,un,20.000,estoque,material,FC ENGENHARIA E CONSTRUCAO LTDA
MAT-0484,Internet 20/04/2026 Até 19/05/2026,un,1.000,estoque,material,FC ENGENHARIA E CONSTRUCAO LTDA
MAT-0485,Disco Makita Segmentado 110X20mm,un,0.000,estoque,material,FC ENGENHARIA E CONSTRUCAO LTDA
MAT-0486,Prego de Aço 17 x 21,kg,7.000,estoque,material,FC ENGENHARIA E CONSTRUCAO LTDA
MAT-0487,Disco de Corte (de Sempre),un,0.000,estoque,material,FC ENGENHARIA E CONSTRUCAO LTDA
MAT-0488,Pedrisco Brita 0,m,1.200,estoque,material,FC ENGENHARIA E CONSTRUCAO LTDA
MAT-0489,Areia Média Lavada,m³,115.000,estoque,material,FC ENGENHARIA E CONSTRUCAO LTDA
MAT-0490,Lona 4X100,m,650.000,estoque,material,FC ENGENHARIA E CONSTRUCAO LTDA
MAT-0491,Fita Transparente,vb,5.000,estoque,material,FC ENGENHARIA E CONSTRUCAO LTDA
MAT-0492,Broca Sds Concreto 12X300 Mm,un,0.000,estoque,material,FC ENGENHARIA E CONSTRUCAO LTDA
MAT-0493,Sarrafo de Pinus 7,m,1000.000,estoque,material,FC ENGENHARIA E CONSTRUCAO LTDA
MAT-0494,Prego Cabeça Dupla 18X30,pç,4.000,estoque,material,FC ENGENHARIA E CONSTRUCAO LTDA
MAT-0495,Prego 13X18,kg,0.000,estoque,material,FC ENGENHARIA E CONSTRUCAO LTDA
MAT-0496,"Disco de Serra Circular 7"" 1/4",un,2.000,estoque,material,FC ENGENHARIA E CONSTRUCAO LTDA
MAT-0497,"Mangueira Polietileno Ponta Vermelha 1""",m,200.000,estoque,material,FC ENGENHARIA E CONSTRUCAO LTDA
MAT-0498,Locação de Escoramentos Metálicos,un,40.000,estoque,material,FC ENGENHARIA E CONSTRUCAO LTDA
MAT-0499,Projeto,un,0.000,estoque,material,FC ENGENHARIA E CONSTRUCAO LTDA
MAT-0500,Anotação de Responsabilidade Técnica (Art),un,1.000,estoque,material,FC ENGENHARIA E CONSTRUCAO LTDA
MAT-0501,Taxa Carregamento e Descarregamento,un,2.000,estoque,material,FC ENGENHARIA E CONSTRUCAO LTDA
MAT-0502,Brita 1,m³,1.500,estoque,material,FC ENGENHARIA E CONSTRUCAO LTDA
MAT-0503,"Parafuso Francês Cabeça Chata 6"" 3/8",un,12.000,estoque,material,FC ENGENHARIA E CONSTRUCAO LTDA
MAT-0504,Cimento,un,0.000,estoque,material,FC ENGENHARIA E CONSTRUCAO LTDA
MAT-0505,Disco de Corte,un,2.000,estoque,material,FC ENGENHARIA E CONSTRUCAO LTDA
MAT-0506,Trinco Rocha Fg055,vb,1.000,estoque,material,FC ENGENHARIA E CONSTRUCAO LTDA
MAT-0507,Balde de Bianco,un,2.000,estoque,material,FC ENGENHARIA E CONSTRUCAO LTDA
MAT-0508,Caçamba,m³,3.000,estoque,material,FC ENGENHARIA E CONSTRUCAO LTDA
MAT-0509,Lâmpadas 20W,un,6.000,estoque,material,FC ENGENHARIA E CONSTRUCAO LTDA
MAT-0510,Pilhas Aa,un,6.000,estoque,material,FC ENGENHARIA E CONSTRUCAO LTDA
MAT-0511,Barra Rosqueavel,un,32.000,estoque,material,FC ENGENHARIA E CONSTRUCAO LTDA
MAT-0512,Porcas Sextavadas,un,6.000,estoque,material,FC ENGENHARIA E CONSTRUCAO LTDA
MAT-0513,Arruelas Lisa,un,1.000,estoque,material,FC ENGENHARIA E CONSTRUCAO LTDA
MAT-0514,Graxa 500G,un,1.000,estoque,material,FC ENGENHARIA E CONSTRUCAO LTDA
MAT-0515,Pincel,un,12.000,estoque,material,FC ENGENHARIA E CONSTRUCAO LTDA
MAT-0516,"12 Tabua de 0,30 Cm (Eucalipto) - 4M Cada",un,12.000,estoque,material,FC ENGENHARIA E CONSTRUCAO LTDA
MAT-0517,10 Pontalete de 5 Polegadas (Eucalipto) - 4M Cada,un,44.000,estoque,material,FC ENGENHARIA E CONSTRUCAO LTDA
MAT-0518,40 M Sarrafo de 15 Cm (Eucalipto) - 4M Cada,m,120.000,estoque,material,FC ENGENHARIA E CONSTRUCAO LTDA
MAT-0519,Spray Azul,un,6.000,estoque,material,FC ENGENHARIA E CONSTRUCAO LTDA
MAT-0520,Mangueira Ponta Vermelha (Preta),m,50.000,estoque,material,FC ENGENHARIA E CONSTRUCAO LTDA
MAT-0521,Desmoldante para Concreto,un,1.000,estoque,material,FC ENGENHARIA E CONSTRUCAO LTDA
MAT-0522,Mensalidade Ponto Facial,un,1.000,estoque,material,FC ENGENHARIA E CONSTRUCAO LTDA
MAT-0523,Tela Cerquite Laranja,m,50.000,estoque,material,FC ENGENHARIA E CONSTRUCAO LTDA
MAT-0524,Protetor de Ponta Ferragem Ref. Pp,un,30.000,estoque,material,FC ENGENHARIA E CONSTRUCAO LTDA
MAT-0525,Aço 8.0Mm,kg,116.250,estoque,material,FC ENGENHARIA E CONSTRUCAO LTDA
MAT-0526,"Aço 5,0Mm",barra,43.500,estoque,material,FC ENGENHARIA E CONSTRUCAO LTDA
MAT-0527,"Aço 10,0Mm",barra,12.000,estoque,material,FC ENGENHARIA E CONSTRUCAO LTDA
MAT-0528,Argamassa de Regularização e/Ou Proteção e=4 Cm Traço 1:6,L,200.000,estoque,material,FC ENGENHARIA E CONSTRUCAO LTDA
MAT-0529,Nível de Mão 3 Bolhas,un,1.000,estoque,material,FC ENGENHARIA E CONSTRUCAO LTDA
MAT-0530,Desempenadeira de Aço Dentada 35Cm X 10Cm,un,1.000,estoque,material,FC ENGENHARIA E CONSTRUCAO LTDA
MAT-0531,Desempenadeira Pvc Corrugada 16X28,un,2.000,estoque,material,FC ENGENHARIA E CONSTRUCAO LTDA
MAT-0532,Talhadeira Ferro Mola Fina 30Mmx 250Mm ( 25Cm ),un,4.000,estoque,material,FC ENGENHARIA E CONSTRUCAO LTDA
MAT-0533,Talhadeira Sds 250Mm para Martelete,un,2.000,estoque,material,FC ENGENHARIA E CONSTRUCAO LTDA
MAT-0534,Linha de Pedreiro,un,3.000,estoque,material,FC ENGENHARIA E CONSTRUCAO LTDA
MAT-0535,Alicate Rebitador Manual,un,1.000,estoque,material,FC ENGENHARIA E CONSTRUCAO LTDA
MAT-0536,Sarrafo 15Cm X 3M,un,10.000,estoque,material,FC ENGENHARIA E CONSTRUCAO LTDA
MAT-0537,Prego Diversas Bitolas (19 X 36),un,5.000,estoque,material,FC ENGENHARIA E CONSTRUCAO LTDA
MAT-0538,Porta Completa 90Cm,vb,1.000,estoque,material,FC ENGENHARIA E CONSTRUCAO LTDA
MAT-0539,Chave Inglesa 12,un,2.000,estoque,material,FC ENGENHARIA E CONSTRUCAO LTDA
MAT-0540,Graxa,un,3.000,estoque,material,FC ENGENHARIA E CONSTRUCAO LTDA
MAT-0541,Chave Combinada 22,un,2.000,estoque,material,FC ENGENHARIA E CONSTRUCAO LTDA
MAT-0542,"Rolo de Tusa 1""",un,4.000,estoque,material,FC ENGENHARIA E CONSTRUCAO LTDA
MAT-0543,Rolo Fita Isolante,un,20.000,estoque,material,FC ENGENHARIA E CONSTRUCAO LTDA
MAT-0544,Levantamento Topográfico para As Built,un,1.000,estoque,material,FC ENGENHARIA E CONSTRUCAO LTDA
MAT-0545,Caixa de Passagem CPT40 Tigre,un,0.000,estoque,material,FC ENGENHARIA E CONSTRUCAO LTDA
MAT-0546,Sarrafo de 200Cmx5cm,un,2.000,estoque,material,FC ENGENHARIA E CONSTRUCAO LTDA
MAT-0547,Sarrafo de 300Cmx5cm,un,2.000,estoque,material,FC ENGENHARIA E CONSTRUCAO LTDA
MAT-0548,Rolo Lã 23Cm,un,2.000,estoque,material,FC ENGENHARIA E CONSTRUCAO LTDA
MAT-0549,"Trincha 2""",un,3.000,estoque,material,FC ENGENHARIA E CONSTRUCAO LTDA
MAT-0550,Chumbador (Pba) 3/8 X 3 1/2,un,292.000,estoque,material,FC ENGENHARIA E CONSTRUCAO LTDA
MAT-0551,Disco Serra Circular 7 1/4 X 2,vb,2.000,estoque,material,FC ENGENHARIA E CONSTRUCAO LTDA
MAT-0552,Soquete com Rabicho e-27,un,3.000,estoque,material,FC ENGENHARIA E CONSTRUCAO LTDA
MAT-0553,Lâmpada Led a60,vb,3.000,estoque,material,FC ENGENHARIA E CONSTRUCAO LTDA
MAT-0554,Fita Isolante 20M,vb,1.000,estoque,material,FC ENGENHARIA E CONSTRUCAO LTDA
MAT-0555,Wd40,vb,2.000,estoque,material,FC ENGENHARIA E CONSTRUCAO LTDA
MAT-0556,Garrafao 5L,vb,2.000,estoque,material,FC ENGENHARIA E CONSTRUCAO LTDA
MAT-0557,Trena 5Mx16mm,vb,1.000,estoque,material,FC ENGENHARIA E CONSTRUCAO LTDA
MAT-0558,Trena 8Mx26mm,vb,1.000,estoque,material,FC ENGENHARIA E CONSTRUCAO LTDA
MAT-0559,Estilete 25Mm,vb,2.000,estoque,material,FC ENGENHARIA E CONSTRUCAO LTDA
MAT-0560,Prego 18X27,vb,9.000,estoque,material,FC ENGENHARIA E CONSTRUCAO LTDA
MAT-0561,Dobradiça 3,vb,1.000,estoque,material,FC ENGENHARIA E CONSTRUCAO LTDA
MAT-0562,Canivete Brasforte,vb,1.000,estoque,material,FC ENGENHARIA E CONSTRUCAO LTDA
MAT-0563,Corda 08Mm,vb,10.000,estoque,material,FC ENGENHARIA E CONSTRUCAO LTDA
MAT-0564,Cadeado,vb,4.000,estoque,material,FC ENGENHARIA E CONSTRUCAO LTDA
MAT-0565,Corrente 2Mm,vb,1.000,estoque,material,FC ENGENHARIA E CONSTRUCAO LTDA
MAT-0566,Cadeado 40Mm,vb,2.000,estoque,material,FC ENGENHARIA E CONSTRUCAO LTDA
MAT-0567,Cadeado 45Mm,vb,1.000,estoque,material,FC ENGENHARIA E CONSTRUCAO LTDA
MAT-0568,Corrente 6Mm,vb,2.000,estoque,material,FC ENGENHARIA E CONSTRUCAO LTDA
MAT-0569,Pino Macho 10a,vb,10.000,estoque,material,FC ENGENHARIA E CONSTRUCAO LTDA
MAT-0570,Pino Femea 10a,vb,7.000,estoque,material,FC ENGENHARIA E CONSTRUCAO LTDA
MAT-0571,Pino Femea 10a - Preto,vb,3.000,estoque,material,FC ENGENHARIA E CONSTRUCAO LTDA
MAT-0572,Enforca Gato,vb,500.000,estoque,material,FC ENGENHARIA E CONSTRUCAO LTDA
MAT-0573,Chave Philips 3/16,vb,1.000,estoque,material,FC ENGENHARIA E CONSTRUCAO LTDA
MAT-0574,Chave Fenda 3/16,vb,1.000,estoque,material,FC ENGENHARIA E CONSTRUCAO LTDA
MAT-0575,Alicate,vb,1.000,estoque,material,FC ENGENHARIA E CONSTRUCAO LTDA
MAT-0576,Bota - 42,vb,0.000,estoque,material,FC ENGENHARIA E CONSTRUCAO LTDA
MAT-0577,Chave Allen,un,1.000,estoque,material,FC ENGENHARIA E CONSTRUCAO LTDA
MAT-0578,Bota 40 e 41,un,3.000,estoque,material,FC ENGENHARIA E CONSTRUCAO LTDA
MAT-0579,Roda Teto + Cola,vb,11.000,estoque,material,FC ENGENHARIA E CONSTRUCAO LTDA
MAT-0580,Benjamim 3 Pinos,vb,3.000,estoque,material,FC ENGENHARIA E CONSTRUCAO LTDA
MAT-0581,Chave Philips,un,1.000,estoque,material,FC ENGENHARIA E CONSTRUCAO LTDA
MAT-0582,Despenadeira Dentada,un,1.000,estoque,material,FC ENGENHARIA E CONSTRUCAO LTDA
MAT-0583,Adesivo Compound,un,2.000,estoque,material,FC ENGENHARIA E CONSTRUCAO LTDA
MAT-0584,Caixa de Passagem Pvc 20X20,un,9.000,estoque,material,FC ENGENHARIA E CONSTRUCAO LTDA
MAT-0585,Disco de Corte 4 1/2,un,1.000,estoque,material,FC ENGENHARIA E CONSTRUCAO LTDA
MAT-0586,Perfil Led Embutir,m²,2.000,estoque,material,FC ENGENHARIA E CONSTRUCAO LTDA
MAT-0587,Disjuntor 20 A bipolar,vb,4.000,estoque,material,FC ENGENHARIA E CONSTRUCAO LTDA
MAT-0588,Perfil de Led de Embutir 20Mm,m,20.000,estoque,material,FC ENGENHARIA E CONSTRUCAO LTDA
MAT-0589,"Disco de Corte Stanley 41/2X1,0x7/8",un,7.000,estoque,material,FC ENGENHARIA E CONSTRUCAO LTDA
MAT-0590,Pulverizador Burrifador,un,1.000,estoque,material,FC ENGENHARIA E CONSTRUCAO LTDA
MAT-0591,Alicate Bico de Papagaio,un,1.000,estoque,material,FC ENGENHARIA E CONSTRUCAO LTDA
MAT-0592,Alicate de Pressão,un,1.000,estoque,material,FC ENGENHARIA E CONSTRUCAO LTDA
MAT-0593,Alicate Bomba D'água,un,1.000,estoque,material,FC ENGENHARIA E CONSTRUCAO LTDA
MAT-0594,Chave Hidráulica 8 em 1,un,1.000,estoque,material,FC ENGENHARIA E CONSTRUCAO LTDA
MAT-0595,Tarraxa,un,1.000,estoque,material,FC ENGENHARIA E CONSTRUCAO LTDA
MAT-0596,Conjunto de Chave L,un,1.000,estoque,material,FC ENGENHARIA E CONSTRUCAO LTDA
MAT-0597,Arco de Serra,un,1133.000,estoque,material,FC ENGENHARIA E CONSTRUCAO LTDA
MAT-0598,Trena,un,1.000,estoque,material,FC ENGENHARIA E CONSTRUCAO LTDA
MAT-0599,Bolsa para Ferramentas,un,5.000,estoque,material,FC ENGENHARIA E CONSTRUCAO LTDA
MAT-0600,Nível de Mão,un,1.000,estoque,material,FC ENGENHARIA E CONSTRUCAO LTDA
MAT-0601,Te 90 Marrom Tigre 25Mm,un,16.000,estoque,material,FC ENGENHARIA E CONSTRUCAO LTDA
MAT-0602,Luva Marrom Correr 25Mm,un,0.000,estoque,material,FC ENGENHARIA E CONSTRUCAO LTDA
MAT-0603,Betoneira,un,0.000,estoque,material,FC ENGENHARIA E CONSTRUCAO LTDA
MAT-0604,Bocal Rabicho,un,8.000,estoque,material,FC ENGENHARIA E CONSTRUCAO LTDA
MAT-0605,Lâmpada de Led,un,5.000,estoque,material,FC ENGENHARIA E CONSTRUCAO LTDA
MAT-0606,RODIZIOS BORRACHA GIRATORIOS,un,17.000,estoque,equipamento_locado,FC ENGENHARIA E CONSTRUCAO LTDA
MAT-0607,PONTEIRA MART 06/10 KG,un,6.000,estoque,equipamento_locado,FC ENGENHARIA E CONSTRUCAO LTDA
MAT-0608,TALHADEIRA MART 06/10 KG,un,2.000,estoque,equipamento_locado,FC ENGENHARIA E CONSTRUCAO LTDA
MAT-0609,ROMP.PERF.06 KG220V-COD26 DWALT,un,1.000,estoque,equipamento_locado,FC ENGENHARIA E CONSTRUCAO LTDA
MAT-0610,TALHADEIRA MART 16/30 KG,un,2.000,estoque,equipamento_locado,FC ENGENHARIA E CONSTRUCAO LTDA
MAT-0611,CHAVE DE APERTO DW 848 P/ ESMERILHA DEIRA,un,4.000,estoque,equipamento_locado,FC ENGENHARIA E CONSTRUCAO LTDA
MAT-0612,PONTEIRA MART 16/30 KG,un,4.000,estoque,equipamento_locado,FC ENGENHARIA E CONSTRUCAO LTDA
MAT-0613,ROMP.MART10 KG 220V-COD62 DCK,un,1.000,estoque,equipamento_locado,FC ENGENHARIA E CONSTRUCAO LTDA
MAT-0614,ROMP. MART10 KG 220V-COD39 DCK,un,1.000,estoque,equipamento_locado,FC ENGENHARIA E CONSTRUCAO LTDA
MAT-0615,SAPATAS AJUSTÁVEIS,un,143.000,estoque,equipamento_locado,FC ENGENHARIA E CONSTRUCAO LTDA
MAT-0616,"PRANCHAO METALICO 1,50M X 0,37M",un,46.000,estoque,equipamento_locado,FC ENGENHARIA E CONSTRUCAO LTDA
MAT-0617,"DIAGONA IS 2,12",un,4.000,estoque,equipamento_locado,FC ENGENHARIA E CONSTRUCAO LTDA
MAT-0618,"GUARDA CORPO 1,50M S/ PORTA",un,2.000,estoque,equipamento_locado,FC ENGENHARIA E CONSTRUCAO LTDA
MAT-0619,PARAFUS. A BATERIA-CÓD01 BOSCH,un,1.000,estoque,equipamento_locado,FC ENGENHARIA E CONSTRUCAO LTDA
MAT-0620,CHAVE DE APERTO P/ SERRA MARMORE,un,2.000,estoque,equipamento_locado,FC ENGENHARIA E CONSTRUCAO LTDA
MAT-0621,"PAINEL NR18 1,5X1,0 COM DEGRAU",un,118.000,estoque,equipamento_locado,FC ENGENHARIA E CONSTRUCAO LTDA
MAT-0622,"DIAGONA IS X 1,00 M",un,17.000,estoque,equipamento_locado,FC ENGENHARIA E CONSTRUCAO LTDA
MAT-0623,"DIAGONA IS X 1,50 M",un,291.000,estoque,equipamento_locado,FC ENGENHARIA E CONSTRUCAO LTDA
MAT-0624,VIGA PARA 3 MTS P/ BALANCINHO,un,2.000,estoque,equipamento_locado,FC ENGENHARIA E CONSTRUCAO LTDA
MAT-0625,ROMP.MART06 KG220V-COD100 DWALT,un,1.000,estoque,equipamento_locado,FC ENGENHARIA E CONSTRUCAO LTDA
MAT-0626,"LIGAÇÃO 1,00",un,1.000,estoque,equipamento_locado,FC ENGENHARIA E CONSTRUCAO LTDA
MAT-0627,BETONEIRA MONO 220V 400 LTS-CÓD75,un,1.000,estoque,equipamento_locado,FC ENGENHARIA E CONSTRUCAO LTDA
MAT-0628,"DIAGONA IS X 2,00 FACHADEIRO",un,36.000,estoque,equipamento_locado,FC ENGENHARIA E CONSTRUCAO LTDA
MAT-0629,RODAPE P/FACHADEIRO,un,12.000,estoque,equipamento_locado,FC ENGENHARIA E CONSTRUCAO LTDA
MAT-0630,"PRANCHAO 1,40X1,65 FACHADEIRO",un,24.000,estoque,equipamento_locado,FC ENGENHARIA E CONSTRUCAO LTDA
MAT-0631,GUARDA CORPO P/FACHADEIRO,un,24.000,estoque,equipamento_locado,FC ENGENHARIA E CONSTRUCAO LTDA
MAT-0632,"PAINEL FACHADEIRO 2,00X2,00",un,24.000,estoque,equipamento_locado,FC ENGENHARIA E CONSTRUCAO LTDA
MAT-0633,"PAINEL FACHADEIRO 2,00X2,00 C/ ESCADA",un,12.000,estoque,equipamento_locado,FC ENGENHARIA E CONSTRUCAO LTDA
MAT-0634,"MARTELETE 02,5KG (DE 00,0 A 02,5 KG)",un,7.000,estoque,equipamento_locado,FC ENGENHARIA E CONSTRUCAO LTDA
MAT-0635,"ANDAIME TUBULAR 1,00 X 1,00 M",un,12.000,estoque,equipamento_locado,FC ENGENHARIA E CONSTRUCAO LTDA
MAT-0636,SAPATA AJUSTAVEL,un,20.000,estoque,equipamento_locado,FC ENGENHARIA E CONSTRUCAO LTDA
MAT-0637,"ESMERILHADEIRA/LIXADEIRA ANGULAR 5""",un,1.000,estoque,equipamento_locado,FC ENGENHARIA E CONSTRUCAO LTDA
MAT-0638,FURADEIRA DE IMPACTO,un,1.000,estoque,equipamento_locado,FC ENGENHARIA E CONSTRUCAO LTDA
MAT-0639,"MARTELETE 16KG (DE 13,0 A 16,9 KG)",un,1.000,estoque,equipamento_locado,FC ENGENHARIA E CONSTRUCAO LTDA
MAT-0640,"DIAGONAL P/ ANDAIME - TORRES 1,00 x 1,00M (1,41m)",un,2.000,estoque,equipamento_locado,FC ENGENHARIA E CONSTRUCAO LTDA
MAT-0641,VIBRADOR DE CONCRETO C/ MANGOTE,un,2.000,estoque,equipamento_locado,FC ENGENHARIA E CONSTRUCAO LTDA
MAT-0642,"PLATAFORMA P/ ANDAIME 1,00 M",un,8.000,estoque,equipamento_locado,FC ENGENHARIA E CONSTRUCAO LTDA
MAT-0643,GUINCHO COLUNA - 000 A 200KG,un,4.000,estoque,equipamento_locado,FC ENGENHARIA E CONSTRUCAO LTDA
MAT-0644,"SERRA CIRCULAR 7.1/4""",un,1.000,estoque,equipamento_locado,FC ENGENHARIA E CONSTRUCAO LTDA
MAT-0645,PEDESTEL 200KG,un,1.000,estoque,equipamento_locado,FC ENGENHARIA E CONSTRUCAO LTDA
MAT-0646,Item TESTE -areia ,m³,10.000,estoque,material,FC ENGENHARIA E CONSTRUCAO LTDA
MAT-0647,Lâmpada,un,1.000,estoque,material,FC ENGENHARIA E CONSTRUCAO LTDA
MAT-0648,Bocal para Lâmpada,un,8.000,estoque,material,FC ENGENHARIA E CONSTRUCAO LTDA
MAT-0649,Compound A+b,un,8.000,estoque,material,FC ENGENHARIA E CONSTRUCAO LTDA
MAT-0650,Dobradiça,un,1.000,estoque,material,FC ENGENHARIA E CONSTRUCAO LTDA
MAT-0651,Porta Cadeado,un,1.000,estoque,material,FC ENGENHARIA E CONSTRUCAO LTDA
MAT-0652,Rolo de Pintura,un,3.000,estoque,material,FC ENGENHARIA E CONSTRUCAO LTDA
MAT-0653,Garfo (para Rolo de Pntura),un,2.000,estoque,material,FC ENGENHARIA E CONSTRUCAO LTDA
MAT-0654,Barra de Ferro 8,un,9.000,estoque,material,FC ENGENHARIA E CONSTRUCAO LTDA
MAT-0655,Lâmpadas de 30W,un,15.000,estoque,material,FC ENGENHARIA E CONSTRUCAO LTDA
MAT-0656,Injeção com Gel Acrílico + Espuma Hidroexpansiva (Casa de Máquinas Piscina),un,2.000,estoque,material,FC ENGENHARIA E CONSTRUCAO LTDA
MAT-0657,Injeção com Gel Acrílico + Espuma Hidroexpansiva (Rampa) + Aplição de Pu,un,4.000,estoque,material,FC ENGENHARIA E CONSTRUCAO LTDA
MAT-0658,"Semi Fosco Farben 0,9L",un,4.000,estoque,material,FC ENGENHARIA E CONSTRUCAO LTDA
MAT-0659,Pelicula 60X60 Banheiros,un,134.000,estoque,material,FC ENGENHARIA E CONSTRUCAO LTDA
MAT-0660,Argamassa Ac3 - Kerakoll,un,20.000,estoque,material,FC ENGENHARIA E CONSTRUCAO LTDA
MAT-0661,Container Almoxarifado,un,1.000,estoque,material,FC ENGENHARIA E CONSTRUCAO LTDA
MAT-0662,Container Banheiro,un,1.000,estoque,material,FC ENGENHARIA E CONSTRUCAO LTDA
MAT-0663,Botina Elastico - Tamanhos Variados,un,16.000,estoque,material,FC ENGENHARIA E CONSTRUCAO LTDA
MAT-0664,Botina Nobuck -41,un,1.000,estoque,material,FC ENGENHARIA E CONSTRUCAO LTDA
MAT-0665,ESPUMA EXPANSIVA TEK BOND 500 ML,un,63.000,estoque,material,FC ENGENHARIA E CONSTRUCAO LTDA
MAT-0666,SIFÃO PLASTICO UNIVERSAL AMANCO,un,8.000,estoque,material,FC ENGENHARIA E CONSTRUCAO LTDA
MAT-0667,DISCO DE CORTE MAQUINA REJUNTE-CHINA,un,38.000,estoque,material,FC ENGENHARIA E CONSTRUCAO LTDA
MAT-0668,"ESPATULA DE SILICONE 7X12,5",un,13.000,estoque,material,FC ENGENHARIA E CONSTRUCAO LTDA
MAT-0669,ESPATULA PLASTICA PARA MASSA- COMPEL,un,20.000,estoque,material,FC ENGENHARIA E CONSTRUCAO LTDA
MAT-0670,VEDA ROSCA TIGRE 18 MM,rolo,43.000,estoque,material,FC ENGENHARIA E CONSTRUCAO LTDA
MAT-0671,"Espátula Aço Polido com Cabo Plástico 152,4 MM",un,0.000,estoque,material,FC ENGENHARIA E CONSTRUCAO LTDA
MAT-0672,LAMPADA OUROLUX 30,un,4.000,estoque,material,FC ENGENHARIA E CONSTRUCAO LTDA
MAT-0673,DISCO PARA PORCELANATO DYMAR,un,8.000,estoque,material,FC ENGENHARIA E CONSTRUCAO LTDA
MAT-0674,PISTOLA FINCA PINO - ANCORA,un,5.000,estoque,equipamento_proprio,FC ENGENHARIA E CONSTRUCAO LTDA
MAT-0675,PISTOLA FINCAPINO - ANCORA,un,2.000,estoque,equipamento_proprio,FC ENGENHARIA E CONSTRUCAO LTDA
MAT-0676,SERRA MÁRMORE,un,3.000,estoque,equipamento_proprio,FC ENGENHARIA E CONSTRUCAO LTDA
MAT-0677,BATEDOR DE MASSA,un,1.000,estoque,equipamento_proprio,FC ENGENHARIA E CONSTRUCAO LTDA
MAT-0678,"Disco de Corte de Madeira 7 1/4"" com 24 Dentes",un,0.000,estoque,material,FC ENGENHARIA E CONSTRUCAO LTDA
MAT-0679,PARAFUSADEIRA FURADEIRA DE IMPACTO 2 BATERIAS 20V FONTE CARREGAMENTO BIVOLT PFV238I VONDER,un,1.000,estoque,equipamento_proprio,FC ENGENHARIA E CONSTRUCAO LTDA
MAT-0680,Pu Verdde 6155,un,1.000,estoque,material,FC ENGENHARIA E CONSTRUCAO LTDA
MAT-0681,Catalizador 064 450Ml,un,1.000,estoque,material,FC ENGENHARIA E CONSTRUCAO LTDA
MAT-0682,Catalizados Fsm Pu 064 Iaazzuril 300Ml,un,1.000,estoque,material,FC ENGENHARIA E CONSTRUCAO LTDA
MAT-0683,Trincha Atlas 419-2,un,1.000,estoque,material,FC ENGENHARIA E CONSTRUCAO LTDA
MAT-0684,Fita Creppe Auto 48X50 e Fita Adere Auto 48X50 Branco,un,1.000,estoque,material,FC ENGENHARIA E CONSTRUCAO LTDA
MAT-0685,Pneu Dunlop 185/70 R14,un,4.000,estoque,material,FC ENGENHARIA E CONSTRUCAO LTDA
MAT-0686,Guarda Corpo,un,0.000,estoque,material,FC ENGENHARIA E CONSTRUCAO LTDA
MAT-0687,"Painel 2,0X2,0",un,0.000,estoque,material,FC ENGENHARIA E CONSTRUCAO LTDA
MAT-0688,"Painel 2,0X2,0 com Escada",un,0.000,estoque,material,FC ENGENHARIA E CONSTRUCAO LTDA
MAT-0689,Monitoramento Sistema de Alarmes,un,2.000,estoque,material,FC ENGENHARIA E CONSTRUCAO LTDA
MAT-0690,"Painel Fechadeiro 2,0X2,0",un,0.000,estoque,material,FC ENGENHARIA E CONSTRUCAO LTDA
MAT-0691,Guarda Corpo Fechadeiro,un,0.000,estoque,material,FC ENGENHARIA E CONSTRUCAO LTDA
MAT-0692,"Diagonais X 2,00 Fachadeiro",un,0.000,estoque,material,FC ENGENHARIA E CONSTRUCAO LTDA
MAT-0693,Parafuso - Bteria - Cod 01 - Boach,un,0.000,estoque,material,FC ENGENHARIA E CONSTRUCAO LTDA
MAT-0694,Espuma Expansiva,un,2.000,estoque,material,FC ENGENHARIA E CONSTRUCAO LTDA
MAT-0695,Bucha06,un,12.000,estoque,material,FC ENGENHARIA E CONSTRUCAO LTDA
MAT-0696,Cabo 6Mm,un,120.000,estoque,material,FC ENGENHARIA E CONSTRUCAO LTDA
MAT-0697,Fita Perfurada,un,7.000,estoque,material,FC ENGENHARIA E CONSTRUCAO LTDA
MAT-0698,SERRA MÁRMORE A SECO BOSCH GDC 150 TITAN 1500W,un,1.000,estoque,equipamento_proprio,FC ENGENHARIA E CONSTRUCAO LTDA
MAT-0699,Argila Expandida,kg,200.000,estoque,material,FC ENGENHARIA E CONSTRUCAO LTDA
MAT-0700,Capa de Proteção Elevador,un,1.000,estoque,material,FC ENGENHARIA E CONSTRUCAO LTDA
MAT-0701,Viaplus 1000 18Kg,un,10.000,estoque,material,FC ENGENHARIA E CONSTRUCAO LTDA
MAT-0702,ESMERILHADEIRA 4 1/2 VONDER,un,1.000,estoque,equipamento_proprio,FC ENGENHARIA E CONSTRUCAO LTDA
MAT-0703,Luva de Correr 100 Esgoto,un,1.000,estoque,material,FC ENGENHARIA E CONSTRUCAO LTDA
MAT-0704,Joelho 45º de 60 Agua Fria,un,3.000,estoque,material,FC ENGENHARIA E CONSTRUCAO LTDA
MAT-0705,Registro Pvc 50,un,1.000,estoque,material,FC ENGENHARIA E CONSTRUCAO LTDA
MAT-0706,Prego 18X30 com Cabeça Dupla,kg,10.000,estoque,material,FC ENGENHARIA E CONSTRUCAO LTDA
MAT-0707,Trava Rosca,un,2.000,estoque,material,FC ENGENHARIA E CONSTRUCAO LTDA
MAT-0708,Junção de Esgoto 50X50,un,5.000,estoque,material,FC ENGENHARIA E CONSTRUCAO LTDA
MAT-0709,Luva de Junção Esgoto 50X50,un,10.000,estoque,material,FC ENGENHARIA E CONSTRUCAO LTDA
MAT-0710,Franje 3/4,un,1.000,estoque,material,FC ENGENHARIA E CONSTRUCAO LTDA
MAT-0711,Boia,un,1.000,estoque,material,FC ENGENHARIA E CONSTRUCAO LTDA
MAT-0712,Barras de Cano Marrom 3/4,un,2.000,estoque,material,FC ENGENHARIA E CONSTRUCAO LTDA
MAT-0713,Te de 32,un,2.000,estoque,material,FC ENGENHARIA E CONSTRUCAO LTDA
MAT-0714,Joelho 90° 32,un,4.000,estoque,material,FC ENGENHARIA E CONSTRUCAO LTDA
MAT-0715,Barras de Tubo Marrom 32,un,2.000,estoque,material,FC ENGENHARIA E CONSTRUCAO LTDA
MAT-0716,Luva de Correr 32,un,1.000,estoque,material,FC ENGENHARIA E CONSTRUCAO LTDA
MAT-0717,Joelho 90° 75 Marrom,un,2.000,estoque,material,FC ENGENHARIA E CONSTRUCAO LTDA
MAT-0718,Barra de Tubo 75 Marrom,un,2.000,estoque,material,FC ENGENHARIA E CONSTRUCAO LTDA
MAT-0719,Te Marrom de 75.,un,1.000,estoque,material,FC ENGENHARIA E CONSTRUCAO LTDA
MAT-0720,Franje 32,un,1.000,estoque,material,FC ENGENHARIA E CONSTRUCAO LTDA
MAT-0721,Joelho 90° de 3/4,un,5.000,estoque,material,FC ENGENHARIA E CONSTRUCAO LTDA
MAT-0722,Lixa de Ferro,un,2.000,estoque,material,FC ENGENHARIA E CONSTRUCAO LTDA
MAT-0723,Cola Trava Rosca 10G,un,1.000,estoque,material,FC ENGENHARIA E CONSTRUCAO LTDA
MAT-0724,Fardo de Papel Higienico,un,68.000,estoque,material,FC ENGENHARIA E CONSTRUCAO LTDA
MAT-0725,Caixa de Copo Descartável,cx,6.000,estoque,material,FC ENGENHARIA E CONSTRUCAO LTDA
MAT-0726,Pacote Saco Lixo 200,pç,3.000,estoque,material,FC ENGENHARIA E CONSTRUCAO LTDA
MAT-0727,Flanege de 50,un,2.000,estoque,material,FC ENGENHARIA E CONSTRUCAO LTDA
MAT-0728,Bucha de Redução de 75 para 50,un,2.000,estoque,material,FC ENGENHARIA E CONSTRUCAO LTDA
MAT-0729,Barra de 50,un,12.000,estoque,material,FC ENGENHARIA E CONSTRUCAO LTDA
MAT-0730,Luva de 75,un,2.000,estoque,material,FC ENGENHARIA E CONSTRUCAO LTDA
MAT-0731,Caps 75,un,0.000,estoque,material,FC ENGENHARIA E CONSTRUCAO LTDA
MAT-0732,Latas Látex18l (Verificar Cor),un,3.000,estoque,material,FC ENGENHARIA E CONSTRUCAO LTDA
MAT-0733,Latas Látex Branco 18L,un,3.000,estoque,material,FC ENGENHARIA E CONSTRUCAO LTDA
MAT-0734,Lata Massa Corrida Pva,un,1.000,estoque,material,FC ENGENHARIA E CONSTRUCAO LTDA
MAT-0735,Gesso,kg,0.000,estoque,material,FC ENGENHARIA E CONSTRUCAO LTDA
MAT-0736,Folha de Lixa 120,un,20.000,estoque,material,FC ENGENHARIA E CONSTRUCAO LTDA
MAT-0737,Lata de Esmalte Branco,un,1.000,estoque,material,FC ENGENHARIA E CONSTRUCAO LTDA
MAT-0738,Tinner,L,5.000,estoque,material,FC ENGENHARIA E CONSTRUCAO LTDA
MAT-0739,Rolo de Lá,un,1.000,estoque,material,FC ENGENHARIA E CONSTRUCAO LTDA
MAT-0740,Rolo de Espuma,un,1.000,estoque,material,FC ENGENHARIA E CONSTRUCAO LTDA
MAT-0741,Cabo de Pintura,un,1.000,estoque,material,FC ENGENHARIA E CONSTRUCAO LTDA
MAT-0742,"Pincel 3""",un,15.000,estoque,material,FC ENGENHARIA E CONSTRUCAO LTDA
MAT-0743,Cabo Extensor,un,1.000,estoque,material,FC ENGENHARIA E CONSTRUCAO LTDA
MAT-0744,Fita Crepe,un,22.000,estoque,material,FC ENGENHARIA E CONSTRUCAO LTDA
MAT-0745,"Aço Ca50 8,0 Mm",un,93.000,estoque,material,FC ENGENHARIA E CONSTRUCAO LTDA
MAT-0746,Pad Mouse,un,4.000,estoque,material,FC ENGENHARIA E CONSTRUCAO LTDA
MAT-0747,Mouse sem Fio,un,1.000,estoque,material,FC ENGENHARIA E CONSTRUCAO LTDA
MAT-0748,Pasta Sanfona,un,1.000,estoque,material,FC ENGENHARIA E CONSTRUCAO LTDA
MAT-0749,Corretivo Fita 3M,un,2.000,estoque,material,FC ENGENHARIA E CONSTRUCAO LTDA
MAT-0750,Pad Mouse Slim,un,1.000,estoque,material,FC ENGENHARIA E CONSTRUCAO LTDA
MAT-0751,Fita Crepe 18X45,un,1.000,estoque,material,FC ENGENHARIA E CONSTRUCAO LTDA
MAT-0752,"Caneta Esf ,7Vn Compactor",un,1.000,estoque,material,FC ENGENHARIA E CONSTRUCAO LTDA
MAT-0753,Chapa de Aluminio Luminaria,un,3.000,estoque,material,FC ENGENHARIA E CONSTRUCAO LTDA
MAT-0754,Plug Rosca,un,1.000,estoque,material,FC ENGENHARIA E CONSTRUCAO LTDA
MAT-0755,Espelho 4X2 Saida,un,0.000,estoque,material,FC ENGENHARIA E CONSTRUCAO LTDA
MAT-0756,Parafusadeira Vonder com Bateria e Maleta 20V,un,1.000,estoque,material,FC ENGENHARIA E CONSTRUCAO LTDA
MAT-0757,SERRA MARMORE 220V MAKITA 4100NH2Z,un,1.000,estoque,equipamento_proprio,FC ENGENHARIA E CONSTRUCAO LTDA
MAT-0758,SERRA CIRCULAR 7,un,1.000,estoque,equipamento_proprio,FC ENGENHARIA E CONSTRUCAO LTDA
MAT-0759,"ESMERILHADEIRA 4 ½""",un,13.000,estoque,equipamento_proprio,FC ENGENHARIA E CONSTRUCAO LTDA
MAT-0760,MARTELETE ROMPEDOR 220V,un,1.000,estoque,equipamento_proprio,FC ENGENHARIA E CONSTRUCAO LTDA
MAT-0761,Tesoura Aviador Prescorte,un,1.000,estoque,material,FC ENGENHARIA E CONSTRUCAO LTDA
MAT-0762,Desemp Aço Dentada 10X24cm,un,4.000,estoque,material,FC ENGENHARIA E CONSTRUCAO LTDA
MAT-0763,Prego Gerdau 17X21 Pct 1Kg,un,5.000,estoque,material,FC ENGENHARIA E CONSTRUCAO LTDA
MAT-0764,Sarrafo 5Cm 3M Pinus,un,30.000,estoque,material,FC ENGENHARIA E CONSTRUCAO LTDA
MAT-0765,Porta Lida Mescla 80e Completa,un,2.000,estoque,material,FC ENGENHARIA E CONSTRUCAO LTDA
MAT-0766,"Abrac Nylon Br Perkon 7,6X300",un,150.000,estoque,material,FC ENGENHARIA E CONSTRUCAO LTDA
MAT-0767,Parafuso Auto Brocante 8X1,un,300.000,estoque,material,FC ENGENHARIA E CONSTRUCAO LTDA
MAT-0768,"Disco Serra Ciircular 7,1/4X2",un,1.000,estoque,material,FC ENGENHARIA E CONSTRUCAO LTDA
MAT-0769,Trena Transparente 80,un,1.000,estoque,material,FC ENGENHARIA E CONSTRUCAO LTDA
MAT-0770,Parafuso P Telha 150Mm,un,30.000,estoque,material,FC ENGENHARIA E CONSTRUCAO LTDA
MAT-0771,Lixa Agua Tigre 100,un,4.000,estoque,material,FC ENGENHARIA E CONSTRUCAO LTDA
MAT-0772,Prego Gerdau 15X15 Pct 1K,un,2.000,estoque,material,FC ENGENHARIA E CONSTRUCAO LTDA
MAT-0773,Prego Gerdau 22X48 Pct 1K,un,5.000,estoque,material,FC ENGENHARIA E CONSTRUCAO LTDA
MAT-0774,Roldana Foco Nº 14,un,1.000,estoque,material,FC ENGENHARIA E CONSTRUCAO LTDA
MAT-0775,Marreta Tenace 1 Kg,un,1.000,estoque,material,FC ENGENHARIA E CONSTRUCAO LTDA
MAT-0776,Talhadeira Aço Redonda 1/2X12,un,2.000,estoque,material,FC ENGENHARIA E CONSTRUCAO LTDA
MAT-0777,Corrente Galvanizada 8Mm,un,1.000,estoque,material,FC ENGENHARIA E CONSTRUCAO LTDA
MAT-0778,Corda Bram Color 14Mm (70M),un,30.000,estoque,material,FC ENGENHARIA E CONSTRUCAO LTDA
MAT-0779,Corda Tipo Bombeiro Trançada,un,20.000,estoque,material,FC ENGENHARIA E CONSTRUCAO LTDA
MAT-0780,Arame Galvanizado 14Kg,un,10.000,estoque,material,FC ENGENHARIA E CONSTRUCAO LTDA
MAT-0781,Fita Solo Demarcação 48X14m,un,1.000,estoque,material,FC ENGENHARIA E CONSTRUCAO LTDA
MAT-0782,Ponteira Philips Dupla 110Mm,un,2.000,estoque,material,FC ENGENHARIA E CONSTRUCAO LTDA
MAT-0783,Disco Corte Starrett 4.1/2X3,un,10.000,estoque,material,FC ENGENHARIA E CONSTRUCAO LTDA
MAT-0784,Boquete Canhão Magnético 1/4,un,2.000,estoque,material,FC ENGENHARIA E CONSTRUCAO LTDA
MAT-0785,Boquete Canhão Magnético Ferja 8Mm,un,1.000,estoque,material,FC ENGENHARIA E CONSTRUCAO LTDA
MAT-0786,Boquete Canhão Magnético Ctpohr 10M,un,1.000,estoque,material,FC ENGENHARIA E CONSTRUCAO LTDA
MAT-0787,Parafuso Brocante 6X1,un,200.000,estoque,material,FC ENGENHARIA E CONSTRUCAO LTDA
MAT-0788,Gesso Rapido 1Kg Sampaflex,un,1.000,estoque,material,FC ENGENHARIA E CONSTRUCAO LTDA
MAT-0789,Parafuso P Telha 5/16X110mm,un,48.000,estoque,material,FC ENGENHARIA E CONSTRUCAO LTDA
MAT-0790,Broca Aço Irwin 6Mm,un,2.000,estoque,material,FC ENGENHARIA E CONSTRUCAO LTDA
MAT-0791,Broca Aço Irwin 8Mm,un,2.000,estoque,material,FC ENGENHARIA E CONSTRUCAO LTDA
MAT-0792,Fita Grepe Adere 48Mmx50m,un,5.000,estoque,material,FC ENGENHARIA E CONSTRUCAO LTDA
MAT-0793,Thinner 900Ml Itaqua,un,1.000,estoque,material,FC ENGENHARIA E CONSTRUCAO LTDA
MAT-0794,Prego Gerdau 17X21 Pct 1 Kg,un,9.000,estoque,material,FC ENGENHARIA E CONSTRUCAO LTDA
MAT-0795,Prego Gerdau 18X30 Pct 1Kg,un,6.000,estoque,material,FC ENGENHARIA E CONSTRUCAO LTDA
MAT-0796,Rolo Tigre Lã Natural 1316-230,un,2.000,estoque,material,FC ENGENHARIA E CONSTRUCAO LTDA
MAT-0797,Suporte P Rolo Pintura 23Cm,un,2.000,estoque,material,FC ENGENHARIA E CONSTRUCAO LTDA
MAT-0798,Rolo Tigre Cinza 9Cm,un,4.000,estoque,material,FC ENGENHARIA E CONSTRUCAO LTDA
MAT-0799,Bandeja Pintura 23Cm Tigre,un,2.000,estoque,material,FC ENGENHARIA E CONSTRUCAO LTDA
MAT-0800,Cantoneira Cromada,un,34.000,estoque,material,FC ENGENHARIA E CONSTRUCAO LTDA
MAT-0801,"SERRA POLICORTE 14""",un,1.000,estoque,equipamento_proprio,FC ENGENHARIA E CONSTRUCAO LTDA
MAT-0802,PARAFUSADEIRA,un,1.000,estoque,equipamento_proprio,FC ENGENHARIA E CONSTRUCAO LTDA
MAT-0803,CORTADOR DE PAREDE 121MM,un,2.000,estoque,equipamento_proprio,FC ENGENHARIA E CONSTRUCAO LTDA
MAT-0804,"SERRA CIRCULAR 7¼""- Vonder",un,2.000,estoque,equipamento_proprio,FC ENGENHARIA E CONSTRUCAO LTDA
MAT-0805,VENTOSA VIBRATORIA A BATERIA,un,1.000,estoque,equipamento_proprio,FC ENGENHARIA E CONSTRUCAO LTDA
MAT-0806,SOLDA INVERSORA,un,1.000,estoque,equipamento_proprio,FC ENGENHARIA E CONSTRUCAO LTDA
MAT-0807,VENTOSA ELETRICA,un,2.000,estoque,equipamento_proprio,FC ENGENHARIA E CONSTRUCAO LTDA
MAT-0808,MAQUINA ELETRICA DE CORTE E LIMPEZA DE JUNTAS 100MM,un,1.000,estoque,equipamento_proprio,FC ENGENHARIA E CONSTRUCAO LTDA
MAT-0809,CORTADOR DE PAREDE 50MM,un,1.000,estoque,equipamento_proprio,FC ENGENHARIA E CONSTRUCAO LTDA
MAT-0810,Espelho Comum 4Mm - 1300X850,m²,56.000,estoque,material,FC ENGENHARIA E CONSTRUCAO LTDA
MAT-0811,Espelho Comum 4Mm - 600X850,m²,53.000,estoque,material,FC ENGENHARIA E CONSTRUCAO LTDA
MAT-0812,Espelho Comum 4Mm - 1250X850,m²,5.000,estoque,material,FC ENGENHARIA E CONSTRUCAO LTDA
MAT-0813,Espelho Comum 4Mm - 800X850,m²,66.000,estoque,material,FC ENGENHARIA E CONSTRUCAO LTDA
MAT-0814,Espelho Comum 4Mm - 550X850,m²,6.000,estoque,material,FC ENGENHARIA E CONSTRUCAO LTDA
MAT-0815,Espelho Comum 4Mm - 850X850,m²,6.000,estoque,material,FC ENGENHARIA E CONSTRUCAO LTDA
MAT-0816,Espelho Comum 4Mm - 1260X850,m²,6.000,estoque,material,FC ENGENHARIA E CONSTRUCAO LTDA
MAT-0817,Espelho Comum 4Mm - 700X850,m²,18.000,estoque,material,FC ENGENHARIA E CONSTRUCAO LTDA
MAT-0818,Espelho Comum 4Mm - 380X850,m²,6.000,estoque,material,FC ENGENHARIA E CONSTRUCAO LTDA
MAT-0819,NOTEBOOK CORE I5 LENOVO (LILIAN),un,1.000,estoque,equipamento_proprio,FC ENGENHARIA E CONSTRUCAO LTDA
MAT-0820,NOTEBOOK CORE I7 LENOVO (BEATRIZ),un,1.000,estoque,equipamento_proprio,FC ENGENHARIA E CONSTRUCAO LTDA
MAT-0821,NOTEBOOK LENOVO BRANCO (ISABELA),un,1.000,estoque,equipamento_proprio,FC ENGENHARIA E CONSTRUCAO LTDA
MAT-0822,Cabo Pp 4X10,un,20.000,estoque,material,FC ENGENHARIA E CONSTRUCAO LTDA
MAT-0823,Steck Disjuntor Tripolar 50a,un,1.000,estoque,material,FC ENGENHARIA E CONSTRUCAO LTDA
MAT-0824,Conector Generico 25Mm,un,3.000,estoque,material,FC ENGENHARIA E CONSTRUCAO LTDA
MAT-0825,Tigre Fita Isolante 20M,un,2.000,estoque,material,FC ENGENHARIA E CONSTRUCAO LTDA
MAT-0826,"Cabo Pp 3X2,5mm",un,35.000,estoque,material,FC ENGENHARIA E CONSTRUCAO LTDA
MAT-0827,Flame Blanc Int Bip Simples,un,1.000,estoque,material,FC ENGENHARIA E CONSTRUCAO LTDA
MAT-0828,Suporte P/Disj Din P/1dis,un,12.000,estoque,material,FC ENGENHARIA E CONSTRUCAO LTDA
MAT-0829,Steck Disjuntor Tripolar 40a,un,1.000,estoque,material,FC ENGENHARIA E CONSTRUCAO LTDA
MAT-0830,Vonder Colher P/Pedreiro 8º Reta Plus,un,2.000,estoque,material,FC ENGENHARIA E CONSTRUCAO LTDA
MAT-0831,Linha Oedreiro 100M,un,5.000,estoque,material,FC ENGENHARIA E CONSTRUCAO LTDA
MAT-0832,Compel Desempenadeira Plast Corrugada,un,4.000,estoque,material,FC ENGENHARIA E CONSTRUCAO LTDA
MAT-0833,Compel Desempenadeira Plast Lisa 18X30,un,4.000,estoque,material,FC ENGENHARIA E CONSTRUCAO LTDA
MAT-0834,Tigre Corpo Caixa Sif 150X165x75,un,1.000,estoque,material,FC ENGENHARIA E CONSTRUCAO LTDA
MAT-0835,IPHONE (ISABELA),un,1.000,estoque,equipamento_proprio,FC ENGENHARIA E CONSTRUCAO LTDA
MAT-0836,"TV PHILIPS 60"" (DIRETORIA)",un,1.000,estoque,equipamento_proprio,FC ENGENHARIA E CONSTRUCAO LTDA
MAT-0837,TV SAMSUNG,un,1.000,estoque,equipamento_proprio,FC ENGENHARIA E CONSTRUCAO LTDA
MAT-0838,Broca Rapido Widea 6,un,2.000,estoque,material,FC ENGENHARIA E CONSTRUCAO LTDA
MAT-0839,Broca Rapido Widea 8,un,2.000,estoque,material,FC ENGENHARIA E CONSTRUCAO LTDA
MAT-0840,Broca Rapido Widea 10,un,4.000,estoque,material,FC ENGENHARIA E CONSTRUCAO LTDA
MAT-0841,Broca Rapido Widea 12,un,2.000,estoque,material,FC ENGENHARIA E CONSTRUCAO LTDA
MAT-0842,NOTEBOOK SAMSUNG CORE I7 (MARIANA),un,1.000,estoque,equipamento_proprio,FC ENGENHARIA E CONSTRUCAO LTDA
MAT-0843,GABINETE GAMER AEROCOOL BOLT RGB GABINETE MID TOWER AEROCOOL BOLT RGB (THAIS),un,1.000,estoque,equipamento_proprio,FC ENGENHARIA E CONSTRUCAO LTDA
MAT-0844,MONITOR PHILIPS (THAIS),un,1.000,estoque,equipamento_proprio,FC ENGENHARIA E CONSTRUCAO LTDA
MAT-0845,NOTEBOOK SAMSUNG I7 (KELLEN),un,1.000,estoque,equipamento_proprio,FC ENGENHARIA E CONSTRUCAO LTDA
MAT-0846,MONITOR PHILIS (CAROL),un,1.000,estoque,equipamento_proprio,FC ENGENHARIA E CONSTRUCAO LTDA
MAT-0847,GABINETE GAMER AEROCOOL BOLT RGB GABINETE MID TOWER AEROCOOL BOLT RGB (CAROL),un,1.000,estoque,equipamento_proprio,FC ENGENHARIA E CONSTRUCAO LTDA
MAT-0848,SMARTPHONE SAMSUNG GALAXY A05S (MARIANA),un,1.000,estoque,equipamento_proprio,FC ENGENHARIA E CONSTRUCAO LTDA
MAT-0849,MONITOR PHILIPS (ANDRÉ),un,1.000,estoque,equipamento_proprio,FC ENGENHARIA E CONSTRUCAO LTDA
MAT-0850,MONITOR PHILIPS (RAFAEL),un,1.000,estoque,equipamento_proprio,FC ENGENHARIA E CONSTRUCAO LTDA
MAT-0851,MONITOR PHILIPS (MARIANA),un,1.000,estoque,equipamento_proprio,FC ENGENHARIA E CONSTRUCAO LTDA
MAT-0852,PLOTTER CANON IPF 770,un,1.000,estoque,equipamento_proprio,FC ENGENHARIA E CONSTRUCAO LTDA
MAT-0853,NOTEBOOK DELL (MYRIÉLLE),un,1.000,estoque,equipamento_proprio,FC ENGENHARIA E CONSTRUCAO LTDA
MAT-0854,GABINETE GAMER MICRO-ATX (ARTHUR),un,1.000,estoque,equipamento_proprio,FC ENGENHARIA E CONSTRUCAO LTDA
MAT-0855,MONITOR LG (ARTHUR),un,1.000,estoque,equipamento_proprio,FC ENGENHARIA E CONSTRUCAO LTDA
MAT-0856,MMONITOR BRX (CATARINE),un,1.000,estoque,equipamento_proprio,FC ENGENHARIA E CONSTRUCAO LTDA
MAT-0857,SAMSUNG GALAXY S20 FE 5G (CATARINE),un,1.000,estoque,equipamento_proprio,FC ENGENHARIA E CONSTRUCAO LTDA
MAT-0858,MOUSE AIRY SEM FIO PRETO (CATARINE),un,1.000,estoque,equipamento_proprio,FC ENGENHARIA E CONSTRUCAO LTDA
MAT-0859,TECLADO (ARTHUR),un,1.000,estoque,equipamento_proprio,FC ENGENHARIA E CONSTRUCAO LTDA
MAT-0860,MOUSE LETRON COM FIO (MYRIÉLLE),un,1.000,estoque,equipamento_proprio,FC ENGENHARIA E CONSTRUCAO LTDA
MAT-0861,MOUSE AIRY SEM FIO PRETO (ARTHUR),un,1.000,estoque,equipamento_proprio,FC ENGENHARIA E CONSTRUCAO LTDA
MAT-0862,TECLADO LETRON (ARTHUR),un,1.000,estoque,equipamento_proprio,FC ENGENHARIA E CONSTRUCAO LTDA
MAT-0863,NOTEBOOK LENOVO CORE I3 (CATARINE),un,1.000,estoque,equipamento_proprio,FC ENGENHARIA E CONSTRUCAO LTDA
MAT-0864,Pingadeira (25Cm Largura) 7X16m,m²,25.000,estoque,material,FC ENGENHARIA E CONSTRUCAO LTDA
MAT-0865,"Rufo (10Cm X 20Cm X 0,5)",m,8.000,estoque,material,FC ENGENHARIA E CONSTRUCAO LTDA
MAT-0866,"Rufo (1,5Cm X 0,5Cm X 50Cmx0,5cm)",m,7.000,estoque,material,FC ENGENHARIA E CONSTRUCAO LTDA
MAT-0867,Bucha Plástica 6,un,300.000,estoque,material,FC ENGENHARIA E CONSTRUCAO LTDA
MAT-0868,"Calha 0,43 Corte 35 Branca",un,18.000,estoque,material,FC ENGENHARIA E CONSTRUCAO LTDA
MAT-0869,"Calha 0,43 Corte 40 Branca",un,87.000,estoque,material,FC ENGENHARIA E CONSTRUCAO LTDA
MAT-0870,"Parafuso 4,00 X 40Mm",un,300.000,estoque,material,FC ENGENHARIA E CONSTRUCAO LTDA
MAT-0871,"Telha Galvalume #0,43 Trapezio 40",un,24.000,estoque,material,FC ENGENHARIA E CONSTRUCAO LTDA
MAT-0872,TECLADO BR (CAROL),un,1.000,estoque,equipamento_proprio,FC ENGENHARIA E CONSTRUCAO LTDA
MAT-0873,MOUSE MULTILASER GAMER COM FIO (CAROL),un,1.000,estoque,equipamento_proprio,FC ENGENHARIA E CONSTRUCAO LTDA
MAT-0874,TECLADO LETRON (THAIS),un,1.000,estoque,equipamento_proprio,FC ENGENHARIA E CONSTRUCAO LTDA
MAT-0875,MOUSE E-SPORT COM FIO (THAIS),un,1.000,estoque,equipamento_proprio,FC ENGENHARIA E CONSTRUCAO LTDA
MAT-0876,MOUSE GAMER XLS COM FIO (MARIANA),un,1.000,estoque,equipamento_proprio,FC ENGENHARIA E CONSTRUCAO LTDA
MAT-0877,MOUSE GAMER XLS COM FIO (KELLEN),un,1.000,estoque,equipamento_proprio,FC ENGENHARIA E CONSTRUCAO LTDA
MAT-0878,Selante Acrílico,un,10.000,estoque,material,FC ENGENHARIA E CONSTRUCAO LTDA
MAT-0879,"Selador Acrilico 3,6L",un,1.000,estoque,material,FC ENGENHARIA E CONSTRUCAO LTDA
MAT-0880,MOUSE COMATEL SEM FIO (ANDRÉ),un,1.000,estoque,equipamento_proprio,FC ENGENHARIA E CONSTRUCAO LTDA
MAT-0881,MOUSE MULTILASER (RAFAEL),un,1.000,estoque,equipamento_proprio,FC ENGENHARIA E CONSTRUCAO LTDA
MAT-0882,Pedestal,un,1.000,estoque,material,FC ENGENHARIA E CONSTRUCAO LTDA
MAT-0883,TECLADO LOGITECH (ANDRÉ),un,1.000,estoque,equipamento_proprio,FC ENGENHARIA E CONSTRUCAO LTDA
MAT-0884,TECLADO MULTILASER (RAFAEL),un,1.000,estoque,equipamento_proprio,FC ENGENHARIA E CONSTRUCAO LTDA
MAT-0885,AR-CONDICIONADO BRITÂNIA (PLANEJAMENTO),un,1.000,estoque,equipamento_proprio,FC ENGENHARIA E CONSTRUCAO LTDA
MAT-0886,Camiseta Polo Manga Comprida,un,80.000,estoque,material,FC ENGENHARIA E CONSTRUCAO LTDA
MAT-0887,Camiseta Tam Especial,un,25.000,estoque,material,FC ENGENHARIA E CONSTRUCAO LTDA
MAT-0888,Joelho 90 Esgoto 150Mm,un,0.000,estoque,material,FC ENGENHARIA E CONSTRUCAO LTDA
MAT-0889,Luva Esgoto 150Mm,un,0.000,estoque,material,FC ENGENHARIA E CONSTRUCAO LTDA
MAT-0890,Barra de Tubo Esgoto 1500Mm,un,0.000,estoque,material,FC ENGENHARIA E CONSTRUCAO LTDA
MAT-0891,Joelho 45 Soldavel 32Mm,un,33.000,estoque,material,FC ENGENHARIA E CONSTRUCAO LTDA
MAT-0892,Adaptador Curto Soldavel 25X3/4,un,0.000,estoque,material,FC ENGENHARIA E CONSTRUCAO LTDA
MAT-0893,Bucha de Redução Soldavel 32X25,un,0.000,estoque,material,FC ENGENHARIA E CONSTRUCAO LTDA
MAT-0894,Lamina de Serra Dn 18,un,5.000,estoque,material,FC ENGENHARIA E CONSTRUCAO LTDA
MAT-0895,AR CONDICIONADO COMFEE (SALA DE REUNIÃO),un,1.000,estoque,equipamento_proprio,FC ENGENHARIA E CONSTRUCAO LTDA
MAT-0896,FRIGOBAR BRASTEMP (SALA DE REUNIÃO),un,1.000,estoque,equipamento_proprio,FC ENGENHARIA E CONSTRUCAO LTDA
MAT-0897,AR CONDICIONADO PHILCO (RH),un,1.000,estoque,equipamento_proprio,FC ENGENHARIA E CONSTRUCAO LTDA
MAT-0898,CAFETEIRA NESCAFE DOLCE GUSTO (SALA DE REUNIÃO),un,1.000,estoque,equipamento_proprio,FC ENGENHARIA E CONSTRUCAO LTDA
MAT-0899,AR CONDICIONADO SPRINGER (FINANCEIRO),un,1.000,estoque,equipamento_proprio,FC ENGENHARIA E CONSTRUCAO LTDA
MAT-0900,PURIFICADOR ÁGUA E-DUE EQUILIBRIUM GRAFITE IBBL BIVOLT,un,1.000,estoque,equipamento_proprio,FC ENGENHARIA E CONSTRUCAO LTDA
MAT-0901,AQUECEDOR MONDIAL,un,1.000,estoque,equipamento_proprio,FC ENGENHARIA E CONSTRUCAO LTDA
MAT-0902,AR CONDICIONADO COMFEE (FELIPE),un,1.000,estoque,equipamento_proprio,FC ENGENHARIA E CONSTRUCAO LTDA
MAT-0903,Carrinho de Carga Plataforma 300Kg,un,2.000,estoque,material,FC ENGENHARIA E CONSTRUCAO LTDA
MAT-0904,"Eva Preto 2Mm Bobina 25M X1,20l Rolo",un,2.000,estoque,material,FC ENGENHARIA E CONSTRUCAO LTDA
MAT-0905,Bobina de Eva,un,1.000,estoque,material,FC ENGENHARIA E CONSTRUCAO LTDA
MAT-0906,Bola Bobina Nobuck Marluvas,un,1.000,estoque,material,FC ENGENHARIA E CONSTRUCAO LTDA
MAT-0907,Conjunto Cinza Eletricista Nr10 Risco2 Alpv 11,un,1.000,estoque,material,FC ENGENHARIA E CONSTRUCAO LTDA
MAT-0908,Botina Segurança Cartom Elastico Bico Composito,un,3.000,estoque,material,FC ENGENHARIA E CONSTRUCAO LTDA
MAT-0909,Furadeira Bateria,un,1.000,estoque,material,FC ENGENHARIA E CONSTRUCAO LTDA
MAT-0910,Nível a Laser,un,1.000,estoque,material,FC ENGENHARIA E CONSTRUCAO LTDA
MAT-0911,Pilhas,un,6.000,estoque,material,FC ENGENHARIA E CONSTRUCAO LTDA
MAT-0912,Carregador de Pilhas,un,1.000,estoque,material,FC ENGENHARIA E CONSTRUCAO LTDA
MAT-0913,Pasta Plástica de Escritorio,un,6.000,estoque,material,FC ENGENHARIA E CONSTRUCAO LTDA
MAT-0914,Caneta Esferográfica Azul,un,10.000,estoque,material,FC ENGENHARIA E CONSTRUCAO LTDA
MAT-0915,Papel Sulfite a3,un,1.000,estoque,material,FC ENGENHARIA E CONSTRUCAO LTDA
MAT-0916,Caneta Marca Texto,un,5.000,estoque,material,FC ENGENHARIA E CONSTRUCAO LTDA
MAT-0917,Grampeador com Caixa de Grampos,un,1.000,estoque,material,FC ENGENHARIA E CONSTRUCAO LTDA
MAT-0918,CHALEIRA ELÉTRICA CADENSE,un,1.000,estoque,equipamento_proprio,FC ENGENHARIA E CONSTRUCAO LTDA
MAT-0919,MICRO-ONDAS PANASONIC 21 LITROS (COZINHA),un,1.000,estoque,equipamento_proprio,FC ENGENHARIA E CONSTRUCAO LTDA
MAT-0920,"Arquivo Morto Papelão 35X13,3x24,7",un,1.000,estoque,material,FC ENGENHARIA E CONSTRUCAO LTDA
MAT-0921,Cx Correspondência Dupla Slim Movel Cristal,un,1.000,estoque,material,FC ENGENHARIA E CONSTRUCAO LTDA
MAT-0922,Caneta Esferografica Azul,cx,1.000,estoque,material,FC ENGENHARIA E CONSTRUCAO LTDA
MAT-0923,Caneta Marca Texto Amarela,cx,1.000,estoque,material,FC ENGENHARIA E CONSTRUCAO LTDA
MAT-0924,"Clipe Galvan Aço 2,0",cx,1.000,estoque,material,FC ENGENHARIA E CONSTRUCAO LTDA
MAT-0925,Grampeador Metal Preto,un,1.000,estoque,material,FC ENGENHARIA E CONSTRUCAO LTDA
MAT-0926,Grampo para Grampeador Galv. 5000,cx,1.000,estoque,material,FC ENGENHARIA E CONSTRUCAO LTDA
MAT-0927,Pano Multiuso Azul 25X25cm,un,2.000,estoque,material,FC ENGENHARIA E CONSTRUCAO LTDA
MAT-0928,Papel Fotografico Inkjet a4,un,1.000,estoque,material,FC ENGENHARIA E CONSTRUCAO LTDA
MAT-0929,Caixa de Papel Sulfite a4 Chamex,cx,1.000,estoque,material,FC ENGENHARIA E CONSTRUCAO LTDA
MAT-0930,Tesoura Ergonomica Cabo Preto 17Cm,un,28.000,estoque,material,FC ENGENHARIA E CONSTRUCAO LTDA
MAT-0931,FURADEIRA IMPACTO GSB 18V-65 PARAFUSADEIRA 18V BIVOLT BOSCH,un,1.000,estoque,equipamento_proprio,FC ENGENHARIA E CONSTRUCAO LTDA
MAT-0932,GELADEIRA CONSUL PORTA ÚNICA (COZINHA),un,1.000,estoque,equipamento_proprio,FC ENGENHARIA E CONSTRUCAO LTDA
MAT-0933,NIVEL A LASER RECARREGAVEL VONDER,un,1.000,estoque,equipamento_proprio,FC ENGENHARIA E CONSTRUCAO LTDA
MAT-0934,"Caixa D"" Agua",un,2.000,estoque,material,FC ENGENHARIA E CONSTRUCAO LTDA
MAT-0935,Cabo Flexivel Azul,m,20.000,estoque,material,FC ENGENHARIA E CONSTRUCAO LTDA
MAT-0936,Lona 100,m,100.000,estoque,material,FC ENGENHARIA E CONSTRUCAO LTDA
MAT-0937,Tinta Spray,un,2.000,estoque,material,FC ENGENHARIA E CONSTRUCAO LTDA
MAT-0938,TRIPE TELESCOPIO PPARA NIVEL A LASER VONDER,un,1.000,estoque,equipamento_proprio,FC ENGENHARIA E CONSTRUCAO LTDA
MAT-0939,FILTRO DE ÁGUA POLAR (COZINHA),un,1.000,estoque,equipamento_proprio,FC ENGENHARIA E CONSTRUCAO LTDA
MAT-0940,Serrote IRWIN,un,3.000,estoque,material,FC ENGENHARIA E CONSTRUCAO LTDA
MAT-0941,Cadeira Fixa Plax Cor: Preta,un,2.000,estoque,material,FC ENGENHARIA E CONSTRUCAO LTDA
MAT-0942,BETONEIRA 400 L PRIME 220V,un,1.000,estoque,equipamento_proprio,FC ENGENHARIA E CONSTRUCAO LTDA
MAT-0943,Polisil a4,un,1.000,estoque,material,FC ENGENHARIA E CONSTRUCAO LTDA
MAT-0944,Calculadora Mesa 12 Dig,un,1.000,estoque,material,FC ENGENHARIA E CONSTRUCAO LTDA
MAT-0945,Mouse S/Fio,un,1.000,estoque,material,FC ENGENHARIA E CONSTRUCAO LTDA
MAT-0946,Pilha Pequena Alcalina C/2 Duracell,un,1.000,estoque,material,FC ENGENHARIA E CONSTRUCAO LTDA
MAT-0947,Tesoura,un,1.000,estoque,material,FC ENGENHARIA E CONSTRUCAO LTDA
MAT-0948,NOTEBOOK SAMSUNG GALAXY BOOK2 (LEONARDO),un,1.000,estoque,equipamento_proprio,FC ENGENHARIA E CONSTRUCAO LTDA
MAT-0949,6 RÁDIOS BAOFENG,un,7.000,estoque,equipamento_proprio,FC ENGENHARIA E CONSTRUCAO LTDA
MAT-0950,IMPRESSORA MULTIFUNCIONAL TANQUE DE TINTA EPSON L3250,un,1.000,estoque,equipamento_proprio,FC ENGENHARIA E CONSTRUCAO LTDA
MAT-0951,MOUSE MULTILASER,un,1.000,estoque,equipamento_proprio,FC ENGENHARIA E CONSTRUCAO LTDA
MAT-0952,NOTEBOOK ASUS VIVOBOOK (WESLEY),un,1.000,estoque,equipamento_proprio,FC ENGENHARIA E CONSTRUCAO LTDA
MAT-0953,Marreta,un,4.000,estoque,material,FC ENGENHARIA E CONSTRUCAO LTDA
MAT-0954,Talhadeira de Mão,un,3.000,estoque,material,FC ENGENHARIA E CONSTRUCAO LTDA
MAT-0955,Locação de Container - Almoxarifado,un,1.000,estoque,material,FC ENGENHARIA E CONSTRUCAO LTDA
MAT-0956,Sl-m4070fr - Locação - Preto 753,un,1.000,estoque,material,FC ENGENHARIA E CONSTRUCAO LTDA
MAT-0957,Transformador - Preto 449,un,1.000,estoque,material,FC ENGENHARIA E CONSTRUCAO LTDA
MAT-0958,Locação Ml37010 - Preto 592,un,4.000,estoque,material,FC ENGENHARIA E CONSTRUCAO LTDA
MAT-0959,Dcp-t720dw - Color 641,un,1.000,estoque,material,FC ENGENHARIA E CONSTRUCAO LTDA
MAT-0960,Misturador Csm Ma 1600 220V,un,1.000,estoque,material,FC ENGENHARIA E CONSTRUCAO LTDA
MAT-0961,Guincho Coluna 200K Pedestel 200Kg (Período 28/05/2026 à 26/06/2026),un,1.000,estoque,material,FC ENGENHARIA E CONSTRUCAO LTDA
MAT-0962,Vibrador de Concreto Costal (Período 20/05/2026 à 18/06/2026),un,0.000,estoque,material,FC ENGENHARIA E CONSTRUCAO LTDA
MAT-0963,"Esmerilhadeira/Lixadeira Angular 5"" (19/05/2026 à 17/06/2026)",un,1.000,estoque,material,FC ENGENHARIA E CONSTRUCAO LTDA
MAT-0964,Guinxhoi Coluna - 200Kg Pedestal 200Kg (Período 19/05/2026 à 17/06/2026),un,1.000,estoque,material,FC ENGENHARIA E CONSTRUCAO LTDA
MAT-0965,Guincho Coluna - 200Kg (Período 07/05/2026 à 05/06/2026),un,1.000,estoque,material,FC ENGENHARIA E CONSTRUCAO LTDA
MAT-0966,"Martelete 16Kg (13,0 à 16,9 Kg) - (Período 04/05/2026 à 02/06/2026)",un,1.000,estoque,material,FC ENGENHARIA E CONSTRUCAO LTDA
MAT-0967,Martelete 6Kg (Períoso 26/05/2026 à 24/06/2026),un,1.000,estoque,material,FC ENGENHARIA E CONSTRUCAO LTDA
MAT-0968,"Andaime Tubular 1,00X1,00 - Plataforma - Torres 1,00X1,00 (Período 25/05/2026 à 28/05/2025)",un,1.000,estoque,material,FC ENGENHARIA E CONSTRUCAO LTDA
MAT-0969,"Anadaime Tubular 1,00X1,00 - Período 20/05/2026 à 18/06/2026",un,1.000,estoque,material,FC ENGENHARIA E CONSTRUCAO LTDA
MAT-0970,"Sapaata Ajustavel, Plataformas P Andaime 1,00 (Periódo 21/05/2026 à 19/06/2026)",un,1.000,estoque,material,FC ENGENHARIA E CONSTRUCAO LTDA
MAT-0971,"Andaime Tubular 1,00X1,00, Plataforma P/Andaime 1,00, Sapata Ajustavel (Período 18/05/2026 à 25/05/2026)",un,1.000,estoque,material,FC ENGENHARIA E CONSTRUCAO LTDA
MAT-0972,Plaina (Período 18/05/2026 à 19/05/2026),un,1.000,estoque,material,FC ENGENHARIA E CONSTRUCAO LTDA
MAT-0973,Serra Circular 7.1/4 (Periodo 14/05/2026 à 12/06/2026),un,1.000,estoque,material,FC ENGENHARIA E CONSTRUCAO LTDA
MAT-0974,"Andaime Tubular 1,00X1,50 Diagonal P/Andaime - Torres 1,50X1,50, Rodizio Giratório Guarda Corpo (Periodo 08/05/2026 à 11/05/2026)",un,1.000,estoque,material,FC ENGENHARIA E CONSTRUCAO LTDA
MAT-0975,"Furadeira de Impacto, Esmirilhadeira/Lixadeira, Serra Circular 7.1/4",un,1.000,estoque,material,FC ENGENHARIA E CONSTRUCAO LTDA
MAT-0976,MOUSE LETRON COM FIO (WESLEY),un,1.000,estoque,equipamento_proprio,FC ENGENHARIA E CONSTRUCAO LTDA
MAT-0977,NOTEBOOK DELL (MATEUS),un,1.000,estoque,equipamento_proprio,FC ENGENHARIA E CONSTRUCAO LTDA
MAT-0978,Bomba Submersível 2 Pol,un,1.000,estoque,material,FC ENGENHARIA E CONSTRUCAO LTDA
MAT-0979,Aspirador de Pó e Água,un,1.000,estoque,material,FC ENGENHARIA E CONSTRUCAO LTDA
MAT-0980,Indenização Mangueira Flexivel,un,1.000,estoque,material,FC ENGENHARIA E CONSTRUCAO LTDA
MAT-0981,Indenização Balde de 50L,un,1.000,estoque,material,FC ENGENHARIA E CONSTRUCAO LTDA
MAT-0982,"Martelete 2,5Kg",un,2.000,estoque,material,FC ENGENHARIA E CONSTRUCAO LTDA
MAT-0983,Indenização Cabo de Aço,un,1.000,estoque,material,FC ENGENHARIA E CONSTRUCAO LTDA
MAT-0984,Placa Eps - 10Mm Ti300,un,12.000,estoque,material,FC ENGENHARIA E CONSTRUCAO LTDA
MAT-0985,Guincho Coluna 200Kg -Período 20/04/2026 à 19/05/2026,un,1.000,estoque,material,FC ENGENHARIA E CONSTRUCAO LTDA
MAT-0986,Acessório Cabo de Aço,un,1.000,estoque,material,FC ENGENHARIA E CONSTRUCAO LTDA
MAT-0987,"Martelete 2,5Kg - Período 15/04/2026 à 14/05/2026",un,1.000,estoque,material,FC ENGENHARIA E CONSTRUCAO LTDA
MAT-0988,"Brita 2,5M",m³,2.500,estoque,material,FC ENGENHARIA E CONSTRUCAO LTDA
MAT-0989,Viapol Viacal 18L,un,4.000,estoque,material,FC ENGENHARIA E CONSTRUCAO LTDA
MAT-0990,Cisaer Porca Sextavada 1/2',un,35.000,estoque,material,FC ENGENHARIA E CONSTRUCAO LTDA
MAT-0991,Deca Kit Univ Duplo Acionamento Cx Descarga,un,1.000,estoque,material,FC ENGENHARIA E CONSTRUCAO LTDA
MAT-0992,"Vonder Broca Sds Plus 6,0X160mm",un,3.000,estoque,material,FC ENGENHARIA E CONSTRUCAO LTDA
MAT-0993,"Vonder Broca Sds Plus 10,0X160mm",un,2.000,estoque,material,FC ENGENHARIA E CONSTRUCAO LTDA
MAT-0994,Steck Canaleta Conduteck,un,4.000,estoque,material,FC ENGENHARIA E CONSTRUCAO LTDA
MAT-0995,"Ciser Paraf. Madeira/Mdf Philps 6,0X50mm",un,4.000,estoque,material,FC ENGENHARIA E CONSTRUCAO LTDA
MAT-0996,Bucha de Fixação S-8,un,4.000,estoque,material,FC ENGENHARIA E CONSTRUCAO LTDA
MAT-0997,Ponteira Sds Plus 250Mm para Martelete,un,1.000,estoque,material,FC ENGENHARIA E CONSTRUCAO LTDA
MAT-0998,Talhadeira Sds Olus 250Mm para Martelete,un,1.000,estoque,material,FC ENGENHARIA E CONSTRUCAO LTDA
MAT-0999,Brascola Adesivo Colabras S1 750G,un,1.000,estoque,material,FC ENGENHARIA E CONSTRUCAO LTDA
MAT-1000,Brascola Veda Calha Aluminiuo,un,20.000,estoque,material,FC ENGENHARIA E CONSTRUCAO LTDA
MAT-1001,Viapol Viafix 18L,un,3.000,estoque,material,FC ENGENHARIA E CONSTRUCAO LTDA
MAT-1002,Cerquite,un,1.000,estoque,material,FC ENGENHARIA E CONSTRUCAO LTDA
MAT-1003,Grelha de Aço Inox Quad 10X10,un,15.000,estoque,material,FC ENGENHARIA E CONSTRUCAO LTDA
MAT-1004,Himaflex Mangueira Forte Jardim,un,30.000,estoque,material,FC ENGENHARIA E CONSTRUCAO LTDA
MAT-1005,Herc Conexão para Engate 3506,un,2.000,estoque,material,FC ENGENHARIA E CONSTRUCAO LTDA
MAT-1006,Hero Engate Rapido 3512,un,2.000,estoque,material,FC ENGENHARIA E CONSTRUCAO LTDA
MAT-1007,Hero Esquicho Reto 3504,un,2.000,estoque,material,FC ENGENHARIA E CONSTRUCAO LTDA
MAT-1008,Steck Fita Isolante 18Mm,un,10.000,estoque,material,FC ENGENHARIA E CONSTRUCAO LTDA
MAT-1009,Brascola Fixa Tudo 400G,un,1.000,estoque,material,FC ENGENHARIA E CONSTRUCAO LTDA
MAT-1010,Irwin Broca Vwidea 60Mm,un,3.000,estoque,material,FC ENGENHARIA E CONSTRUCAO LTDA
MAT-1011,Irwin Broca Widwa 100Mm,un,2.000,estoque,material,FC ENGENHARIA E CONSTRUCAO LTDA
MAT-1012,"Tigre Trincha Media 723 2"" Cerda",un,3.000,estoque,material,FC ENGENHARIA E CONSTRUCAO LTDA
MAT-1013,Irwim Estilete 18Mm,un,1.000,estoque,material,FC ENGENHARIA E CONSTRUCAO LTDA
MAT-1014,Lamina de Estilete 18Mm,un,1.000,estoque,material,FC ENGENHARIA E CONSTRUCAO LTDA
MAT-1015,Irwin Lápis Carpinteiro,un,10.000,estoque,material,FC ENGENHARIA E CONSTRUCAO LTDA
MAT-1016,Fita Grepe 48Mmx50m,un,3.000,estoque,material,FC ENGENHARIA E CONSTRUCAO LTDA
MAT-1017,"Esmilhadeira Angular 5"" 900W",un,1.000,estoque,material,FC ENGENHARIA E CONSTRUCAO LTDA
MAT-1018,Conjunto de Lixeira para Coleta Seletiva,un,1.000,estoque,material,FC ENGENHARIA E CONSTRUCAO LTDA
MAT-1019,IMPRESSORA HP DESINGJET T650,un,1.000,estoque,equipamento_proprio,FC ENGENHARIA E CONSTRUCAO LTDA
MAT-1020,Tomada Barra Fiolux 4T,un,4.000,estoque,material,FC ENGENHARIA E CONSTRUCAO LTDA
MAT-1021,IMPRESSORA SAMSUNG 00592,un,1.000,estoque,equipamento_proprio,FC ENGENHARIA E CONSTRUCAO LTDA
MAT-1022,Cabo Flex 99 2X1,m,10.000,estoque,material,FC ENGENHARIA E CONSTRUCAO LTDA
MAT-1023,Bucha de Gesso,un,30.000,estoque,material,FC ENGENHARIA E CONSTRUCAO LTDA
MAT-1024,Parafuso Phillips 6Mm,un,30.000,estoque,material,FC ENGENHARIA E CONSTRUCAO LTDA
MAT-1025,Sela Gesso 18L,un,1.000,estoque,material,FC ENGENHARIA E CONSTRUCAO LTDA
MAT-1026,Broca de Videa 4Mm,un,1.000,estoque,material,FC ENGENHARIA E CONSTRUCAO LTDA
MAT-1027,Broca de Videa 5Mm,un,1.000,estoque,material,FC ENGENHARIA E CONSTRUCAO LTDA
MAT-1028,Broca de Videa 6Mm,un,1.000,estoque,material,FC ENGENHARIA E CONSTRUCAO LTDA
MAT-1029,Broca de Videa 8Mm,un,1.000,estoque,material,FC ENGENHARIA E CONSTRUCAO LTDA
MAT-1030,Broca de Videa 10Mm,un,1.000,estoque,material,FC ENGENHARIA E CONSTRUCAO LTDA
MAT-1031,Soquete Canhão 8Mm,un,2.000,estoque,material,FC ENGENHARIA E CONSTRUCAO LTDA
MAT-1032,"Soquete Canhão 4,5Mm",un,2.000,estoque,material,FC ENGENHARIA E CONSTRUCAO LTDA
MAT-1033,Ponteira Phillips Ph2x11,un,1.000,estoque,material,FC ENGENHARIA E CONSTRUCAO LTDA
MAT-1034,Parafuso Auto Brocante,un,100.000,estoque,material,FC ENGENHARIA E CONSTRUCAO LTDA
MAT-1035,Disco de Corte 4.1/2X3/64x7,un,3.000,estoque,material,FC ENGENHARIA E CONSTRUCAO LTDA
MAT-1036,Parafuso Aiuto Brocante,un,60.000,estoque,material,FC ENGENHARIA E CONSTRUCAO LTDA
MAT-1037,Membrana Auto Adesiva 10Cm,un,10.000,estoque,material,FC ENGENHARIA E CONSTRUCAO LTDA
MAT-1038,Pu 40 Fix Cz 387G,un,2.000,estoque,material,FC ENGENHARIA E CONSTRUCAO LTDA
MAT-1039,Diária de Locação de Veículo,un,1.000,estoque,material,FC ENGENHARIA E CONSTRUCAO LTDA
MAT-1040,NOTEBOOK ASUS VIVOBOOK CORE I7 (NILTON),un,1.000,estoque,equipamento_proprio,FC ENGENHARIA E CONSTRUCAO LTDA
MAT-1041,"SERRA CIRCULAR INGCO 7.1/4"" 220V",un,1.000,estoque,equipamento_proprio,FC ENGENHARIA E CONSTRUCAO LTDA
MAT-1042,SERRA MARMORE INGCO 1400W 220V,un,1.000,estoque,equipamento_proprio,FC ENGENHARIA E CONSTRUCAO LTDA
MAT-1043,"ESMERILHADEIRA INGCO 4.1/2"" 900W- 220V",un,1.000,estoque,equipamento_proprio,FC ENGENHARIA E CONSTRUCAO LTDA
MAT-1044,NOTEBOOK SAMSUNG CORE I5 (ENIVALDO),un,1.000,estoque,equipamento_proprio,FC ENGENHARIA E CONSTRUCAO LTDA
MAT-1045,TE SOLDADO - 60 MM,un,21.000,estoque,material,FC ENGENHARIA E CONSTRUCAO LTDA
MAT-1046,JOELHO 90 SOLDAVEL 60MM,un,18.000,estoque,material,FC ENGENHARIA E CONSTRUCAO LTDA
MAT-1047,JOELHO 45 SOLDAVEL 60MM,un,7.000,estoque,material,FC ENGENHARIA E CONSTRUCAO LTDA
MAT-1048,LUVA SOLDAVEL 60MM,un,4.000,estoque,material,FC ENGENHARIA E CONSTRUCAO LTDA
MAT-1049,"REGISTRO GAVETA 2"" DECA",un,4.000,estoque,material,FC ENGENHARIA E CONSTRUCAO LTDA
MAT-1050,"PLUG ROSCA 1/2""",un,126.000,estoque,material,FC ENGENHARIA E CONSTRUCAO LTDA
MAT-1051,CURVA TRANSPARENTE SOLDAVEL 25MM,un,44.000,estoque,material,FC ENGENHARIA E CONSTRUCAO LTDA
MAT-1052,BASE DE REGISTRO DE GAVETA 3/4' DECA,un,3.000,estoque,material,FC ENGENHARIA E CONSTRUCAO LTDA
MAT-1053,"ADAPT SOLDAVEL CTO 25MM 3/4""",un,18.000,estoque,material,FC ENGENHARIA E CONSTRUCAO LTDA
MAT-1054,JOELHO 45 SOLDAVEL 25MM,un,5.000,estoque,material,FC ENGENHARIA E CONSTRUCAO LTDA
MAT-1055,BUCHA RED SOLDAVEL 40X25MM,un,48.000,estoque,material,FC ENGENHARIA E CONSTRUCAO LTDA
MAT-1056,JOELHO 90 TRAN FF SUP CPVC DN 22X1/2,un,64.000,estoque,material,FC ENGENHARIA E CONSTRUCAO LTDA
MAT-1057,TE FFF SUPER CPVC DN22,un,2.000,estoque,material,FC ENGENHARIA E CONSTRUCAO LTDA
MAT-1058,FITA VEDA ROSCA 18MMX30M,un,3.000,estoque,material,FC ENGENHARIA E CONSTRUCAO LTDA
MAT-1059,TE ESG SN DN 40,un,7.000,estoque,material,FC ENGENHARIA E CONSTRUCAO LTDA
MAT-1060,JOELHO 90ESG SN DN 40,un,25.000,estoque,material,FC ENGENHARIA E CONSTRUCAO LTDA
MAT-1061,LUVA SIMPLES ESG SN DN40,un,12.000,estoque,material,FC ENGENHARIA E CONSTRUCAO LTDA
MAT-1062,MARTELETE INGCO 32MM 1500W 220V,un,1.000,estoque,equipamento_proprio,FC ENGENHARIA E CONSTRUCAO LTDA
MAT-1063,PARAFUSADEIRA /FURADEIRA 55NM 1/2 2,un,1.000,estoque,equipamento_proprio,FC ENGENHARIA E CONSTRUCAO LTDA
MAT-1064,JOELHO 90 ESG SN DN 75,un,4.000,estoque,material,FC ENGENHARIA E CONSTRUCAO LTDA
MAT-1065,JOELHO 45 ESG SN DN 75,un,4.000,estoque,material,FC ENGENHARIA E CONSTRUCAO LTDA
MAT-1066,TE ESC SN DN75,un,7.000,estoque,material,FC ENGENHARIA E CONSTRUCAO LTDA
MAT-1067,BOSCH PROFESSIONAL GWS 9 -125 S,un,1.000,estoque,equipamento_proprio,FC ENGENHARIA E CONSTRUCAO LTDA
MAT-1068,Bomba Lameira 220V Bifásica,un,2.000,estoque,material,FC ENGENHARIA E CONSTRUCAO LTDA
MAT-1069,Martelo de Unha com Cabo de Madeira,un,2.000,estoque,material,FC ENGENHARIA E CONSTRUCAO LTDA
MAT-1070,Desmoldante para Concreto Revestido Vedacit,galão,1.000,estoque,material,FC ENGENHARIA E CONSTRUCAO LTDA
MAT-1071, Torquês ,un,3.000,estoque,material,FC ENGENHARIA E CONSTRUCAO LTDA
MAT-1072,Prumo de Aço com Fio,un,4.000,estoque,material,FC ENGENHARIA E CONSTRUCAO LTDA
MAT-1073,Rolo de Pano Multiuso Não Tecido,rolo,1.000,estoque,material,FC ENGENHARIA E CONSTRUCAO LTDA
MAT-1074,Ponteiro Cinzel Cabo Sextavado,un,3.000,estoque,material,FC ENGENHARIA E CONSTRUCAO LTDA
MAT-1075,Conector Elétrico Macho 3 Pinos com Parafuso de Fixação,un,10.000,estoque,material,FC ENGENHARIA E CONSTRUCAO LTDA
MAT-1076,Conector fêmea ,un,10.000,estoque,material,FC ENGENHARIA E CONSTRUCAO LTDA
MAT-1077,Álcool 70° INPM Bactericida,L,1.000,estoque,material,FC ENGENHARIA E CONSTRUCAO LTDA
MAT-1078,Arame Recozido,rolo,64.000,estoque,material,FC ENGENHARIA E CONSTRUCAO LTDA
MAT-1079,Chave Combinada 22mm,un,1.000,estoque,material,FC ENGENHARIA E CONSTRUCAO LTDA
MAT-1080,Chave Combinada 17mm,un,1.000,estoque,material,FC ENGENHARIA E CONSTRUCAO LTDA
MAT-1081,Chave Combinada 14mm,un,1.000,estoque,material,FC ENGENHARIA E CONSTRUCAO LTDA
MAT-1082,Chave Combinada 13mm,un,1.000,estoque,material,FC ENGENHARIA E CONSTRUCAO LTDA
MAT-1083,Chave Combinada 12mm,un,1.000,estoque,material,FC ENGENHARIA E CONSTRUCAO LTDA
MAT-1084,Chave Combinada 11mm,un,2.000,estoque,material,FC ENGENHARIA E CONSTRUCAO LTDA
MAT-1085,Chave Combinada 10mm,un,1.000,estoque,material,FC ENGENHARIA E CONSTRUCAO LTDA
MAT-1086,Chave Combinada 9mm,pç,2.000,estoque,material,FC ENGENHARIA E CONSTRUCAO LTDA
MAT-1087,Chave Combinada 8mm,un,1.000,estoque,material,FC ENGENHARIA E CONSTRUCAO LTDA
MAT-1088,Chave Combinada 7mm,un,1.000,estoque,material,FC ENGENHARIA E CONSTRUCAO LTDA
MAT-1089,Chave Combinada 6mm,un,0.000,estoque,material,FC ENGENHARIA E CONSTRUCAO LTDA
MAT-1090,Alicate papagaio Ajustável,un,1.000,estoque,material,FC ENGENHARIA E CONSTRUCAO LTDA
MAT-1091,Tesoura Corta Chapa,un,1.000,estoque,material,FC ENGENHARIA E CONSTRUCAO LTDA
MAT-1092,Disco de corte de madeira Torre 110mm 24 Dentes,un,5.000,estoque,material,FC ENGENHARIA E CONSTRUCAO LTDA
MAT-1093,"Disco de Corte Starrett 4.1/2""",un,13.000,estoque,material,FC ENGENHARIA E CONSTRUCAO LTDA
MAT-1094,Lâmina de Serra Manual Bi-Metal Safe-Flex,un,8.000,estoque,material,FC ENGENHARIA E CONSTRUCAO LTDA
MAT-1095,Prumo de Centro 500g,un,2.000,estoque,material,FC ENGENHARIA E CONSTRUCAO LTDA
MAT-1096,Prego com Cabeça 18x30 (2.3/4x10),kg,20.000,estoque,material,FC ENGENHARIA E CONSTRUCAO LTDA
MAT-1097,Torquês de Aço para Amarração,un,2.000,estoque,material,FC ENGENHARIA E CONSTRUCAO LTDA
MAT-1098,Perfurador de solo a Gasolina Portátil,un,0.000,estoque,material,FC ENGENHARIA E CONSTRUCAO LTDA
MAT-1099,Perfurador de solo a Gasolina,un,2.000,estoque,material,FC ENGENHARIA E CONSTRUCAO LTDA
MAT-1100,Chave Combinada 19mm,un,1.000,estoque,material,FC ENGENHARIA E CONSTRUCAO LTDA
MAT-1101,Desinfetante Lavanda Bio-Kriss,L,2.000,estoque,material,FC ENGENHARIA E CONSTRUCAO LTDA
MAT-1102,"Pé de Cabra Cobra Azul 1,20m",un,2.000,estoque,material,FC ENGENHARIA E CONSTRUCAO LTDA
MAT-1103,Caixa pra ferramentas metálica ,un,0.000,estoque,material,FC ENGENHARIA E CONSTRUCAO LTDA
MAT-1104,Pá de Bico com Cabo de Madeira,un,3.000,estoque,material,FC ENGENHARIA E CONSTRUCAO LTDA
MAT-1105,Marreta 5kg com cabo de madeira,un,5.000,estoque,material,FC ENGENHARIA E CONSTRUCAO LTDA
MAT-1106,Lona Preta,rolo,2.000,estoque,material,FC ENGENHARIA E CONSTRUCAO LTDA
MAT-1107,Vassoura de Piaçava com Cabo,un,3.000,estoque,material,FC ENGENHARIA E CONSTRUCAO LTDA
MAT-1108,Saco de Graute,un,20.000,estoque,material,FC ENGENHARIA E CONSTRUCAO LTDA
MAT-1109,"Porta Corta-fogo Classe P.90 Leve 90X210 Completa, com Maçaneta Tipo Alavanca e Batentes (Nbr 11742)",un,18.000,estoque,material,FC ENGENHARIA E CONSTRUCAO LTDA
MAT-1110,Ralo Linear 70 Cm de Comprimento 8 Cm Largura,un,6.000,estoque,material,FC ENGENHARIA E CONSTRUCAO LTDA
MAT-1111,Diaria de Máquina - M Pedido 3267 (16/06/2026),un,1.000,estoque,material,FC ENGENHARIA E CONSTRUCAO LTDA
MAT-1112,Viagem Caminhão 10M³ Pedido 3264 (15/06/2026),un,1.000,estoque,material,FC ENGENHARIA E CONSTRUCAO LTDA
MAT-1113,Viagem de Caminhão 8M³ - Pedido 3264 (15/06/2026),un,2.000,estoque,material,FC ENGENHARIA E CONSTRUCAO LTDA
MAT-1114,Diaria de Máquina - Pedido 3263 (12/06/2026),un,1.000,estoque,material,FC ENGENHARIA E CONSTRUCAO LTDA
MAT-1115,Viagem de Entulho 10M³ - Pedido 3263 (12/06/2026),un,3.000,estoque,material,FC ENGENHARIA E CONSTRUCAO LTDA
MAT-1116,Viagem de Entulho 8M³ - Pedido 3263 (12/06/2026),un,2.000,estoque,material,FC ENGENHARIA E CONSTRUCAO LTDA
MAT-1117,FURADEIRA DE IMPACTO INGCO 800W SDS 220V,un,1.000,estoque,equipamento_proprio,FC ENGENHARIA E CONSTRUCAO LTDA
MAT-1118,Chapisco Colante Quartzolit 20Kg,sc,100.000,estoque,material,FC ENGENHARIA E CONSTRUCAO LTDA
MAT-1119,Película,un,2.000,estoque,material,FC ENGENHARIA E CONSTRUCAO LTDA
MAT-1120,Vidros,un,6.000,estoque,material,FC ENGENHARIA E CONSTRUCAO LTDA
MAT-1121,Bota Work 40,un,1.000,estoque,material,FC ENGENHARIA E CONSTRUCAO LTDA
MAT-1122,Bota Work 41,un,1.000,estoque,material,FC ENGENHARIA E CONSTRUCAO LTDA
MAT-1123,Eletrocalha Gf 200X100 com Virola 22 40,un,40.000,estoque,material,FC ENGENHARIA E CONSTRUCAO LTDA
MAT-1124,Emenda Eletrocalha 20X100,un,40.000,estoque,material,FC ENGENHARIA E CONSTRUCAO LTDA
MAT-1125,Curva 90º Graus Eletrocalha 200X100,un,8.000,estoque,material,FC ENGENHARIA E CONSTRUCAO LTDA
MAT-1126,Suporte Igreja para Eletrocalha 200X100,un,150.000,estoque,material,FC ENGENHARIA E CONSTRUCAO LTDA
MAT-1127,Luva Gf 4º,un,2.000,estoque,material,FC ENGENHARIA E CONSTRUCAO LTDA
MAT-1128,Eletroducto Metálico 3/4,un,3.000,estoque,material,FC ENGENHARIA E CONSTRUCAO LTDA
MAT-1129,Caixa Metálica 4X2 Embutir,un,150.000,estoque,material,FC ENGENHARIA E CONSTRUCAO LTDA
MAT-1130,Cinta Plástica 30 Cm,un,300.000,estoque,material,FC ENGENHARIA E CONSTRUCAO LTDA
MAT-1131,Cinta Plástica 50 Cm,un,200.000,estoque,material,FC ENGENHARIA E CONSTRUCAO LTDA
MAT-1132,Quadro Elétrico Embutir - 12 Disjuntores,un,19.000,estoque,material,FC ENGENHARIA E CONSTRUCAO LTDA
MAT-1133,Parafusos Lentilha 1/4,un,1000.000,estoque,material,FC ENGENHARIA E CONSTRUCAO LTDA
MAT-1134,Arruela 1/4,un,1000.000,estoque,material,FC ENGENHARIA E CONSTRUCAO LTDA
MAT-1135,Porca 1/4,un,1000.000,estoque,material,FC ENGENHARIA E CONSTRUCAO LTDA
MAT-1136,Barra Roscada 1/4,un,80.000,estoque,material,FC ENGENHARIA E CONSTRUCAO LTDA
MAT-1137,Eletroduto Gf 4º (Barra de 3M),un,2.000,estoque,material,FC ENGENHARIA E CONSTRUCAO LTDA
MAT-1138,Eletroduto Gf 1º (Barra de 3M),un,3.000,estoque,material,FC ENGENHARIA E CONSTRUCAO LTDA
MAT-1139,"Cabo 0,6/1Kv 120Mm Preto",m,99.000,estoque,material,FC ENGENHARIA E CONSTRUCAO LTDA
MAT-1140,"Cabo 0,6/1Kv 120Mm Azul",m,33.000,estoque,material,FC ENGENHARIA E CONSTRUCAO LTDA
MAT-1141,"Cabo 0,6/1Kv 70Mm Azul",m,33.000,estoque,material,FC ENGENHARIA E CONSTRUCAO LTDA
MAT-1142,Conector Prensável 120Mm,un,5.000,estoque,material,FC ENGENHARIA E CONSTRUCAO LTDA
MAT-1143,Conector Prensável 70Mm,un,2.000,estoque,material,FC ENGENHARIA E CONSTRUCAO LTDA
MAT-1144,Coney Jaqueta - Complet,un,200.000,estoque,material,FC ENGENHARIA E CONSTRUCAO LTDA
MAT-1145,Viapol Chapisco,un,5.000,estoque,material,FC ENGENHARIA E CONSTRUCAO LTDA
MAT-1146,Lavatorio Deca Izy,un,1.000,estoque,material,FC ENGENHARIA E CONSTRUCAO LTDA
MAT-1147,Banheiro Químico,un,1.000,estoque,material,FC ENGENHARIA E CONSTRUCAO LTDA
MAT-1148,Limpeza,un,1.000,estoque,material,FC ENGENHARIA E CONSTRUCAO LTDA
MAT-1149,Vibr Manual 220V Cód17c/Mang 35Mm - Período 06/03 à 07/03),un,1.000,estoque,material,FC ENGENHARIA E CONSTRUCAO LTDA
MAT-1150,Serra Mármore - 30 Dias - 05/05 - 04/06,un,1.000,estoque,material,FC ENGENHARIA E CONSTRUCAO LTDA
MAT-1151,Esmililhadeira 4.1/2 220V - 30 Dias 05/05-04/06,un,1.000,estoque,material,FC ENGENHARIA E CONSTRUCAO LTDA
MAT-1152,"Painel Nr 18 1,5X1,0 30 Dias 07/05-06/06",un,3.000,estoque,material,FC ENGENHARIA E CONSTRUCAO LTDA
MAT-1153,"Diagonais 1,5M 30 Dias 07/05-04/06",un,2.000,estoque,material,FC ENGENHARIA E CONSTRUCAO LTDA
MAT-1154,Borracha Giratória - 30 Dias 07/05-06/06,un,0.000,estoque,material,FC ENGENHARIA E CONSTRUCAO LTDA
MAT-1155,"Painel Nr 18 1,5X1,0 30 Dias 19/05-18/06",un,44.000,estoque,material,FC ENGENHARIA E CONSTRUCAO LTDA
MAT-1156,Sapatas Ajustaveis 30 Dias 19/05-18/06,un,4.000,estoque,material,FC ENGENHARIA E CONSTRUCAO LTDA
MAT-1157,"Diagonais 1,5M 30 Dias 19/06-18/06",un,42.000,estoque,material,FC ENGENHARIA E CONSTRUCAO LTDA
MAT-1158,"Pranchão Metálico 1,5X0,37m 30 Dias 19/05-18/06",un,4.000,estoque,material,FC ENGENHARIA E CONSTRUCAO LTDA
MAT-1159,"Guuarda Corpo 1,5M",un,2.000,estoque,material,FC ENGENHARIA E CONSTRUCAO LTDA
MAT-1160,"Painel Tubular 1,0X1,0 - Período 01/05/2026 à 31/05/2026 - 30 Dias",un,8.000,estoque,material,FC ENGENHARIA E CONSTRUCAO LTDA
MAT-1161,"Ligação 1,5 X 1,0 - Período 07/05/2026 à 06/06/2026 - 30 Dias",un,6.000,estoque,material,FC ENGENHARIA E CONSTRUCAO LTDA
MAT-1162,Rompedor Marto - Período 04/05/2026 à 13/06/2026 - 30 Dias,un,1.000,estoque,material,FC ENGENHARIA E CONSTRUCAO LTDA
MAT-1163,Rmpedor Marto - Período 12/05/26 à 11/06/2026 - 30 Dias,un,1.000,estoque,material,FC ENGENHARIA E CONSTRUCAO LTDA
MAT-1164,Viaplus 1000,kg,4860.000,estoque,material,FC ENGENHARIA E CONSTRUCAO LTDA
MAT-1165,Esmir Ind 4.1/2 220V - Período 12/05/26 à 11/06/2026 - 30 Dias,un,1.000,estoque,material,FC ENGENHARIA E CONSTRUCAO LTDA
MAT-1166,Betoneira Mono 200V 400L - Período 15/05/26 à 14/06/2026 - 30 Dias,un,1.000,estoque,material,FC ENGENHARIA E CONSTRUCAO LTDA
MAT-1167,Furadeira Ind 220V 1/2' - Período 15/05/26 à 14/06/26 - 30 Dias,un,2.000,estoque,material,FC ENGENHARIA E CONSTRUCAO LTDA
MAT-1168,"Painel Tubular 1,0 X 1,0 - Periodo 16/05 à 15/06 - 30 Dias",un,10.000,estoque,material,FC ENGENHARIA E CONSTRUCAO LTDA
MAT-1169,"Pranchão Metálico 1,07Mx0,33m - Periodo 16/05-15/06 30 Dias",un,6.000,estoque,material,FC ENGENHARIA E CONSTRUCAO LTDA
MAT-1170,Martelete 6Kg 220V Periodo 19/05-19/06 - 30 Dias,un,1.000,estoque,material,FC ENGENHARIA E CONSTRUCAO LTDA
MAT-1171,Esmirilhadira 4.1/2 220V Perído 19/05-18/06 30 Dias,un,1.000,estoque,material,FC ENGENHARIA E CONSTRUCAO LTDA
MAT-1172,"Painel Nr18 1,0X1,0 Periodo 21/05 - 20/06 30 Dias",un,24.000,estoque,material,FC ENGENHARIA E CONSTRUCAO LTDA
MAT-1173,"Diagonais 1,0M Ctr 22526-22 (12Un) e Ctr 23601-18 (11 Uni) - Período 21/05-20/06 30 Dias",un,23.000,estoque,material,FC ENGENHARIA E CONSTRUCAO LTDA
MAT-1174,Borracha Giratória Período 21/05-20/06 30 Dias,un,0.000,estoque,material,FC ENGENHARIA E CONSTRUCAO LTDA
MAT-1175,"Pranchao Metálico 1,07X0,33m Ctr 22526-22 (9Un) e Ctr 23601-19 (15Un) - Período 21/05-20/06 30 Dias",un,24.000,estoque,material,FC ENGENHARIA E CONSTRUCAO LTDA
MAT-1176,"Painel 2,0X2,0 com Escada - Ctr28285 (20/05 - 19/06)",un,10.000,estoque,material,FC ENGENHARIA E CONSTRUCAO LTDA
MAT-1177,Guarda Corpo Fechadeiro- Ctr28285 (20/05 - 19/06),un,6.000,estoque,material,FC ENGENHARIA E CONSTRUCAO LTDA
MAT-1178,"Diagonais 1,0M Periodo 23/05-22/06 30 Dias",un,24.000,estoque,material,FC ENGENHARIA E CONSTRUCAO LTDA
MAT-1179,Sapatas Ajustaveis- Ctr28285 (20/05 - 19/06),un,18.000,estoque,material,FC ENGENHARIA E CONSTRUCAO LTDA
MAT-1180,"Pranchão Metálico 1,07X0,33m - Período 23/05-22/06 30 Dias",un,12.000,estoque,material,FC ENGENHARIA E CONSTRUCAO LTDA
MAT-1181,"Pranchão 1,40X1,65 Fachadeiro- Ctr28285 (20/05 - 19/06)",un,18.000,estoque,material,FC ENGENHARIA E CONSTRUCAO LTDA
MAT-1182,Rodape P Fachadeiro - Ctr28285 (20/05 - 19/06),un,12.000,estoque,material,FC ENGENHARIA E CONSTRUCAO LTDA
MAT-1183,"Diagonais X 2,00 Fachadeiro - Ctr28285 (20/05 - 19/06)",un,24.000,estoque,material,FC ENGENHARIA E CONSTRUCAO LTDA
MAT-1184,Parafusadeira (09/05 - 08/06),un,1.000,estoque,material,FC ENGENHARIA E CONSTRUCAO LTDA
MAT-1185,"Painel Fechadeiro 2,0X2,0- Ctr28285 (20/05 - 19/06)",un,20.000,estoque,material,FC ENGENHARIA E CONSTRUCAO LTDA
MAT-1186,"Diagonais X 2,00 Fachadeiro - Ctr28294 (21/05 - 20/06)",un,12.000,estoque,material,FC ENGENHARIA E CONSTRUCAO LTDA
MAT-1187,"Pranchao 1,40X1,65 - Ctr28294 (21/05 - 20/06)",un,6.000,estoque,material,FC ENGENHARIA E CONSTRUCAO LTDA
MAT-1188,"Painel Fechadeiro 2,0X2,0- Ctr28294 (21/05 - 20/06)",un,4.000,estoque,material,FC ENGENHARIA E CONSTRUCAO LTDA
MAT-1189,"Painel 2,0X2,0 com Escada - Ctr28294 (21/05 - 20/06)",un,2.000,estoque,material,FC ENGENHARIA E CONSTRUCAO LTDA
MAT-1190,Guarda Corpo Fechadeiro- Ctr28302 (22/05 - 21/06),un,18.000,estoque,material,FC ENGENHARIA E CONSTRUCAO LTDA
MAT-1191,SAPATA (8 UNIDADES),un,1.000,estoque,equipamento_proprio,FC ENGENHARIA E CONSTRUCAO LTDA
MAT-1192,"PRANCHA 1,5M (8 UNIDADES)",un,1.000,estoque,equipamento_proprio,FC ENGENHARIA E CONSTRUCAO LTDA
MAT-1193,"PRANCHA 1,0M (4UNIDADES)",un,1.000,estoque,equipamento_proprio,FC ENGENHARIA E CONSTRUCAO LTDA
MAT-1194,"PAINEL 1,0M (10 UNIDADES)",un,1.000,estoque,equipamento_proprio,FC ENGENHARIA E CONSTRUCAO LTDA
MAT-1195,"PAINEL 1,5M (20 UNIDADES)",un,1.000,estoque,equipamento_proprio,FC ENGENHARIA E CONSTRUCAO LTDA
MAT-1196,"DIAGONAL DE 1,0M (3 UNIDADES)",un,1.000,estoque,equipamento_proprio,FC ENGENHARIA E CONSTRUCAO LTDA
MAT-1197,RODANAS (4 UNIDADES),un,1.000,estoque,equipamento_proprio,FC ENGENHARIA E CONSTRUCAO LTDA
MAT-1198,"DIAGONAL 1,5M (6 UNIDADES)",un,1.000,estoque,equipamento_proprio,FC ENGENHARIA E CONSTRUCAO LTDA
MAT-1199,Serra Mármore 4 Pol 220V,un,1.000,estoque,material,FC ENGENHARIA E CONSTRUCAO LTDA
MAT-1200,Maderit 17Mm,m²,363.000,estoque,material,FC ENGENHARIA E CONSTRUCAO LTDA
MAT-1201,Janela 2 Folhas,un,2.000,estoque,material,FC ENGENHARIA E CONSTRUCAO LTDA
MAT-1202,Tramontina Condulete Alum S/Tp Tipo Ll,un,1.000,estoque,material,FC ENGENHARIA E CONSTRUCAO LTDA
MAT-1203,Tramontina Condulete Aluminio Tipo Multiplo X1',un,2.000,estoque,material,FC ENGENHARIA E CONSTRUCAO LTDA
MAT-1204,"Tramontina Condulete Alum S/Tp Tipo T1""",un,4.000,estoque,material,FC ENGENHARIA E CONSTRUCAO LTDA
MAT-1205,"Tramontina Condulete Alum S/Tp Tipo Lb1""",un,1.000,estoque,material,FC ENGENHARIA E CONSTRUCAO LTDA
MAT-1206,"Tramontina Unidut Aluminio Conico 1""",un,5.000,estoque,material,FC ENGENHARIA E CONSTRUCAO LTDA
MAT-1207,"Tramontina Unidut Aluminio Reto 1""",un,6.000,estoque,material,FC ENGENHARIA E CONSTRUCAO LTDA
MAT-1208,Barras de 1',un,11.000,estoque,material,FC ENGENHARIA E CONSTRUCAO LTDA
MAT-1209,Tubo Pvc 1' (Ceutubo),m,1.000,estoque,material,FC ENGENHARIA E CONSTRUCAO LTDA
MAT-1210,Unidut Reto 1',un,2.000,estoque,material,FC ENGENHARIA E CONSTRUCAO LTDA
MAT-1211,Caixa de Passagem 1',un,3.000,estoque,material,FC ENGENHARIA E CONSTRUCAO LTDA
MAT-1212,"Curva de 1""",un,1.000,estoque,material,FC ENGENHARIA E CONSTRUCAO LTDA
MAT-1213,"Unidut Ll 1""",un,1.000,estoque,material,FC ENGENHARIA E CONSTRUCAO LTDA
MAT-1214,"Unidut T 1""",un,4.000,estoque,material,FC ENGENHARIA E CONSTRUCAO LTDA
MAT-1215,"Condulete C 1""",un,4.000,estoque,material,FC ENGENHARIA E CONSTRUCAO LTDA
MAT-1216,"Abraçadeira 1""",un,50.000,estoque,material,FC ENGENHARIA E CONSTRUCAO LTDA
MAT-1217,"Parafuso 1""",un,50.000,estoque,material,FC ENGENHARIA E CONSTRUCAO LTDA
MAT-1218,"Bucha 1""",un,50.000,estoque,material,FC ENGENHARIA E CONSTRUCAO LTDA
MAT-1219,"Cabeçote de 1""",un,1.000,estoque,material,FC ENGENHARIA E CONSTRUCAO LTDA
MAT-1220,Fita de Aço Perfurada,un,1.000,estoque,material,FC ENGENHARIA E CONSTRUCAO LTDA
MAT-1221,Bobina Calha,m,50.000,estoque,material,FC ENGENHARIA E CONSTRUCAO LTDA
MAT-1222,Bobina Telha R,kg,264.000,estoque,material,FC ENGENHARIA E CONSTRUCAO LTDA
MAT-1223,Parafuso para Telha 3/4,un,1000.000,estoque,material,FC ENGENHARIA E CONSTRUCAO LTDA
MAT-1224,"Pranchão Garrapeira 3,0X3,0m",un,3.000,estoque,material,FC ENGENHARIA E CONSTRUCAO LTDA
MAT-1225,Viga Garrapeira 11X8x3m,un,1.000,estoque,material,FC ENGENHARIA E CONSTRUCAO LTDA
MAT-1226,Prencha Tuari 20X6x6,un,16.000,estoque,material,FC ENGENHARIA E CONSTRUCAO LTDA
MAT-1227,Caibro Tuari 7X5x6m,un,4.000,estoque,material,FC ENGENHARIA E CONSTRUCAO LTDA
MAT-1228,Caibro Tuari 5X5x6m,un,23.000,estoque,material,FC ENGENHARIA E CONSTRUCAO LTDA
MAT-1229,Pranchão Tuari 20X08x7m,un,5.000,estoque,material,FC ENGENHARIA E CONSTRUCAO LTDA
MAT-1230,"Madeirite Plastificado 1,10X2,20x10mm",un,32.000,estoque,material,FC ENGENHARIA E CONSTRUCAO LTDA
MAT-1231,"Madeirite Plastificado 1,10X2,20x7mm",un,14.000,estoque,material,FC ENGENHARIA E CONSTRUCAO LTDA
MAT-1232,Prego 15X15,kg,10.000,estoque,material,FC ENGENHARIA E CONSTRUCAO LTDA
MAT-1233,Prego 17X27,kg,5.000,estoque,material,FC ENGENHARIA E CONSTRUCAO LTDA
MAT-1234,Prego 22X48,kg,5.000,estoque,material,FC ENGENHARIA E CONSTRUCAO LTDA
MAT-1235,Tela Fachadeira Branca 4X100m,m²,4000.000,estoque,material,FC ENGENHARIA E CONSTRUCAO LTDA
MAT-1236,"Geotêxtil Manta Nt13 2,30X100m",un,600.000,estoque,material,FC ENGENHARIA E CONSTRUCAO LTDA
MAT-1237,Tek Bond Fu40 Branco,un,2.000,estoque,material,FC ENGENHARIA E CONSTRUCAO LTDA
MAT-1238,"Eucatex Zarcão 3,6",un,3.000,estoque,material,FC ENGENHARIA E CONSTRUCAO LTDA
MAT-1239,Suv Piso Cerâmico,un,2.000,estoque,material,FC ENGENHARIA E CONSTRUCAO LTDA
MAT-1240,Eucatex Piso Branco,un,1.000,estoque,material,FC ENGENHARIA E CONSTRUCAO LTDA
MAT-1241,Condor Trincha 710,un,2.000,estoque,material,FC ENGENHARIA E CONSTRUCAO LTDA
MAT-1242,Condor Rolo de Espuma,un,2.000,estoque,material,FC ENGENHARIA E CONSTRUCAO LTDA
MAT-1243,Eucatex Fundo para Galvanizados,un,4.000,estoque,material,FC ENGENHARIA E CONSTRUCAO LTDA
MAT-1244,Eucatex Espuma Expansiva,un,2.000,estoque,material,FC ENGENHARIA E CONSTRUCAO LTDA
MAT-1245,Eucatex Aguaras 5L,un,1.000,estoque,material,FC ENGENHARIA E CONSTRUCAO LTDA
MAT-1246,Lona Preta Ultra Fina,m,200.000,estoque,material,FC ENGENHARIA E CONSTRUCAO LTDA
MAT-1247,Aditivo Colante Bianco 200L,un,3.000,estoque,material,FC ENGENHARIA E CONSTRUCAO LTDA
MAT-1248,Graute 25Kg,un,150.000,estoque,material,FC ENGENHARIA E CONSTRUCAO LTDA
MAT-1249,Mangueira Cristal PVC de nivel,m,2.000,estoque,material,FC ENGENHARIA E CONSTRUCAO LTDA
MAT-1250,Burrifador Pulverizador,un,1.000,estoque,material,FC ENGENHARIA E CONSTRUCAO LTDA
MAT-1251,"Telha Galvalume Pre-pint S/P Rt-40/0980 -I 0,43 Sup Backer X Inf Branco Ral 9003 (3M Comprimento X 1M Largura)",un,462.000,estoque,material,FC ENGENHARIA E CONSTRUCAO LTDA
MAT-1252,"Telha Galvalume Pre-pint S/P Rt-40/0980 -I 0,43 Sup Backer X Inf Branco Ral 9003 (2M Comprimento X 1M Largura)",un,26.000,estoque,material,FC ENGENHARIA E CONSTRUCAO LTDA
MAT-1253,"Telha Galvalume Pre-pint S/P Rt-40/0980 -I 0,43 Sup Backer X Inf Branco Ral 9003 (1,60M Comprimento X 1M Largura)",un,26.000,estoque,material,FC ENGENHARIA E CONSTRUCAO LTDA
MAT-1254,Fixador Auto Brocante Cabeça 5/16 - Ponta 3 12X14x3/4,un,4500.000,estoque,material,FC ENGENHARIA E CONSTRUCAO LTDA
MAT-1255,Fixador Auto Brocante Cabeça 5/16 - Ponta 1 1/4X14x7/8,un,1500.000,estoque,material,FC ENGENHARIA E CONSTRUCAO LTDA
MAT-1256,Chibanca sem cabo (Picareta sem cabo),un,2.000,estoque,material,FC ENGENHARIA E CONSTRUCAO LTDA
MAT-1257,Trado com alongador,un,1.000,estoque,material,FC ENGENHARIA E CONSTRUCAO LTDA
MAT-1258,Fita Isolante Scotch 33+,rolo,5.000,estoque,material,FC ENGENHARIA E CONSTRUCAO LTDA
MAT-1259,Chave de Fenda Cabo Amarelo,un,3.000,estoque,material,FC ENGENHARIA E CONSTRUCAO LTDA
MAT-1260,Chave de Fenda Phillips,un,3.000,estoque,material,FC ENGENHARIA E CONSTRUCAO LTDA
MAT-1261,"Alicate Universal 6"" Tramontina",un,1.000,estoque,material,FC ENGENHARIA E CONSTRUCAO LTDA
MAT-1262,"Serrote Handsaw Hobby 18""",un,0.000,estoque,material,FC ENGENHARIA E CONSTRUCAO LTDA
MAT-1263,TE SOLD 60MM,un,21.000,estoque,material,FC ENGENHARIA E CONSTRUCAO LTDA
MAT-1264,JOELHO 90 SOLD 60MM,un,18.000,estoque,material,FC ENGENHARIA E CONSTRUCAO LTDA
MAT-1265,JOELHO 45 SOLD 60MM,pç,7.000,estoque,material,FC ENGENHARIA E CONSTRUCAO LTDA
MAT-1266,LUVA SOLD 60MM,un,4.000,estoque,material,FC ENGENHARIA E CONSTRUCAO LTDA
MAT-1267,CURVA TRANSP SOLD 25MM,un,44.000,estoque,material,FC ENGENHARIA E CONSTRUCAO LTDA
MAT-1268,ADAPTADOR SOLD CTO25MMX3/4,un,18.000,estoque,material,FC ENGENHARIA E CONSTRUCAO LTDA
MAT-1269,JOELHO 45 SOLD 45MM,un,5.000,estoque,material,FC ENGENHARIA E CONSTRUCAO LTDA
MAT-1270,BUCHA RED SOLD LGA 40X25MM,un,48.000,estoque,material,FC ENGENHARIA E CONSTRUCAO LTDA
MAT-1271,JOELHO 90 TRAN FF SUP CPVC DN22X1/2,un,64.000,estoque,material,FC ENGENHARIA E CONSTRUCAO LTDA
MAT-1272,FITA VEDA ROSCA 18MMX50M,un,3.000,estoque,material,FC ENGENHARIA E CONSTRUCAO LTDA
MAT-1273,TE ESG SN DN40,un,7.000,estoque,material,FC ENGENHARIA E CONSTRUCAO LTDA
MAT-1274,JOELHO 90 ESG SN DN 40,pç,25.000,estoque,material,FC ENGENHARIA E CONSTRUCAO LTDA
MAT-1275,LUVA SIMP ESG SN DN 100,un,13.000,estoque,material,FC ENGENHARIA E CONSTRUCAO LTDA
MAT-1276,JOELHO 90ESG SN DN 75,un,4.000,estoque,material,FC ENGENHARIA E CONSTRUCAO LTDA
MAT-1277,LUVA SIMPLES ESG SN DN 75,un,11.000,estoque,material,FC ENGENHARIA E CONSTRUCAO LTDA
MAT-1278,Aplicador de Silicone,un,1.000,estoque,material,FC ENGENHARIA E CONSTRUCAO LTDA
MAT-1279,Neutrol 900Ml,un,1.000,estoque,material,FC ENGENHARIA E CONSTRUCAO LTDA
MAT-1280,Trincah 3,un,1.000,estoque,material,FC ENGENHARIA E CONSTRUCAO LTDA
MAT-1281,Luva Esgoto 100Mm,un,9.000,estoque,material,FC ENGENHARIA E CONSTRUCAO LTDA
MAT-1282,Tubo Esgoto 100Mm,un,3.000,estoque,material,FC ENGENHARIA E CONSTRUCAO LTDA
MAT-1283,Tubo Soldável 25Mm,un,4.000,estoque,material,FC ENGENHARIA E CONSTRUCAO LTDA
MAT-1284,Te Pvc Soldável 25Mm,un,6.000,estoque,material,FC ENGENHARIA E CONSTRUCAO LTDA
MAT-1285,Tubo Soldável Cola 40Mm,un,3.000,estoque,material,FC ENGENHARIA E CONSTRUCAO LTDA
MAT-1286,Te Pvc Esgoto 40Mm,un,3.000,estoque,material,FC ENGENHARIA E CONSTRUCAO LTDA
MAT-1287,Junção 100Mm Esgoto,un,8.000,estoque,material,FC ENGENHARIA E CONSTRUCAO LTDA
MAT-1288,"2 Alavanca Pé de Cabra,",un,2.000,estoque,material,FC ENGENHARIA E CONSTRUCAO LTDA
MAT-1289,2 Prumo Centro 400 Gr,un,2.000,estoque,material,FC ENGENHARIA E CONSTRUCAO LTDA
MAT-1290,2 Prumo de Face 500 Gr,un,2.000,estoque,material,FC ENGENHARIA E CONSTRUCAO LTDA
MAT-1291,2 Colheres de Pedreiro,un,2.000,estoque,material,FC ENGENHARIA E CONSTRUCAO LTDA
MAT-1292,"20 Discos de Corte Ferro 4""",un,20.000,estoque,material,FC ENGENHARIA E CONSTRUCAO LTDA
MAT-1293,"5 Disco Corte Parede 4""",un,5.000,estoque,material,FC ENGENHARIA E CONSTRUCAO LTDA
MAT-1294,"1 Disco de Serra Circular 7.1/4"" de 36 Dentes.",un,1.000,estoque,material,FC ENGENHARIA E CONSTRUCAO LTDA
MAT-1295,Arame Torcido 18,un,5.000,estoque,material,FC ENGENHARIA E CONSTRUCAO LTDA
MAT-1296,"Tela Galinheiro 1,20",un,50.000,estoque,material,FC ENGENHARIA E CONSTRUCAO LTDA
MAT-1297,Silicone Pu40,un,0.000,estoque,material,FC ENGENHARIA E CONSTRUCAO LTDA
MAT-1298,Bolsa Excêntricas,un,4.000,estoque,material,FC ENGENHARIA E CONSTRUCAO LTDA
MAT-1299,Tela Tapume - Rolos de 25M,un,2.000,estoque,material,FC ENGENHARIA E CONSTRUCAO LTDA
MAT-1300,Cequite,un,1.000,estoque,material,FC ENGENHARIA E CONSTRUCAO LTDA
MAT-1301,Pu40 - Cor Cinza,un,0.000,estoque,material,FC ENGENHARIA E CONSTRUCAO LTDA
MAT-1302,Lapis de Carpinteiro,un,0.000,estoque,material,FC ENGENHARIA E CONSTRUCAO LTDA
MAT-1303,"PLATAFORMA METALICA 1,5M ( 4 UNIDADES)",un,1.000,estoque,equipamento_proprio,FC ENGENHARIA E CONSTRUCAO LTDA
MAT-1304,RODÍZIOS ( 4 UNIDADES),un,1.000,estoque,equipamento_proprio,FC ENGENHARIA E CONSTRUCAO LTDA
MAT-1305,"DIAGONAL 1,5M ( 4 UNIDADES )",un,1.000,estoque,equipamento_proprio,FC ENGENHARIA E CONSTRUCAO LTDA
MAT-1306,PAINEL NR-18 1 M X 1 M ( 6 UNIDADES ),un,1.000,estoque,equipamento_proprio,FC ENGENHARIA E CONSTRUCAO LTDA
MAT-1307,SAPATAS AJUSTÁVEIS ( 6 UNIDADES ),un,1.000,estoque,equipamento_proprio,FC ENGENHARIA E CONSTRUCAO LTDA
MAT-1308,PLATAFORMA METÁLICA 1M ( 3 UNIDADES ),un,1.000,estoque,equipamento_proprio,FC ENGENHARIA E CONSTRUCAO LTDA
MAT-1309,"PAINEL NR 18- 1 M X 1,5 M (24 UNIDADES)",un,1.000,estoque,equipamento_proprio,FC ENGENHARIA E CONSTRUCAO LTDA
MAT-1310,Eletrodo 2.5,kg,2.000,estoque,material,FC ENGENHARIA E CONSTRUCAO LTDA
MAT-1311,Bisnaga de Silicone,un,5.000,estoque,material,FC ENGENHARIA E CONSTRUCAO LTDA
MAT-1312,Flange 32MM,un,1.000,estoque,material,FC ENGENHARIA E CONSTRUCAO LTDA
MAT-1313,"Disco de Corte de Ferro 4""",un,20.000,estoque,material,FC ENGENHARIA E CONSTRUCAO LTDA
MAT-1314,"Disco de Serra Circular 7 ¹/4""",un,0.000,estoque,material,FC ENGENHARIA E CONSTRUCAO LTDA
MAT-1315,Ponteira de Encaixe Sds Plus 14X250mm,un,1.000,estoque,material,FC ENGENHARIA E CONSTRUCAO LTDA
MAT-1316,Talhadeira de Encaixe Sds Plus 14X20x250mm,un,2.000,estoque,material,FC ENGENHARIA E CONSTRUCAO LTDA
MAT-1317,Prego de Aço 17X21,kg,3.000,estoque,material,FC ENGENHARIA E CONSTRUCAO LTDA
MAT-1318,Brocha Retangular,un,2.000,estoque,material,FC ENGENHARIA E CONSTRUCAO LTDA
MAT-1319,Bloco de Espuma,un,7.000,estoque,material,FC ENGENHARIA E CONSTRUCAO LTDA
MAT-1320,Serra Starret 24D,un,10.000,estoque,material,FC ENGENHARIA E CONSTRUCAO LTDA
MAT-1321,Prego (Normal) 17X21,kg,0.000,estoque,material,FC ENGENHARIA E CONSTRUCAO LTDA
MAT-1322,Pincel Largo 7Cm,un,1.000,estoque,material,FC ENGENHARIA E CONSTRUCAO LTDA
MAT-1323,"Espátula de Aço Estreita 10Cm-101,6mm",un,1.000,estoque,material,FC ENGENHARIA E CONSTRUCAO LTDA
MAT-1324,Gasolina,un,1.000,estoque,material,FC ENGENHARIA E CONSTRUCAO LTDA
MAT-1325,Diesel,un,1.000,estoque,material,FC ENGENHARIA E CONSTRUCAO LTDA
MAT-1326,Conjunto Placa 4X2,un,1.000,estoque,material,FC ENGENHARIA E CONSTRUCAO LTDA
MAT-1327,Módulo Tomada 2P+t,un,1.000,estoque,material,FC ENGENHARIA E CONSTRUCAO LTDA
MAT-1328,Módulo Saida de Fio 2Un,un,1.000,estoque,material,FC ENGENHARIA E CONSTRUCAO LTDA
MAT-1329,Conjunto Sobrepor 1 Tomada,un,2.000,estoque,material,FC ENGENHARIA E CONSTRUCAO LTDA
MAT-1330,Dome - Camera 20M,un,1.000,estoque,material,FC ENGENHARIA E CONSTRUCAO LTDA
MAT-1331,Adaptador 32mm marrom,un,12.000,estoque,material,FC ENGENHARIA E CONSTRUCAO LTDA
MAT-1332,Adaptador 50mm marrom,un,6.000,estoque,material,FC ENGENHARIA E CONSTRUCAO LTDA
MAT-1333,Te 50mm,un,1.000,estoque,material,FC ENGENHARIA E CONSTRUCAO LTDA
MAT-1334,Joelho 50mm,un,3.000,estoque,material,FC ENGENHARIA E CONSTRUCAO LTDA
MAT-1335,Guincho de Coluna Tinmaq 400Kg,un,1.000,estoque,material,FC ENGENHARIA E CONSTRUCAO LTDA
MAT-1336,Redução 50x40,un,12.000,estoque,material,FC ENGENHARIA E CONSTRUCAO LTDA
MAT-1337,Vara de 40	PVC MARROM,un,6.000,estoque,material,FC ENGENHARIA E CONSTRUCAO LTDA
MAT-1338,Te 40x25	PVC MARROM,un,6.000,estoque,material,FC ENGENHARIA E CONSTRUCAO LTDA
MAT-1339,luva 32	PVC MARROM,un,8.000,estoque,material,FC ENGENHARIA E CONSTRUCAO LTDA
MAT-1340,Flange 40	PVC MARROM,un,4.000,estoque,material,FC ENGENHARIA E CONSTRUCAO LTDA
MAT-1341,Joelho 40 90 gral 	PVC MARROM,un,10.000,estoque,material,FC ENGENHARIA E CONSTRUCAO LTDA
MAT-1342,Luva 25	PVC MARROM,un,10.000,estoque,material,FC ENGENHARIA E CONSTRUCAO LTDA
MAT-1343,Junção 75x50 	ESGOTO,un,9.000,estoque,material,FC ENGENHARIA E CONSTRUCAO LTDA
MAT-1344,Adaptador de 40	PVC MARROM,un,1.000,estoque,material,FC ENGENHARIA E CONSTRUCAO LTDA
MAT-1345,Joelho 32	PVC MARROM,un,33.000,estoque,material,FC ENGENHARIA E CONSTRUCAO LTDA
MAT-1346,Luva 40	PVC MARROM,un,4.000,estoque,material,FC ENGENHARIA E CONSTRUCAO LTDA
MAT-1347,Te 25	PVC MARROM,un,6.000,estoque,material,FC ENGENHARIA E CONSTRUCAO LTDA
MAT-1348,Joelho 25 45 gral	PVC MARROM,un,1.000,estoque,material,FC ENGENHARIA E CONSTRUCAO LTDA
MAT-1349,Veda rosca  18mmx50m	PVC MARROM,un,9.000,estoque,material,FC ENGENHARIA E CONSTRUCAO LTDA
MAT-1350,Registro 25 gaveta bruto 	PVC MARROM,un,3.000,estoque,material,FC ENGENHARIA E CONSTRUCAO LTDA
MAT-1351,Fita de Sinalização Zebrada Amarela e Preta,rolo,0.000,estoque,material,FC ENGENHARIA E CONSTRUCAO LTDA
MAT-1352,Bombril,un,1.000,estoque,material,FC ENGENHARIA E CONSTRUCAO LTDA
MAT-1353,Pá de Lixo,un,2.000,estoque,material,FC ENGENHARIA E CONSTRUCAO LTDA
MAT-1354,Pano de Chão,un,28.000,estoque,material,FC ENGENHARIA E CONSTRUCAO LTDA
MAT-1355,Flanela de Limpeza,un,2.000,estoque,material,FC ENGENHARIA E CONSTRUCAO LTDA
MAT-1356,Lona de Polietileno 4x4m 100g/m²,un,1.000,estoque,material,FC ENGENHARIA E CONSTRUCAO LTDA
MAT-1357,"Barra Ca 50 12,5Mm",un,11.000,estoque,material,FC ENGENHARIA E CONSTRUCAO LTDA
MAT-1358,Barra Ca 50 10 Mm,un,6.000,estoque,material,FC ENGENHARIA E CONSTRUCAO LTDA
MAT-1359,"Barra Ca 50 6,3 Mm",un,2.000,estoque,material,FC ENGENHARIA E CONSTRUCAO LTDA
MAT-1360,"Barra Ca 50 10,5Mm",un,6.000,estoque,material,FC ENGENHARIA E CONSTRUCAO LTDA
MAT-1361,"Barra Ca 50 6,3Mm",un,3.000,estoque,material,FC ENGENHARIA E CONSTRUCAO LTDA
MAT-1362,Vaselina Líquida,un,7.000,estoque,material,FC ENGENHARIA E CONSTRUCAO LTDA
MAT-1363,Silicone Pu40 Branco,un,45.000,estoque,material,FC ENGENHARIA E CONSTRUCAO LTDA
MAT-1364,Silicone Pu 40 Cinza,un,0.000,estoque,material,FC ENGENHARIA E CONSTRUCAO LTDA
MAT-1365,Regua Madecon 2X1 2Mt Frisada,un,1.000,estoque,material,FC ENGENHARIA E CONSTRUCAO LTDA
MAT-1366,1 Colher Pedr Paceta 10,un,1.000,estoque,material,FC ENGENHARIA E CONSTRUCAO LTDA
MAT-1367,Linha Pedrei Rossi Trançada 100M,un,2.000,estoque,material,FC ENGENHARIA E CONSTRUCAO LTDA
MAT-1368,Desempenadeira Ferja Pvc Corrugada 22C34,un,1.000,estoque,material,FC ENGENHARIA E CONSTRUCAO LTDA
MAT-1369,Desempenadeira Ferja Lisa Pvc 22C34,un,1.000,estoque,material,FC ENGENHARIA E CONSTRUCAO LTDA
MAT-1370,Rebolo Thompson Diamantado 1/2 Turbo,un,1.000,estoque,material,FC ENGENHARIA E CONSTRUCAO LTDA
MAT-1371,Broca Irwin Sds Plus 12X210,un,2.000,estoque,material,FC ENGENHARIA E CONSTRUCAO LTDA
MAT-1372,Bucha Parede 12,un,50.000,estoque,material,FC ENGENHARIA E CONSTRUCAO LTDA
MAT-1373,Caçamba de Entulho,un,11.000,estoque,material,FC ENGENHARIA E CONSTRUCAO LTDA
MAT-1374,Rolo de Pintura com Cabo,un,1.000,estoque,material,FC ENGENHARIA E CONSTRUCAO LTDA
MAT-1375,"Chave Ajustável 12"" 300mm inglesa ",un,2.000,estoque,material,FC ENGENHARIA E CONSTRUCAO LTDA
MAT-1376,Chave de Grifo 14 Polegadas,un,2.000,estoque,material,FC ENGENHARIA E CONSTRUCAO LTDA
MAT-1377,Cadeado LT mm,cx,8.000,estoque,material,FC ENGENHARIA E CONSTRUCAO LTDA
MAT-1378,Viagens de Entulho 8M³ - Pedido 3276,un,2.000,estoque,material,FC ENGENHARIA E CONSTRUCAO LTDA
MAT-1379,Viagens de Caminhão de Entulho 10M² - Pedido 3285,un,2.000,estoque,material,FC ENGENHARIA E CONSTRUCAO LTDA
MAT-1380,Diária de Máquina - Dia 17/06/2026 - Pedido 3282,un,1.000,estoque,material,FC ENGENHARIA E CONSTRUCAO LTDA
MAT-1381,Areia Média Lavada à Granel,m³,30.000,estoque,material,FC ENGENHARIA E CONSTRUCAO LTDA
MAT-1382,Ar Condicionado Split Hw Inverter,un,1.000,estoque,material,FC ENGENHARIA E CONSTRUCAO LTDA
MAT-1383,Evaporadora Split Hw Inverter,un,1.000,estoque,material,FC ENGENHARIA E CONSTRUCAO LTDA
MAT-1384,Reforma e Calibração Freio de Emergência Montarte,un,1.000,estoque,material,FC ENGENHARIA E CONSTRUCAO LTDA
MAT-1385,Joelho Esgot Tigre 45,un,8.000,estoque,material,FC ENGENHARIA E CONSTRUCAO LTDA
MAT-1386,Adesivo Tigre Pvc Frasco 175Gr,un,1.000,estoque,material,FC ENGENHARIA E CONSTRUCAO LTDA
MAT-1387,Serra Cortag Bimetalica 18D,un,1.000,estoque,material,FC ENGENHARIA E CONSTRUCAO LTDA
MAT-1388,Cadeado Pado 4Mm,un,1.000,estoque,material,FC ENGENHARIA E CONSTRUCAO LTDA
MAT-1389,Cadeado Pado 35Mm,un,5.000,estoque,material,FC ENGENHARIA E CONSTRUCAO LTDA
MAT-1390,Alicate Eda Universal,un,1.000,estoque,material,FC ENGENHARIA E CONSTRUCAO LTDA
MAT-1391,Disco Starrety Corte Inox 4./2X7/8,un,5.000,estoque,material,FC ENGENHARIA E CONSTRUCAO LTDA
MAT-1392,Regua Medecon Bitubolar 3 M,un,2.000,estoque,material,FC ENGENHARIA E CONSTRUCAO LTDA
MAT-1393,Mangueira Cristal Plastic 5/16X1 - 5M,m,5.000,estoque,material,FC ENGENHARIA E CONSTRUCAO LTDA
MAT-1394,Marreta Tenace 1Kg C/Cabo,un,2.000,estoque,material,FC ENGENHARIA E CONSTRUCAO LTDA
MAT-1395,"Brita 1 (9,5mm a 19mm)",m²,5.000,estoque,material,FC ENGENHARIA E CONSTRUCAO LTDA
MAT-1396,Bota de PVC Cano Médio,par,4.000,estoque,material,FC ENGENHARIA E CONSTRUCAO LTDA
MAT-1397,Capa de Chuva PVC Forrado Amarela,un,10.000,estoque,material,FC ENGENHARIA E CONSTRUCAO LTDA
MAT-1398,Carvão para Makita,un,1.000,estoque,material,FC ENGENHARIA E CONSTRUCAO LTDA
MAT-1399,SERRA MARMORE SERRA MARMORE WESCO SERRA MARMORE WESCO WS3905,un,1.000,estoque,equipamento_proprio,FC ENGENHARIA E CONSTRUCAO LTDA
MAT-1400,Bota Galocha PVC Cano Alto  Nº 40,par,3.000,estoque,material,FC ENGENHARIA E CONSTRUCAO LTDA
MAT-1401,Bota Galocha PVC cano alto  nº 41,par,1.000,estoque,material,FC ENGENHARIA E CONSTRUCAO LTDA
MAT-1402,Capas de chuva Amarela  GG,un,5.000,estoque,material,FC ENGENHARIA E CONSTRUCAO LTDA
MAT-1403,Capas de chuvas  G,un,5.000,estoque,material,FC ENGENHARIA E CONSTRUCAO LTDA
MAT-1404,Cinto 4 Pontos Poliéster Athenas At7015,un,5.000,estoque,material,FC ENGENHARIA E CONSTRUCAO LTDA
MAT-1405,Talabare Y Moso 55Mm C Om Elastico,un,5.000,estoque,material,FC ENGENHARIA E CONSTRUCAO LTDA
MAT-1406,Protetor Auricolar Copolimetro 14Db Verde,un,50.000,estoque,material,FC ENGENHARIA E CONSTRUCAO LTDA
MAT-1407,Luva Nitrilica C/Forro Verde Tam G,un,50.000,estoque,material,FC ENGENHARIA E CONSTRUCAO LTDA
MAT-1408,Luva Mista Vaqueta Raspa Petroleira,un,50.000,estoque,material,FC ENGENHARIA E CONSTRUCAO LTDA
MAT-1409,Botinia Elastico Preto Nº 41,un,6.000,estoque,material,FC ENGENHARIA E CONSTRUCAO LTDA
MAT-1410,Botina Elstico Preto Nº 42,un,6.000,estoque,material,FC ENGENHARIA E CONSTRUCAO LTDA
MAT-1411,Botina Elástico Preto 43,un,2.000,estoque,material,FC ENGENHARIA E CONSTRUCAO LTDA
MAT-1412,Botina Elastica Preta Nº 39,un,3.000,estoque,material,FC ENGENHARIA E CONSTRUCAO LTDA
MAT-1413,Botina Elstica Preta Nº 40,un,3.000,estoque,material,FC ENGENHARIA E CONSTRUCAO LTDA
MAT-1414,Botina Elastica Preta Nº 44,un,2.000,estoque,material,FC ENGENHARIA E CONSTRUCAO LTDA
MAT-1415,Locação de Equipts. Conf. Contrato 3995 - Período de 26/06/2026 a 25/07/2026.,un,1.000,estoque,material,FC ENGENHARIA E CONSTRUCAO LTDA
MAT-1416,"Transporte de Areia, Lajotas e Limpeza da Obra",un,1.000,estoque,material,FC ENGENHARIA E CONSTRUCAO LTDA
MAT-1417,Transporte de Material para Odo Almoxarifado para O Canteiro de Obras,un,1.000,estoque,material,FC ENGENHARIA E CONSTRUCAO LTDA
MAT-1418,Transporte de Andamimes,un,1.000,estoque,material,FC ENGENHARIA E CONSTRUCAO LTDA
MAT-1419,Ventilador de Parede 127V,un,1.000,estoque,material,FC ENGENHARIA E CONSTRUCAO LTDA
MAT-1420,Tijolo Comum Maciço 5X20 Cm,un,150.000,estoque,material,FC ENGENHARIA E CONSTRUCAO LTDA
MAT-1421,Parafuso Auto Brocante 19Mm X 4.2,un,50.000,estoque,material,FC ENGENHARIA E CONSTRUCAO LTDA
MAT-1422,Veda Calha,un,20.000,estoque,material,FC ENGENHARIA E CONSTRUCAO LTDA
MAT-1423,Conduite Corrugado 1 Polegada ( Rolo),un,6.000,estoque,material,FC ENGENHARIA E CONSTRUCAO LTDA
MAT-1424,Luva P/ Emenda Tusa 1 Krona,un,50.000,estoque,material,FC ENGENHARIA E CONSTRUCAO LTDA
MAT-1425,Luva P/ Emenda Tusa 3/4,un,50.000,estoque,material,FC ENGENHARIA E CONSTRUCAO LTDA
MAT-1426,Caixa de Luz Pvc 4 X 2 Preta,pç,350.000,estoque,material,FC ENGENHARIA E CONSTRUCAO LTDA
MAT-1427,Disco de Cortar Ferro,un,10.000,estoque,material,FC ENGENHARIA E CONSTRUCAO LTDA
MAT-1428,"Canteiro de Obras Provisório Completo, Incluso Escritórios, Almoxarifado, Sanitários, Vestiários e Insumos Conforme a Nr-18",m,121.500,estoque,material,FC ENGENHARIA E CONSTRUCAO LTDA
MAT-1429,Instalação de Um Equipamento de Ar Condicionado de 9000 Btus de Acordo com Visita Técnica,un,1.000,estoque,material,FC ENGENHARIA E CONSTRUCAO LTDA
MAT-1430,COLA TECK BOND 793 100 G,un,1.000,estoque,material,FC ENGENHARIA E CONSTRUCAO LTDA
MAT-1431,COLA TECK BOND 793 50G -,un,1.000,estoque,material,FC ENGENHARIA E CONSTRUCAO LTDA
MAT-1432,Toalheiro Suporte Porta Papel Toalha Banheiro,un,2.000,estoque,material,FC ENGENHARIA E CONSTRUCAO LTDA
MAT-1433,Iwter Folha Luva,un,4.000,estoque,material,FC ENGENHARIA E CONSTRUCAO LTDA
MAT-1434,Potes Stilus,un,2.000,estoque,material,FC ENGENHARIA E CONSTRUCAO LTDA
MAT-1435,Higienico Sulleg F Dupla C/12,cx,1.000,estoque,material,FC ENGENHARIA E CONSTRUCAO LTDA
MAT-1436,Saco de Lixo C/100 Unidades,un,1.000,estoque,material,FC ENGENHARIA E CONSTRUCAO LTDA
MAT-1437,Sacola Col Fd 40X50,un,1.000,estoque,material,FC ENGENHARIA E CONSTRUCAO LTDA
MAT-1438,Sacola Col Fd 50X70,un,1.000,estoque,material,FC ENGENHARIA E CONSTRUCAO LTDA
MAT-1439,Pacote de Copo 180Ml Pct com 100Un,un,1.000,estoque,material,FC ENGENHARIA E CONSTRUCAO LTDA
MAT-1440,Saco de Lixo 60L Fd,un,1.000,estoque,material,FC ENGENHARIA E CONSTRUCAO LTDA
MAT-1441,Inter Folha Branca Pct,un,1.000,estoque,material,FC ENGENHARIA E CONSTRUCAO LTDA
MAT-1442,"1,25G Saco Lixo 100L Grosso",un,1.000,estoque,material,FC ENGENHARIA E CONSTRUCAO LTDA
MAT-1443,Pacotes de Prato Acrilico Sobremessa 10Un Cada,un,2.000,estoque,material,FC ENGENHARIA E CONSTRUCAO LTDA
MAT-1444,50 Garfo de Sobremesa,un,1.000,estoque,material,FC ENGENHARIA E CONSTRUCAO LTDA
MAT-1445,Sabonete Líquido,un,1.000,estoque,material,FC ENGENHARIA E CONSTRUCAO LTDA
MAT-1446,Frasco Deo Line 140Ml,un,1.000,estoque,material,FC ENGENHARIA E CONSTRUCAO LTDA
MAT-1447,Guardanapo 30X30 100Un Master,un,1.000,estoque,material,FC ENGENHARIA E CONSTRUCAO LTDA
MAT-1448,Chave de Fenda Cj com Proteção 1000W,un,1.000,estoque,material,FC ENGENHARIA E CONSTRUCAO LTDA
MAT-1449,Caixa Básica de Ferramentas,un,1.000,estoque,material,FC ENGENHARIA E CONSTRUCAO LTDA
MAT-1450,"Extensão Cabo Pp 4,0Mm²",m,100.000,estoque,material,FC ENGENHARIA E CONSTRUCAO LTDA
MAT-1451,Robôs,un,1.000,estoque,material,FC ENGENHARIA E CONSTRUCAO LTDA
MAT-1452,"Lixadeira 4""",un,1.000,estoque,material,FC ENGENHARIA E CONSTRUCAO LTDA
MAT-1453,"Serra Marmores 4""",un,1.000,estoque,material,FC ENGENHARIA E CONSTRUCAO LTDA
MAT-1454,"Serra Circular Madeira Manual 7""",un,1.000,estoque,material,FC ENGENHARIA E CONSTRUCAO LTDA
MAT-1455,Martelete 10 / 15 Kg + Ponteiro + Talhadeira,un,1.000,estoque,material,FC ENGENHARIA E CONSTRUCAO LTDA
MAT-1456,Tesoura de Corta Tela Fio 8Mm,un,1.000,estoque,material,FC ENGENHARIA E CONSTRUCAO LTDA
MAT-1457,Carrinho de Mão / Girica,un,4.000,estoque,material,FC ENGENHARIA E CONSTRUCAO LTDA
MAT-1458,"Turquesa 14""",un,2.000,estoque,material,FC ENGENHARIA E CONSTRUCAO LTDA
MAT-1459,Marreta de 5 Kg,un,4.000,estoque,material,FC ENGENHARIA E CONSTRUCAO LTDA
MAT-1460,Nível 2M,un,1.000,estoque,material,FC ENGENHARIA E CONSTRUCAO LTDA
MAT-1461,Ponteira Martelete 250,un,1.000,estoque,material,FC ENGENHARIA E CONSTRUCAO LTDA
MAT-1462,Talhadeira P Martelette,un,1.000,estoque,material,FC ENGENHARIA E CONSTRUCAO LTDA
MAT-1463,Marretas de 15Kg,un,1.000,estoque,material,FC ENGENHARIA E CONSTRUCAO LTDA
MAT-1464,Regua com 4 Pino,un,4.000,estoque,material,FC ENGENHARIA E CONSTRUCAO LTDA
MAT-1465,Lixeiras,un,6.000,estoque,material,FC ENGENHARIA E CONSTRUCAO LTDA
MAT-1466,Fardo de Saco de Lixo 60L,un,1.000,estoque,material,FC ENGENHARIA E CONSTRUCAO LTDA
MAT-1467,Fardo de Saco de Lixo 100L,un,1.000,estoque,material,FC ENGENHARIA E CONSTRUCAO LTDA
MAT-1468,Pacote de Perflex Grande,un,1.000,estoque,material,FC ENGENHARIA E CONSTRUCAO LTDA
MAT-1469,Galão de Desinfetante,un,4.000,estoque,material,FC ENGENHARIA E CONSTRUCAO LTDA
MAT-1470,Galão de Alcool,un,1.000,estoque,material,FC ENGENHARIA E CONSTRUCAO LTDA
MAT-1471,Cadeados 35Mm,un,5.000,estoque,material,FC ENGENHARIA E CONSTRUCAO LTDA
MAT-1472,Marretas de 1Kg,un,2.000,estoque,material,FC ENGENHARIA E CONSTRUCAO LTDA
MAT-1473,"Sarrafo 10X2,5 3 M Eucalipto",un,20.000,estoque,material,FC ENGENHARIA E CONSTRUCAO LTDA
MAT-1474,"Sarrafo 15X2,5 3 M Eucalipto",un,20.000,estoque,material,FC ENGENHARIA E CONSTRUCAO LTDA
MAT-1475,Pontalete 7X7 3M,un,20.000,estoque,material,FC ENGENHARIA E CONSTRUCAO LTDA
MAT-1476,"Tabua 30X2,5 3M Eucalipto",un,20.000,estoque,material,FC ENGENHARIA E CONSTRUCAO LTDA
MAT-1477,Prego17x21,kg,5.000,estoque,material,FC ENGENHARIA E CONSTRUCAO LTDA
MAT-1478,Madeira Plastificado de 12Mm,un,12.000,estoque,material,FC ENGENHARIA E CONSTRUCAO LTDA
MAT-1479,Desengripante,un,2.000,estoque,material,FC ENGENHARIA E CONSTRUCAO LTDA
MAT-1480,Rele Margirius 1000W,un,1.000,estoque,material,FC ENGENHARIA E CONSTRUCAO LTDA
MAT-1481,Chave Boia 15a,un,1.000,estoque,material,FC ENGENHARIA E CONSTRUCAO LTDA
MAT-1482,Sifão Universal,un,2.000,estoque,material,FC ENGENHARIA E CONSTRUCAO LTDA
MAT-1483,Marga Massa Piso,un,2.000,estoque,material,FC ENGENHARIA E CONSTRUCAO LTDA
MAT-1484,Rolo Fita Grepe,un,3.000,estoque,material,FC ENGENHARIA E CONSTRUCAO LTDA
MAT-1485,Rolo 9 Cm Lã,un,3.000,estoque,material,FC ENGENHARIA E CONSTRUCAO LTDA
MAT-1486,Cal Líquido (Balde),un,1.000,estoque,material,FC ENGENHARIA E CONSTRUCAO LTDA
MAT-1487,"Deca Registro 1502 3/4""",un,3.000,estoque,material,FC ENGENHARIA E CONSTRUCAO LTDA
MAT-1488,Bucha Redução Longa Esgoto 50X40mm,un,1.000,estoque,material,FC ENGENHARIA E CONSTRUCAO LTDA
MAT-1489,Joelho 90 Soldável 32Mm,un,30.000,estoque,material,FC ENGENHARIA E CONSTRUCAO LTDA
MAT-1490,Te Esgoto 75Mm,un,10.000,estoque,material,FC ENGENHARIA E CONSTRUCAO LTDA
MAT-1491,Fita Tira Trinca Scmx 5M,un,20.000,estoque,material,FC ENGENHARIA E CONSTRUCAO LTDA
MAT-1492,Desempenadeira Lisa 18X30,un,3.000,estoque,material,FC ENGENHARIA E CONSTRUCAO LTDA
MAT-1493,Desempenadeira Corrugada 18X30,un,3.000,estoque,material,FC ENGENHARIA E CONSTRUCAO LTDA
MAT-1494,Linha Pedreiro,un,2.000,estoque,material,FC ENGENHARIA E CONSTRUCAO LTDA
MAT-1495,Areia Media,un,1.000,estoque,material,FC ENGENHARIA E CONSTRUCAO LTDA
MAT-1496,Saco de Lixo 200L - Super Reforçado,un,1.000,estoque,material,FC ENGENHARIA E CONSTRUCAO LTDA
MAT-1497,Água Sanitária 5Lts,un,1.000,estoque,material,FC ENGENHARIA E CONSTRUCAO LTDA
MAT-1498,Desinfetante Violex 5L,un,1.000,estoque,material,FC ENGENHARIA E CONSTRUCAO LTDA
MAT-1499,Detergente Pu 5L,un,1.000,estoque,material,FC ENGENHARIA E CONSTRUCAO LTDA
MAT-1500,Papel Toalha Luxo C/1000fls,un,2.000,estoque,material,FC ENGENHARIA E CONSTRUCAO LTDA
MAT-1501,Pano Multiuso Rolo 50F 30X25cm,un,2.000,estoque,material,FC ENGENHARIA E CONSTRUCAO LTDA
MAT-1502,Limpa Vidros e Anti Baxt 1L,un,1.000,estoque,material,FC ENGENHARIA E CONSTRUCAO LTDA
MAT-1503,Flanela Ouro G,un,8.000,estoque,material,FC ENGENHARIA E CONSTRUCAO LTDA
MAT-1504,Bota N42,un,1.000,estoque,material,FC ENGENHARIA E CONSTRUCAO LTDA
MAT-1505,Serra Mármore 220V - 30 Dias - 06/05/26 -05/06/26,un,1.000,estoque,material,FC ENGENHARIA E CONSTRUCAO LTDA
MAT-1506,"Diagonais 1,50M - 30 Dias - 07/05/26 - 06/06/26",un,25.000,estoque,material,FC ENGENHARIA E CONSTRUCAO LTDA
MAT-1507,"Pranchão Metálico de 1,5 X 0,37M - 30 Dias 07/05/26 - 06/06/26",un,13.000,estoque,material,FC ENGENHARIA E CONSTRUCAO LTDA
MAT-1508,Serra Circular 7.1/4 220V - 30 Dias 09/05/26 -08/06/26,un,1.000,estoque,material,FC ENGENHARIA E CONSTRUCAO LTDA
MAT-1509,Caixa de Copo 180Ml Fonplast - com 2500Copos,cx,1.000,estoque,material,FC ENGENHARIA E CONSTRUCAO LTDA
MAT-1510,Furadeira Ind 1/2 220V 30 Dias - 10/05/26 - 09/06/26,un,1.000,estoque,material,FC ENGENHARIA E CONSTRUCAO LTDA
MAT-1511,Guincho Coluna 220V 30 Dias 10/05/26-09/06/26,un,1.000,estoque,material,FC ENGENHARIA E CONSTRUCAO LTDA
MAT-1512,"Painel Nr 18 - 1,0X1,0 - 30 Dias - 13/05/26 - 12/06/26",un,8.000,estoque,material,FC ENGENHARIA E CONSTRUCAO LTDA
MAT-1513,"Painel Nr 18 - 1,5X1,0 - 30 Dias - 13/05/26 - 12/06/26",un,16.000,estoque,material,FC ENGENHARIA E CONSTRUCAO LTDA
MAT-1514,Serra Mármore 220V - 30 Dias - 13/05/26 - 12/06/26,un,1.000,estoque,material,FC ENGENHARIA E CONSTRUCAO LTDA
MAT-1515,"Diagonal 1,0M - 30 Dias 13/05/26 - 12/06/26",un,8.000,estoque,material,FC ENGENHARIA E CONSTRUCAO LTDA
MAT-1516,"Diagonal 1,50M - 30 Dias - 13/05/26 - 12/06/26",un,16.000,estoque,material,FC ENGENHARIA E CONSTRUCAO LTDA
MAT-1517,"Prancha Metálica 1,5X0,37m - 30 Dias - 13/05/26 -12/06/2026",un,15.000,estoque,material,FC ENGENHARIA E CONSTRUCAO LTDA
MAT-1518,"Prancha Metálica 1,07X0,33m - 30 Dias - 13/05/26 -12/06/2026",un,6.000,estoque,material,FC ENGENHARIA E CONSTRUCAO LTDA
MAT-1519,Rompedor 10 Kg 220V - 30 Dia 16/05/26 - 15/06/26,un,1.000,estoque,material,FC ENGENHARIA E CONSTRUCAO LTDA
MAT-1520,"Esmer Ind 1.41/2"" - 220V - 30 Dias - 21/05/26 - 20/06/26",un,1.000,estoque,material,FC ENGENHARIA E CONSTRUCAO LTDA
MAT-1521,"Furadeira Ind 1/2"" - 220V - 30 Dias -22/05/26 - 21/06/26",un,1.000,estoque,material,FC ENGENHARIA E CONSTRUCAO LTDA
MAT-1522,Broca 10 para Concreto,un,2.000,estoque,material,FC ENGENHARIA E CONSTRUCAO LTDA
MAT-1523,Broca 12 para Concreto,un,2.000,estoque,material,FC ENGENHARIA E CONSTRUCAO LTDA
MAT-1524,Disco de Cortar Parede,un,15.000,estoque,material,FC ENGENHARIA E CONSTRUCAO LTDA
MAT-1525,Placa de Drywall,un,1.000,estoque,material,FC ENGENHARIA E CONSTRUCAO LTDA
MAT-1526,Serra Mármore 220V,un,1.000,estoque,material,FC ENGENHARIA E CONSTRUCAO LTDA
MAT-1527,Esmerilhadeira 4 1/2,un,1.000,estoque,material,FC ENGENHARIA E CONSTRUCAO LTDA
MAT-1528,Disjuntor 80a Bipolar,un,7.000,estoque,material,FC ENGENHARIA E CONSTRUCAO LTDA
MAT-1529,"Galão de Tinta Látex Areia do Deserto Suvinil 3,6L",un,1.000,estoque,material,FC ENGENHARIA E CONSTRUCAO LTDA
MAT-1530,"Galão de Massa Corrida Pva 3,6L",un,1.000,estoque,material,FC ENGENHARIA E CONSTRUCAO LTDA
MAT-1531,Massa Corrida 18L,un,1.000,estoque,material,FC ENGENHARIA E CONSTRUCAO LTDA
MAT-1532,Massa Corrida,un,1.000,estoque,material,FC ENGENHARIA E CONSTRUCAO LTDA
MAT-1533,Lixa 120,un,20.000,estoque,material,FC ENGENHARIA E CONSTRUCAO LTDA
MAT-1534,Tinta 18L Cachepô Verde Suvinil,un,1.000,estoque,material,FC ENGENHARIA E CONSTRUCAO LTDA
MAT-1535,Tinta 18L Latex Suvinil Branco Neve,un,1.000,estoque,material,FC ENGENHARIA E CONSTRUCAO LTDA
MAT-1536,Tapa Trinca,un,1.000,estoque,material,FC ENGENHARIA E CONSTRUCAO LTDA
MAT-1537,Fita Tapa Trinca 50Mmx3m,un,10.000,estoque,material,FC ENGENHARIA E CONSTRUCAO LTDA
MAT-1538,"Chapa Proteção Aço Inox 0,50X1,00cm",un,1.000,estoque,material,FC ENGENHARIA E CONSTRUCAO LTDA
MAT-1539,Mandril 3/8,un,2.000,estoque,material,FC ENGENHARIA E CONSTRUCAO LTDA
MAT-1540,Placa Ru,un,80.000,estoque,material,FC ENGENHARIA E CONSTRUCAO LTDA
MAT-1541,Placast,un,30.000,estoque,material,FC ENGENHARIA E CONSTRUCAO LTDA
MAT-1542,Parafuso com Bbucha 6 com 1 Ml,un,1.000,estoque,material,FC ENGENHARIA E CONSTRUCAO LTDA
MAT-1543,Fita Telada Azul,un,24.000,estoque,material,FC ENGENHARIA E CONSTRUCAO LTDA
MAT-1544,Parafuso Gn 25,un,16.000,estoque,material,FC ENGENHARIA E CONSTRUCAO LTDA
MAT-1545,Arame 10,un,50.000,estoque,material,FC ENGENHARIA E CONSTRUCAO LTDA
MAT-1546,"Tabica Branca 0,50",un,150.000,estoque,material,FC ENGENHARIA E CONSTRUCAO LTDA
MAT-1547,Canalete F530,un,100.000,estoque,material,FC ENGENHARIA E CONSTRUCAO LTDA
MAT-1548,Montante de 48,un,100.000,estoque,material,FC ENGENHARIA E CONSTRUCAO LTDA
MAT-1549,Guia de 48,un,10.000,estoque,material,FC ENGENHARIA E CONSTRUCAO LTDA
MAT-1550,Massa Drywall 25Kg,un,5.000,estoque,material,FC ENGENHARIA E CONSTRUCAO LTDA
MAT-1551,Regulador,un,500.000,estoque,material,FC ENGENHARIA E CONSTRUCAO LTDA
MAT-1552,Prego de Aço,un,10.000,estoque,material,FC ENGENHARIA E CONSTRUCAO LTDA
MAT-1553,Gesso Emanuel 40Kg,un,400.000,estoque,material,FC ENGENHARIA E CONSTRUCAO LTDA
MAT-1554,Suporte Serra Copo Starrety,un,1.000,estoque,material,FC ENGENHARIA E CONSTRUCAO LTDA
MAT-1555,"Guarada Corpo 2,12 - 30 Dias 06/05-06/06",un,2.000,estoque,material,FC ENGENHARIA E CONSTRUCAO LTDA
MAT-1556,"Painel Nr18 1,5X1,0 - 30 Dias 06/05-06/06",un,13.000,estoque,material,FC ENGENHARIA E CONSTRUCAO LTDA
MAT-1557,Sapata Ajustaveis - 30 Dias 07/05-06/06,un,11.000,estoque,material,FC ENGENHARIA E CONSTRUCAO LTDA
MAT-1558,"Diagonais 1,5M - 30 Dias 07/05-06/06",un,126.000,estoque,material,FC ENGENHARIA E CONSTRUCAO LTDA
MAT-1559,Prencha Metálica - 30 Dias 07/05-06/06,un,43.000,estoque,material,FC ENGENHARIA E CONSTRUCAO LTDA
MAT-1560,Betoneiro Mono 400L 220V - 30 Dias 16/05-15/06,un,1.000,estoque,material,FC ENGENHARIA E CONSTRUCAO LTDA
MAT-1561,Serra Mármore 220V 22 Dias 04/05-26/05,un,1.000,estoque,material,FC ENGENHARIA E CONSTRUCAO LTDA
MAT-1562,"Painel Nr18 1,5X1,0 30 Dias 07/05-06/06",un,105.000,estoque,material,FC ENGENHARIA E CONSTRUCAO LTDA
MAT-1563,Sapatas Ajustaveis 30 Dias 07/05-06/06,un,6.000,estoque,material,FC ENGENHARIA E CONSTRUCAO LTDA
MAT-1564,"Diagonais 1,00 Ctr26746-7 - 30 Dias 07/05-06/06",un,17.000,estoque,material,FC ENGENHARIA E CONSTRUCAO LTDA
MAT-1565,"Diagonais 1,50 - 30 Dias 07/05-06/06",un,165.000,estoque,material,FC ENGENHARIA E CONSTRUCAO LTDA
MAT-1566,"Pranchao Metálico 1,5X0,33m - 30 Dias 07/05-06/06",un,3.000,estoque,material,FC ENGENHARIA E CONSTRUCAO LTDA
MAT-1567,Serra Circular7.1/4 220V 15 Dias 09/05-24/05,un,1.000,estoque,material,FC ENGENHARIA E CONSTRUCAO LTDA
MAT-1568,Rompedor Martio 220V 30 Dias 09/05/26-08/06/26,un,1.000,estoque,material,FC ENGENHARIA E CONSTRUCAO LTDA
MAT-1569,Esmerilhadeira 4.1/2 220V 15 Dias 09/05-24/05,un,0.000,estoque,material,FC ENGENHARIA E CONSTRUCAO LTDA
MAT-1570,Rompedor Martir 220V,un,1.000,estoque,material,FC ENGENHARIA E CONSTRUCAO LTDA
MAT-1571,Serra Mármore 220V - 15 Dias 11/05-26/05,un,1.000,estoque,material,FC ENGENHARIA E CONSTRUCAO LTDA
MAT-1572,Serra Circular 7.1/4 220V 9Dias 17/05-26/05,un,1.000,estoque,material,FC ENGENHARIA E CONSTRUCAO LTDA
MAT-1573,Misturador de Argamassa 9 Dias 17/05-26/05,un,0.000,estoque,material,FC ENGENHARIA E CONSTRUCAO LTDA
MAT-1574,Compound Otto Baumg Adesivo 1Kg,un,0.000,estoque,material,FC ENGENHARIA E CONSTRUCAO LTDA
MAT-1575,Arruelas Lisa 5/8,un,20.000,estoque,material,FC ENGENHARIA E CONSTRUCAO LTDA
MAT-1576,Copo Descartável Transparente 200ml,cx,2.000,estoque,material,FC ENGENHARIA E CONSTRUCAO LTDA
MAT-1577,Jogo de Rebite para Lona,un,1.000,estoque,material,FC ENGENHARIA E CONSTRUCAO LTDA
MAT-1578,Grahca Marfak,un,1.000,estoque,material,FC ENGENHARIA E CONSTRUCAO LTDA
MAT-1579,Jogo de Disco de Freio,un,2.000,estoque,material,FC ENGENHARIA E CONSTRUCAO LTDA
MAT-1580,Jogo de Oastilha de Freio,un,1.000,estoque,material,FC ENGENHARIA E CONSTRUCAO LTDA
MAT-1581,Fluido de Freio Dot4,un,2.000,estoque,material,FC ENGENHARIA E CONSTRUCAO LTDA
MAT-1582,Kit Rolam Traseira,un,2.000,estoque,material,FC ENGENHARIA E CONSTRUCAO LTDA
MAT-1583,Jogo de Lona,un,1.000,estoque,material,FC ENGENHARIA E CONSTRUCAO LTDA
MAT-1584,Cilindro Roda Traseira,un,2.000,estoque,material,FC ENGENHARIA E CONSTRUCAO LTDA
MAT-1585,Mola Sapata Roda Traseira,un,2.000,estoque,material,FC ENGENHARIA E CONSTRUCAO LTDA
MAT-1586,Flexivel Freio Diant Esq,un,1.000,estoque,material,FC ENGENHARIA E CONSTRUCAO LTDA
MAT-1587,Oleo de Motor,L,8.000,estoque,material,FC ENGENHARIA E CONSTRUCAO LTDA
MAT-1588,Filtro do Oleo do Motor,un,1.000,estoque,material,FC ENGENHARIA E CONSTRUCAO LTDA
MAT-1589,Filtro de Oleo,un,1.000,estoque,material,FC ENGENHARIA E CONSTRUCAO LTDA
MAT-1590,Filtro de Ar,un,1.000,estoque,material,FC ENGENHARIA E CONSTRUCAO LTDA
MAT-1591,Bujão Carter,un,1.000,estoque,material,FC ENGENHARIA E CONSTRUCAO LTDA
MAT-1592,Anel do Bujão,un,1.000,estoque,material,FC ENGENHARIA E CONSTRUCAO LTDA
MAT-1593,Peças Diversas,un,1.000,estoque,material,FC ENGENHARIA E CONSTRUCAO LTDA
MAT-1594,Caçamba de 4M,un,3.000,estoque,material,FC ENGENHARIA E CONSTRUCAO LTDA
MAT-1595,Caçamba 4 M,un,12.000,estoque,material,FC ENGENHARIA E CONSTRUCAO LTDA
MAT-1596,Caçamba 4M,un,1.000,estoque,material,FC ENGENHARIA E CONSTRUCAO LTDA
MAT-1597,Parafuso Auto Brocante 12X3,un,100.000,estoque,material,FC ENGENHARIA E CONSTRUCAO LTDA
MAT-1598,Broca Irwin Videa 1/4,un,2.000,estoque,material,FC ENGENHARIA E CONSTRUCAO LTDA
MAT-1599,Corrente Rino 4Mm,un,2.000,estoque,material,FC ENGENHARIA E CONSTRUCAO LTDA
MAT-1600,Cadeado Papo 25Mm,un,2.000,estoque,material,FC ENGENHARIA E CONSTRUCAO LTDA
MAT-1601,Talhadeira 14X50x40mm,un,2.000,estoque,material,FC ENGENHARIA E CONSTRUCAO LTDA
MAT-1602,Broca Irwin de 1/2,un,2.000,estoque,material,FC ENGENHARIA E CONSTRUCAO LTDA
MAT-1603,Broca Irwin R 10Mm,un,2.000,estoque,material,FC ENGENHARIA E CONSTRUCAO LTDA
MAT-1604,Chumbador Ancora,un,8.000,estoque,material,FC ENGENHARIA E CONSTRUCAO LTDA
MAT-1605,Escapula São Rafael,un,12.000,estoque,material,FC ENGENHARIA E CONSTRUCAO LTDA
MAT-1606,Bucha Parede,un,12.000,estoque,material,FC ENGENHARIA E CONSTRUCAO LTDA
MAT-1607,Fita Dupla Face Scoth,un,4.000,estoque,material,FC ENGENHARIA E CONSTRUCAO LTDA
MAT-1608,Curva 32,un,1.000,estoque,material,FC ENGENHARIA E CONSTRUCAO LTDA
MAT-1609,Tubo Soldável,un,1.000,estoque,material,FC ENGENHARIA E CONSTRUCAO LTDA
MAT-1610,Lixa Cola,un,1.000,estoque,material,FC ENGENHARIA E CONSTRUCAO LTDA
MAT-1611,Luva 32,un,29.000,estoque,material,FC ENGENHARIA E CONSTRUCAO LTDA
MAT-1612,PLUG MACHO 10 A ,un,9.000,estoque,material,FC ENGENHARIA E CONSTRUCAO LTDA
MAT-1613,PLUG FEMEA 10 A,un,10.000,estoque,material,FC ENGENHARIA E CONSTRUCAO LTDA
MAT-1614,PLUG FEMEA 20 A,un,5.000,estoque,material,FC ENGENHARIA E CONSTRUCAO LTDA
MAT-1615,"Tubo 1 1/2""",m,384.000,estoque,material,FC ENGENHARIA E CONSTRUCAO LTDA
MAT-1616,"Tubo 1""",m,174.000,estoque,material,FC ENGENHARIA E CONSTRUCAO LTDA
MAT-1617,Suporte com Canopla,un,115.000,estoque,material,FC ENGENHARIA E CONSTRUCAO LTDA
MAT-1618,"Curva 1 1/2""",un,185.000,estoque,material,FC ENGENHARIA E CONSTRUCAO LTDA
MAT-1619,"Suporte L 7X7(tubo Liso 3/8"") - Mancal L",un,115.000,estoque,material,FC ENGENHARIA E CONSTRUCAO LTDA
MAT-1620,"Bucha com Anel 0,8Mm",un,350.000,estoque,material,FC ENGENHARIA E CONSTRUCAO LTDA
MAT-1621,"Arruela 1""X1.1/2""",un,60.000,estoque,material,FC ENGENHARIA E CONSTRUCAO LTDA
MAT-1622,"Canopla P/ Tubo 1.1/2"" (Base)",un,45.000,estoque,material,FC ENGENHARIA E CONSTRUCAO LTDA
MAT-1623,"Disco Flap 4""",un,10.000,estoque,material,FC ENGENHARIA E CONSTRUCAO LTDA
MAT-1624,"Disco Desbaste 4""",un,5.000,estoque,material,FC ENGENHARIA E CONSTRUCAO LTDA
MAT-1625,Disco Corte,un,20.000,estoque,material,FC ENGENHARIA E CONSTRUCAO LTDA
MAT-1626,Parafuso S8 Philips,un,350.000,estoque,material,FC ENGENHARIA E CONSTRUCAO LTDA
MAT-1627,"Eletrodo 2,5 Cinza",un,4.000,estoque,material,FC ENGENHARIA E CONSTRUCAO LTDA
MAT-1628,"Parabolt 1/4""",un,84.000,estoque,material,FC ENGENHARIA E CONSTRUCAO LTDA
MAT-1629,Barra Chata 2Mm X 1.1/2 Eletrodo,un,2.000,estoque,material,FC ENGENHARIA E CONSTRUCAO LTDA
MAT-1630,Redono 3/8,un,1.000,estoque,material,FC ENGENHARIA E CONSTRUCAO LTDA
MAT-1631,"Zarcão 3,6",un,3.000,estoque,material,FC ENGENHARIA E CONSTRUCAO LTDA
MAT-1632,"Qualivinil Prata 3,6 L",un,1.000,estoque,material,FC ENGENHARIA E CONSTRUCAO LTDA
MAT-1633,Espaçador Nivelador 2Mm C/50,un,20.000,estoque,material,FC ENGENHARIA E CONSTRUCAO LTDA
MAT-1634,"Teste Suvinil - Cinza Elefante 0,9L",un,1.000,estoque,material,FC ENGENHARIA E CONSTRUCAO LTDA
MAT-1635,"Teste Qualivinil - Cinza Elefante 3,6L",un,1.000,estoque,material,FC ENGENHARIA E CONSTRUCAO LTDA
MAT-1636,Areia Média-fina,un,2.000,estoque,material,FC ENGENHARIA E CONSTRUCAO LTDA
MAT-1637,Cal Líquido (3L),un,1.000,estoque,material,FC ENGENHARIA E CONSTRUCAO LTDA
MAT-1638,"Bianco 3,6L",un,2.000,estoque,material,FC ENGENHARIA E CONSTRUCAO LTDA
MAT-1639,Tubo de Pu Cinza,un,15.000,estoque,material,FC ENGENHARIA E CONSTRUCAO LTDA
MAT-1640,Fita Crepe 5Cm,un,2.000,estoque,material,FC ENGENHARIA E CONSTRUCAO LTDA
MAT-1641,"Tinta Cinza Fosco Escuro 3,6L",un,1.000,estoque,material,FC ENGENHARIA E CONSTRUCAO LTDA
MAT-1642,Mascara Ppff2,un,100.000,estoque,material,FC ENGENHARIA E CONSTRUCAO LTDA
MAT-1643,Impermeabilização em Argamassa Polimérica Vedatop Flex Vedacit,un,6.000,estoque,material,FC ENGENHARIA E CONSTRUCAO LTDA
MAT-1644,Caminhão de Areia,un,1.000,estoque,material,FC ENGENHARIA E CONSTRUCAO LTDA
MAT-1645,Maderite,un,12.000,estoque,material,FC ENGENHARIA E CONSTRUCAO LTDA
MAT-1646,Arame Recofer,un,10.000,estoque,material,FC ENGENHARIA E CONSTRUCAO LTDA
MAT-1647,Disco Thompson Serra Circular,un,2.000,estoque,material,FC ENGENHARIA E CONSTRUCAO LTDA
MAT-1648,Lmapadas Ourolux 50W,un,15.000,estoque,material,FC ENGENHARIA E CONSTRUCAO LTDA
MAT-1649,Extensão Elétrica com Filtro de Linha 4 Tomadas,un,15.000,estoque,material,FC ENGENHARIA E CONSTRUCAO LTDA
MAT-1650,Extensão Elétrica 10 Metros com Plugue Schuko e Conector IEC C13,un,11.000,estoque,material,FC ENGENHARIA E CONSTRUCAO LTDA
MAT-1651,Lapis de Pedreiro,un,6.000,estoque,material,FC ENGENHARIA E CONSTRUCAO LTDA
MAT-1652,Placas de Isopor 20Mm,un,20.000,estoque,material,FC ENGENHARIA E CONSTRUCAO LTDA
MAT-1653,Galão de Cloro 5 Litros,un,1.000,estoque,material,FC ENGENHARIA E CONSTRUCAO LTDA
MAT-1654,Galão Desinfetante 5L,un,1.000,estoque,material,FC ENGENHARIA E CONSTRUCAO LTDA
MAT-1655,Rolos Durex 45X100mm,un,5.000,estoque,material,FC ENGENHARIA E CONSTRUCAO LTDA
MAT-1656,Caderno 48F 140X200mm,un,1.000,estoque,material,FC ENGENHARIA E CONSTRUCAO LTDA
MAT-1657,Fardo de Saco de Lixo de 100L,un,1.000,estoque,material,FC ENGENHARIA E CONSTRUCAO LTDA
MAT-1658,Vassoula Doralanato,un,2.000,estoque,material,FC ENGENHARIA E CONSTRUCAO LTDA
MAT-1659,Rodo 40Cm Sanches,un,1.000,estoque,material,FC ENGENHARIA E CONSTRUCAO LTDA
MAT-1660,Caixa de Copos 200Ml Fonplust,cx,1.000,estoque,material,FC ENGENHARIA E CONSTRUCAO LTDA
MAT-1661,Rolão Pano Multiuso - 600Un,un,1.000,estoque,material,FC ENGENHARIA E CONSTRUCAO LTDA
MAT-1662,Esponja Skote Briet,un,1.000,estoque,material,FC ENGENHARIA E CONSTRUCAO LTDA
MAT-1663,Alcool 5L 70º Líquido,un,1.000,estoque,material,FC ENGENHARIA E CONSTRUCAO LTDA
MAT-1664,Detergente Limpol 5L,un,1.000,estoque,material,FC ENGENHARIA E CONSTRUCAO LTDA
MAT-1665,Pulverizador Nobre 500Ml,un,2.000,estoque,material,FC ENGENHARIA E CONSTRUCAO LTDA
MAT-1666,REGUA DE ALUMINO 2M,barra,2.000,estoque,material,FC ENGENHARIA E CONSTRUCAO LTDA
MAT-1667,REGUA DE ALUMINIO 3 M,barra,1.000,estoque,material,FC ENGENHARIA E CONSTRUCAO LTDA
MAT-1668,MISTURADOR DE ARGAMASSA -220V MENEGOTI,un,1.000,estoque,material,FC ENGENHARIA E CONSTRUCAO LTDA
MAT-1669,Galão de Cloro,un,4.000,estoque,material,FC ENGENHARIA E CONSTRUCAO LTDA
MAT-1670,Copo Descartável,cx,3.000,estoque,material,FC ENGENHARIA E CONSTRUCAO LTDA
MAT-1671,Papel Higiênico,cx,1.000,estoque,material,FC ENGENHARIA E CONSTRUCAO LTDA
MAT-1672,Viaplus 2000 Fibras,un,20.000,estoque,material,FC ENGENHARIA E CONSTRUCAO LTDA
MAT-1673,Torneira com Trinca,un,1.000,estoque,material,FC ENGENHARIA E CONSTRUCAO LTDA
MAT-1674,Detergente Gl 5L,un,2.000,estoque,material,FC ENGENHARIA E CONSTRUCAO LTDA
MAT-1675,Alcool 5L,un,2.000,estoque,material,FC ENGENHARIA E CONSTRUCAO LTDA
MAT-1676,Saco de Lixo 60L - Fardo,un,2.000,estoque,material,FC ENGENHARIA E CONSTRUCAO LTDA
MAT-1677,Saco de Lixo 200L - Fardo,un,1.000,estoque,material,FC ENGENHARIA E CONSTRUCAO LTDA
MAT-1678,Copo Descartável - Caixa,un,2.000,estoque,material,FC ENGENHARIA E CONSTRUCAO LTDA
MAT-1679,Papel Higiênico do Pequeno - Fardo,un,2.000,estoque,material,FC ENGENHARIA E CONSTRUCAO LTDA
MAT-1680,Vassourão,un,3.000,estoque,material,FC ENGENHARIA E CONSTRUCAO LTDA
MAT-1681,Pano de Chão Branco,un,6.000,estoque,material,FC ENGENHARIA E CONSTRUCAO LTDA
MAT-1682,Envelope Pardo,un,5.000,estoque,material,FC ENGENHARIA E CONSTRUCAO LTDA
MAT-1683,Caneta Bbic,un,6.000,estoque,material,FC ENGENHARIA E CONSTRUCAO LTDA
MAT-1684,APLICADOR DE  PU,un,15.000,estoque,material,FC ENGENHARIA E CONSTRUCAO LTDA
MAT-1685,Pefex Rolo C/600panos,un,1.000,estoque,material,FC ENGENHARIA E CONSTRUCAO LTDA
MAT-1686,Frasco de Alcool 5L,un,2.000,estoque,material,FC ENGENHARIA E CONSTRUCAO LTDA
MAT-1687,Galão Desinfetante,un,2.000,estoque,material,FC ENGENHARIA E CONSTRUCAO LTDA
MAT-1688,RISCADEIRA DE PISO 1 M GDE,un,1.000,estoque,material,FC ENGENHARIA E CONSTRUCAO LTDA
MAT-1689,"Container Almoxarifado 3X2x1,5",un,1.000,estoque,material,FC ENGENHARIA E CONSTRUCAO LTDA
MAT-1690,"Peças Painel 1,00M",un,6.000,estoque,material,FC ENGENHARIA E CONSTRUCAO LTDA
MAT-1691,"Peças Painel 1,50M",un,6.000,estoque,material,FC ENGENHARIA E CONSTRUCAO LTDA
MAT-1692,"Plataformas 1,00M",un,3.000,estoque,material,FC ENGENHARIA E CONSTRUCAO LTDA
MAT-1693,"Plataformas 1,50M",un,6.000,estoque,material,FC ENGENHARIA E CONSTRUCAO LTDA
MAT-1694,"Diagonal ""X"" 1,00M",un,6.000,estoque,material,FC ENGENHARIA E CONSTRUCAO LTDA
MAT-1695,"Diagonal ""X"" 1,50M",un,6.000,estoque,material,FC ENGENHARIA E CONSTRUCAO LTDA
MAT-1696,Adaptador Soldável Se 25 para 3/4,un,8.000,estoque,material,FC ENGENHARIA E CONSTRUCAO LTDA
MAT-1697,"Andaimes de 1,0",un,10.000,estoque,material,FC ENGENHARIA E CONSTRUCAO LTDA
MAT-1698,"Andaimes de 1,5M",un,20.000,estoque,material,FC ENGENHARIA E CONSTRUCAO LTDA
MAT-1699,"Plataforma de 1,0X0,33",un,4.000,estoque,material,FC ENGENHARIA E CONSTRUCAO LTDA
MAT-1700,"Plataforma de 1,5X0,37",un,5.000,estoque,material,FC ENGENHARIA E CONSTRUCAO LTDA
MAT-1701,"Diagonal de 1,5M",un,3.000,estoque,material,FC ENGENHARIA E CONSTRUCAO LTDA
MAT-1702,Tinta Asfáltica Impermeabilizante Vedacit Neutrol,gl,1.000,estoque,material,FC ENGENHARIA E CONSTRUCAO LTDA
MAT-1703,Broxa Tigre,un,4.000,estoque,material,FC ENGENHARIA E CONSTRUCAO LTDA
MAT-1704,Argamassa Impermeabilizante Semi Flexível Viaplus 1000,cx,1.000,estoque,material,FC ENGENHARIA E CONSTRUCAO LTDA
MAT-1705,Adesivo Bianco 200L,un,2.000,estoque,material,FC ENGENHARIA E CONSTRUCAO LTDA
MAT-1706,Instalação Dupla P/Hora Alarme,un,1.000,estoque,material,FC ENGENHARIA E CONSTRUCAO LTDA
MAT-1707,Caibro de Madeira,m,60.000,estoque,material,FC ENGENHARIA E CONSTRUCAO LTDA
MAT-1708,Tábua de Madeira Serrada,m,60.000,estoque,material,FC ENGENHARIA E CONSTRUCAO LTDA
MAT-1709,Chmaderite de Alta Densidade (PEAD) Preta,m²,0.000,estoque,material,FC ENGENHARIA E CONSTRUCAO LTDA
MAT-1710,Maderit (Polietileno de Alta Densidade) para Fôrma,un,50.000,estoque,material,FC ENGENHARIA E CONSTRUCAO LTDA
MAT-1711,Prego com Cabeça 17x21 (2x11),kg,10.000,estoque,material,FC ENGENHARIA E CONSTRUCAO LTDA
MAT-1712,Prego com Cabeça 18x30,kg,10.000,estoque,material,FC ENGENHARIA E CONSTRUCAO LTDA
MAT-1713,"Duto Peao 1/2"" - 50Mm",un,50.000,estoque,material,FC ENGENHARIA E CONSTRUCAO LTDA
MAT-1714,Eletroduto Leve,un,1.000,estoque,material,FC ENGENHARIA E CONSTRUCAO LTDA
MAT-1715,21.10.12,un,240.000,estoque,material,FC ENGENHARIA E CONSTRUCAO LTDA
MAT-1716,21.10.18,un,60.000,estoque,material,FC ENGENHARIA E CONSTRUCAO LTDA
MAT-1717,Prego 19X36,kg,8.000,estoque,material,FC ENGENHARIA E CONSTRUCAO LTDA
MAT-1718,Parafuso 8,un,100.000,estoque,material,FC ENGENHARIA E CONSTRUCAO LTDA
MAT-1719,Curva 90 Curta Esgoto 40Mm,un,10.000,estoque,material,FC ENGENHARIA E CONSTRUCAO LTDA
MAT-1720,Joelho 45 Esgoto 100Mm,un,15.000,estoque,material,FC ENGENHARIA E CONSTRUCAO LTDA
MAT-1721,Joelho 45 Esgoto 50Mm,un,18.000,estoque,material,FC ENGENHARIA E CONSTRUCAO LTDA
MAT-1722,Joelho 45 Esgoto 40Mm,un,25.000,estoque,material,FC ENGENHARIA E CONSTRUCAO LTDA
MAT-1723,Joelho 90 Esgoto 50Mm,un,15.000,estoque,material,FC ENGENHARIA E CONSTRUCAO LTDA
MAT-1724,Luva Esgoto 100,un,20.000,estoque,material,FC ENGENHARIA E CONSTRUCAO LTDA
MAT-1725,Luva Esgoto 40Mm,un,6.000,estoque,material,FC ENGENHARIA E CONSTRUCAO LTDA
MAT-1726,Te com Redução Esgoto 100X50,un,4.000,estoque,material,FC ENGENHARIA E CONSTRUCAO LTDA
MAT-1727,Barra de Tubo Esgoto 50Mm,un,3.000,estoque,material,FC ENGENHARIA E CONSTRUCAO LTDA
MAT-1728,Bucha de Redução Esgoto 50X40,un,4.000,estoque,material,FC ENGENHARIA E CONSTRUCAO LTDA
MAT-1729,Bucha de Redução Soldavel 40X25,un,8.000,estoque,material,FC ENGENHARIA E CONSTRUCAO LTDA
MAT-1730,Lixa de Ferro 100,un,5.000,estoque,material,FC ENGENHARIA E CONSTRUCAO LTDA
MAT-1731,Caixa Sifonada 100X50 X100,un,5.000,estoque,material,FC ENGENHARIA E CONSTRUCAO LTDA
MAT-1732,Fitas Perfuradas 17X30,un,2.000,estoque,material,FC ENGENHARIA E CONSTRUCAO LTDA
MAT-1733,Barra de Tubo Soldavel 40Mm,un,2.000,estoque,material,FC ENGENHARIA E CONSTRUCAO LTDA
MAT-1734,Barra de Tubo Soldavel 32,un,3.000,estoque,material,FC ENGENHARIA E CONSTRUCAO LTDA
MAT-1735,Te Soldavel 40Mm,un,4.000,estoque,material,FC ENGENHARIA E CONSTRUCAO LTDA
MAT-1736,Bucha de Redução Soldavel 40Mm X32mm,un,8.000,estoque,material,FC ENGENHARIA E CONSTRUCAO LTDA
MAT-1737,Luva Azul Soldavel 25 X 3/4,un,8.000,estoque,material,FC ENGENHARIA E CONSTRUCAO LTDA
MAT-1738,Plug Pvc 1/2,un,20.000,estoque,material,FC ENGENHARIA E CONSTRUCAO LTDA
MAT-1739,Base de Registro de Caveta 3/4 - Deca,un,4.000,estoque,material,FC ENGENHARIA E CONSTRUCAO LTDA
MAT-1740,Curva 90 Curta Esgoto 100Mm,un,16.000,estoque,material,FC ENGENHARIA E CONSTRUCAO LTDA
MAT-1741,Barras de Eucalipto,un,20.000,estoque,material,FC ENGENHARIA E CONSTRUCAO LTDA
MAT-1742,Tábuas de Eucalipto,un,10.000,estoque,material,FC ENGENHARIA E CONSTRUCAO LTDA
MAT-1743,Registro 3/4,un,1.000,estoque,material,FC ENGENHARIA E CONSTRUCAO LTDA
MAT-1744,Fechadura de Porta,un,1.000,estoque,material,FC ENGENHARIA E CONSTRUCAO LTDA
MAT-1745,Disco de Corte de Ferro,un,5.000,estoque,material,FC ENGENHARIA E CONSTRUCAO LTDA
MAT-1746,20.05.03,un,10.000,estoque,material,FC ENGENHARIA E CONSTRUCAO LTDA
MAT-1747,Areia Média/Fina (1 Caminhão),un,1.000,estoque,material,FC ENGENHARIA E CONSTRUCAO LTDA
MAT-1748,"Sarrafo de Cambará Ou Garapeira 0,2 Cm X 0,10 Cm X 4,50M - Bruto",un,12.000,estoque,material,FC ENGENHARIA E CONSTRUCAO LTDA
MAT-1749,Pontalete 7 X 7 X 6M,un,12.000,estoque,material,FC ENGENHARIA E CONSTRUCAO LTDA
MAT-1750,"Forro em Lâmina Pvc, Frisada, Largura 100/200Mm (Média)",m²,20.000,estoque,material,FC ENGENHARIA E CONSTRUCAO LTDA
MAT-1751,Moldura Roda Teto Gesso 7Cm Ou Medida Superior,m,24.000,estoque,material,FC ENGENHARIA E CONSTRUCAO LTDA
MAT-1752,Parafuso Drywall Fosfatizado Agulha 3.5 X 55,un,100.000,estoque,material,FC ENGENHARIA E CONSTRUCAO LTDA
MAT-1753,Parafuso Philips Dourado 50X70,un,50.000,estoque,material,FC ENGENHARIA E CONSTRUCAO LTDA
MAT-1754,Prego 17 X21,kg,20.000,estoque,material,FC ENGENHARIA E CONSTRUCAO LTDA
MAT-1755,Prego 18X30 (Cabeça Dupla),kg,5.000,estoque,material,FC ENGENHARIA E CONSTRUCAO LTDA
MAT-1756,Preto 18X30,kg,8.000,estoque,material,FC ENGENHARIA E CONSTRUCAO LTDA
MAT-1757,"Disco de 7""(Cortar Madeira)",un,3.000,estoque,material,FC ENGENHARIA E CONSTRUCAO LTDA
MAT-1758,NIVEL A LASER DEWALT A PILHA,un,1.000,estoque,material,FC ENGENHARIA E CONSTRUCAO LTDA
MAT-1759,Aditivo Colante ´Bianco´ (Embalagem em Balde de 200Kg),kg,200.000,estoque,material,FC ENGENHARIA E CONSTRUCAO LTDA
MAT-1760,MARTELO DE BORRACHA,un,4.000,estoque,material,FC ENGENHARIA E CONSTRUCAO LTDA
MAT-1761,"Pontalete 5Cmx5cm Eucalipto 4,00M",un,30.000,estoque,material,FC ENGENHARIA E CONSTRUCAO LTDA
MAT-1762,"Pontalete 7Cmx7cm Pinus 2,50M",un,60.000,estoque,material,FC ENGENHARIA E CONSTRUCAO LTDA
MAT-1763,"Pontalete 7Cmx7cm Pinus 3,00M",un,36.000,estoque,material,FC ENGENHARIA E CONSTRUCAO LTDA
MAT-1764,CINTO DE SEGURANÇA COM TALABAR,kit,10.000,estoque,material,FC ENGENHARIA E CONSTRUCAO LTDA
MAT-1765,Madeirite Plastificado,m²,435.600,estoque,material,FC ENGENHARIA E CONSTRUCAO LTDA
MAT-1766,Furadeira Makita - Hr2471 - 220V,un,0.000,estoque,material,FC ENGENHARIA E CONSTRUCAO LTDA
MAT-1767,Capacete de Proteção,un,4.000,estoque,material,FC ENGENHARIA E CONSTRUCAO LTDA
MAT-1768,Camiseta FC Engenharia manga curta azul claro,un,4.000,estoque,material,FC ENGENHARIA E CONSTRUCAO LTDA
MAT-1769,Calça  m FC Engenharia,un,0.000,estoque,material,FC ENGENHARIA E CONSTRUCAO LTDA
MAT-1770,Camisa Uniforme Manga Longa Azul Claro com Detalhes Amarelos g ,un,4.000,estoque,material,FC ENGENHARIA E CONSTRUCAO LTDA
MAT-1771,Luva de Proteção de raspa Verde Danny Pegasus,par,0.000,estoque,material,FC ENGENHARIA E CONSTRUCAO LTDA
MAT-1772,Respirador Descartável PFF1,un,6.000,estoque,material,FC ENGENHARIA E CONSTRUCAO LTDA
MAT-1773,Luva de Raspa de Couro,par,4.000,estoque,material,FC ENGENHARIA E CONSTRUCAO LTDA
MAT-1774,Luva de Nitrilo Nitrassolv Verde G/9pra limpeza ,par,2.000,estoque,material,FC ENGENHARIA E CONSTRUCAO LTDA
MAT-1775,Bota de Segurança Vulcaflex,par,1.000,estoque,material,FC ENGENHARIA E CONSTRUCAO LTDA
MAT-1776,Lajes,un,2.000,estoque,material,FC ENGENHARIA E CONSTRUCAO LTDA
MAT-1777,SERRA COPO DIAMANTADA 108 MM ,un,0.000,estoque,material,FC ENGENHARIA E CONSTRUCAO LTDA
MAT-1778,BETONEIRA MENEGOTTI 400L 220V,un,1.000,estoque,equipamento_proprio,FC ENGENHARIA E CONSTRUCAO LTDA
MAT-1779,MARTELETE MAKITA HR2470,un,1.000,estoque,equipamento_proprio,FC ENGENHARIA E CONSTRUCAO LTDA
MAT-1780,Espaçador Plástico para Ferragens,pç,500.000,estoque,material,FC ENGENHARIA E CONSTRUCAO LTDA
MAT-1781,"Caibro 7X5x3,5",un,4.000,estoque,material,FC ENGENHARIA E CONSTRUCAO LTDA
MAT-1782,"Caibro 7X5x5,5",un,4.000,estoque,material,FC ENGENHARIA E CONSTRUCAO LTDA
MAT-1783,"Sarrafo Tauari 05X2,3x6m",un,2.000,estoque,material,FC ENGENHARIA E CONSTRUCAO LTDA
MAT-1784,"Caibro Tauari 07X5x2,5m",un,2.000,estoque,material,FC ENGENHARIA E CONSTRUCAO LTDA
MAT-1785,Tinta Suvenil Piso (Lata 18L) - Cor Cerâmica,un,1.000,estoque,material,FC ENGENHARIA E CONSTRUCAO LTDA
MAT-1786,Rolo de La 23Cm,un,5.000,estoque,material,FC ENGENHARIA E CONSTRUCAO LTDA
MAT-1787,Manta Asfáltica,un,1.000,estoque,material,FC ENGENHARIA E CONSTRUCAO LTDA
MAT-1788,Latex Maza Branco 1/50,un,1.000,estoque,material,FC ENGENHARIA E CONSTRUCAO LTDA
MAT-1789,Suvinil Piso Cerâmico 1/50,un,2.000,estoque,material,FC ENGENHARIA E CONSTRUCAO LTDA
MAT-1790,Suvinil Piso Cerâmico,un,4.000,estoque,material,FC ENGENHARIA E CONSTRUCAO LTDA
MAT-1791,Suvinil Esma Cerâmico,un,5.000,estoque,material,FC ENGENHARIA E CONSTRUCAO LTDA
MAT-1792,Latas 18 Litros de Massa Corrida Pva,L,25.000,estoque,material,FC ENGENHARIA E CONSTRUCAO LTDA
MAT-1793,Lata de 18 Litros de Seladora Acrílica,L,6.000,estoque,material,FC ENGENHARIA E CONSTRUCAO LTDA
MAT-1794,Pacote de Lixa 120,un,25.000,estoque,material,FC ENGENHARIA E CONSTRUCAO LTDA
MAT-1795,Lixa 40,un,10.000,estoque,material,FC ENGENHARIA E CONSTRUCAO LTDA
MAT-1796,Pacote de Fita Crepe 48X40,un,2.000,estoque,material,FC ENGENHARIA E CONSTRUCAO LTDA
MAT-1797,Rolos Anti Gotas com Suporte,un,4.000,estoque,material,FC ENGENHARIA E CONSTRUCAO LTDA
MAT-1798,Desempenadeira de Aço Atlas,un,2.000,estoque,material,FC ENGENHARIA E CONSTRUCAO LTDA
MAT-1799,Barricas de Textura Design,un,5.000,estoque,material,FC ENGENHARIA E CONSTRUCAO LTDA
MAT-1800,Barramento ,un,3.000,estoque,material,FC ENGENHARIA E CONSTRUCAO LTDA
MAT-1801,Grampo de Aço para Cabo de Aço (Clip U-Bolt),un,12.000,estoque,material,FC ENGENHARIA E CONSTRUCAO LTDA
MAT-1802,Caixa Octogonal de Embutir 4x4,un,6.000,estoque,material,FC ENGENHARIA E CONSTRUCAO LTDA
MAT-1803,Eletroduto Corrugado Flexível Laranja,rolo,1.000,estoque,material,FC ENGENHARIA E CONSTRUCAO LTDA
MAT-1804,Cabo de Cobre Nu Trançado,m,5.000,estoque,material,FC ENGENHARIA E CONSTRUCAO LTDA
MAT-1805,Tinta Qualyvinil Prata,un,3.000,estoque,material,FC ENGENHARIA E CONSTRUCAO LTDA
MAT-1806,Tinta Latex Rubi Suvinil,un,2.000,estoque,material,FC ENGENHARIA E CONSTRUCAO LTDA
MAT-1807,Fundo Preparador,un,2.000,estoque,material,FC ENGENHARIA E CONSTRUCAO LTDA
MAT-1808,Textura Design,un,8.000,estoque,material,FC ENGENHARIA E CONSTRUCAO LTDA
MAT-1809,Fita Crepe 48X50,un,10.000,estoque,material,FC ENGENHARIA E CONSTRUCAO LTDA
MAT-1810,Mastique,un,4.000,estoque,material,FC ENGENHARIA E CONSTRUCAO LTDA
MAT-1811,Disco de Corte 4 1/2 X 3/64 7/8,un,50.000,estoque,material,FC ENGENHARIA E CONSTRUCAO LTDA
MAT-1812,Broca Concreto Widea 6Mm,un,3.000,estoque,material,FC ENGENHARIA E CONSTRUCAO LTDA
MAT-1813,Espatula Aço,un,6.000,estoque,material,FC ENGENHARIA E CONSTRUCAO LTDA
MAT-1814,Serra Starrett Bimet 24D,un,10.000,estoque,material,FC ENGENHARIA E CONSTRUCAO LTDA
MAT-1815,Lona Plástica Preta,un,1.000,estoque,material,FC ENGENHARIA E CONSTRUCAO LTDA
MAT-1816,Fita Crepe 48 X 50,un,10.000,estoque,material,FC ENGENHARIA E CONSTRUCAO LTDA
MAT-1817,Lâmpada de Led 20W,un,6.000,estoque,material,FC ENGENHARIA E CONSTRUCAO LTDA
MAT-1818,"Cantoneira em Alumínio ´Y´ para Massa, Espessura de 1,5Mm, Ref. R-78da Pin-can, M-1 da Canto Metal Ou Similiar",m,150.000,estoque,material,FC ENGENHARIA E CONSTRUCAO LTDA
MAT-1819,Pincel N° 3,un,2.000,estoque,material,FC ENGENHARIA E CONSTRUCAO LTDA
MAT-1820,Disco de Corte Ferro 4 1/2 X 3/64 7/8,un,10.000,estoque,material,FC ENGENHARIA E CONSTRUCAO LTDA
MAT-1821,"Disco para Concreto 115Mmx1,0mmx22,23mm",un,8.000,estoque,material,FC ENGENHARIA E CONSTRUCAO LTDA
MAT-1822,Wd 40,un,2.000,estoque,material,FC ENGENHARIA E CONSTRUCAO LTDA
MAT-1823,Limpa Contato (Limpeza das Ferramentas Elétricas),un,2.000,estoque,material,FC ENGENHARIA E CONSTRUCAO LTDA
MAT-1824,Caixa para Interruptor Padrão Europeu 86Mm X 86Mm,un,230.000,estoque,material,FC ENGENHARIA E CONSTRUCAO LTDA
MAT-1825,Caixa Primeiro Socorros,un,1.000,estoque,material,FC ENGENHARIA E CONSTRUCAO LTDA
MAT-1826,Caixa de Bandeide,un,1.000,estoque,material,FC ENGENHARIA E CONSTRUCAO LTDA
MAT-1827,Agua Oxigenada,un,2.000,estoque,material,FC ENGENHARIA E CONSTRUCAO LTDA
MAT-1828,Caixa Algodão Rolo,un,2.000,estoque,material,FC ENGENHARIA E CONSTRUCAO LTDA
MAT-1829,Rolos de Gases,un,2.000,estoque,material,FC ENGENHARIA E CONSTRUCAO LTDA
MAT-1830,Luva Latex Branca,un,3.000,estoque,material,FC ENGENHARIA E CONSTRUCAO LTDA
MAT-1831,Alcool 70% Antisseptico 50Ml,un,0.000,estoque,material,FC ENGENHARIA E CONSTRUCAO LTDA
MAT-1832,Alcool 70% Antisseptico 50Ml (com Uma Tesoura Pequena para Curativos),un,2.000,estoque,material,FC ENGENHARIA E CONSTRUCAO LTDA
MAT-1833,Caixa para Remédios,un,1.000,estoque,material,FC ENGENHARIA E CONSTRUCAO LTDA
MAT-1834,Chumbador Ancora 1/2X41/2 C/Pf,un,37.000,estoque,material,FC ENGENHARIA E CONSTRUCAO LTDA
MAT-1835,Chave Biela Ferja 14Mm L Galvanizada,un,1.000,estoque,material,FC ENGENHARIA E CONSTRUCAO LTDA
MAT-1836,"Broca Irwin Sds Plus 13,0X160",un,1.000,estoque,material,FC ENGENHARIA E CONSTRUCAO LTDA
MAT-1837,"PAINEL NR18 1,5X1,0 COM DEGRAU",un,1.000,estoque,equipamento_locado,FC ENGENHARIA E CONSTRUCAO LTDA
MAT-1838,"DIAGONA IS X 1,50 M",un,1.000,estoque,equipamento_locado,FC ENGENHARIA E CONSTRUCAO LTDA
MAT-1839,"DIAGONA IS X 1,50 M",un,1.000,estoque,equipamento_locado,FC ENGENHARIA E CONSTRUCAO LTDA
MAT-1840,"PAINEL NR18 1,5X1,0 COM DEGRAU",un,1.000,estoque,equipamento_locado,FC ENGENHARIA E CONSTRUCAO LTDA
MAT-1841,"PRANCHAO METALICO 1,50M X 0,37M",un,1.000,estoque,equipamento_locado,FC ENGENHARIA E CONSTRUCAO LTDA
MAT-1842,GUARDA CORPO P/FACHADEIRO,un,1.000,estoque,equipamento_locado,FC ENGENHARIA E CONSTRUCAO LTDA
MAT-1843,"DIAGONA IS X 1,50 M",un,1.000,estoque,equipamento_locado,FC ENGENHARIA E CONSTRUCAO LTDA
MAT-1844,SAPATAS AJUSTÁVEIS,un,1.000,estoque,equipamento_locado,FC ENGENHARIA E CONSTRUCAO LTDA
MAT-1845,"PAINEL NR18 1,5X1,0 COM DEGRAU",un,1.000,estoque,equipamento_locado,FC ENGENHARIA E CONSTRUCAO LTDA
MAT-1846,"DIAGONA IS X 1,50 M",un,1.000,estoque,equipamento_locado,FC ENGENHARIA E CONSTRUCAO LTDA
MAT-1847,"DIAGONA IS X 1,50 M",un,1.000,estoque,equipamento_locado,FC ENGENHARIA E CONSTRUCAO LTDA
MAT-1848,"ANDAIME TUBULAR 1,00 X 1,00 M",un,1.000,estoque,equipamento_locado,FC ENGENHARIA E CONSTRUCAO LTDA
MAT-1849,"PAINEL NR18 1,5X1,0 COM DEGRAU",un,1.000,estoque,equipamento_locado,FC ENGENHARIA E CONSTRUCAO LTDA
MAT-1850,"PAINEL NR18 1,5X1,0 COM DEGRAU",un,1.000,estoque,equipamento_locado,FC ENGENHARIA E CONSTRUCAO LTDA
MAT-1851,"PAINEL NR18 1,5X1,0 COM DEGRAU",un,1.000,estoque,equipamento_locado,FC ENGENHARIA E CONSTRUCAO LTDA
MAT-1852,"DIAGONA IS X 1,50 M",un,1.000,estoque,equipamento_locado,FC ENGENHARIA E CONSTRUCAO LTDA
MAT-1853,SAPATAS AJUSTÁVEIS,un,1.000,estoque,equipamento_locado,FC ENGENHARIA E CONSTRUCAO LTDA
MAT-1854,"ANDAIME TUBULAR 1,00 X 1,00 M",un,1.000,estoque,equipamento_locado,FC ENGENHARIA E CONSTRUCAO LTDA
MAT-1855,"PAINEL NR18 1,5X1,0 COM DEGRAU",un,1.000,estoque,equipamento_locado,FC ENGENHARIA E CONSTRUCAO LTDA
MAT-1856,SAPATAS AJUSTÁVEIS,un,1.000,estoque,equipamento_locado,FC ENGENHARIA E CONSTRUCAO LTDA
MAT-1857,"PRANCHAO 1,40X1,65 FACHADEIRO",un,1.000,estoque,equipamento_locado,FC ENGENHARIA E CONSTRUCAO LTDA
MAT-1858,"PAINEL NR18 1,5X1,0 COM DEGRAU",un,1.000,estoque,equipamento_locado,FC ENGENHARIA E CONSTRUCAO LTDA
MAT-1859,"PRANCHAO 1,40X1,65 FACHADEIRO",un,1.000,estoque,equipamento_locado,FC ENGENHARIA E CONSTRUCAO LTDA
MAT-1860,"DIAGONA IS X 1,50 M",un,1.000,estoque,equipamento_locado,FC ENGENHARIA E CONSTRUCAO LTDA
MAT-1861,"PRANCHAO METALICO 1,50M X 0,37M",un,1.000,estoque,equipamento_locado,FC ENGENHARIA E CONSTRUCAO LTDA
MAT-1862,GUARDA CORPO P/FACHADEIRO,un,1.000,estoque,equipamento_locado,FC ENGENHARIA E CONSTRUCAO LTDA
MAT-1863,"DIAGONA IS X 1,50 M",un,1.000,estoque,equipamento_locado,FC ENGENHARIA E CONSTRUCAO LTDA
MAT-1864,SAPATAS AJUSTÁVEIS,un,1.000,estoque,equipamento_locado,FC ENGENHARIA E CONSTRUCAO LTDA
MAT-1865,"PAINEL FACHADEIRO 2,00X2,00 C/ ESCADA",un,1.000,estoque,equipamento_locado,FC ENGENHARIA E CONSTRUCAO LTDA
MAT-1866,"PAINEL NR18 1,5X1,0 COM DEGRAU",un,1.000,estoque,equipamento_locado,FC ENGENHARIA E CONSTRUCAO LTDA
MAT-1867,"PAINEL NR18 1,5X1,0 COM DEGRAU",un,1.000,estoque,equipamento_locado,FC ENGENHARIA E CONSTRUCAO LTDA
MAT-1868,"DIAGONA IS X 1,50 M",un,1.000,estoque,equipamento_locado,FC ENGENHARIA E CONSTRUCAO LTDA
MAT-1869,"DIAGONA IS X 2,00 FACHADEIRO",un,1.000,estoque,equipamento_locado,FC ENGENHARIA E CONSTRUCAO LTDA
MAT-1870,"PAINEL FACHADEIRO 2,00X2,00",un,1.000,estoque,equipamento_locado,FC ENGENHARIA E CONSTRUCAO LTDA
MAT-1871,GUARDA CORPO P/ FACHADEIRO,un,1.000,estoque,equipamento_locado,FC ENGENHARIA E CONSTRUCAO LTDA
MAT-1872,"PAINEL NR18 1,5X1,0 COM DEGRAU",un,1.000,estoque,equipamento_locado,FC ENGENHARIA E CONSTRUCAO LTDA
MAT-1873,RODAPE P/FACHADEIRO,un,1.000,estoque,equipamento_locado,FC ENGENHARIA E CONSTRUCAO LTDA
MAT-1874,GUARDA CORPO P/FACHADEIRO,un,1.000,estoque,equipamento_locado,FC ENGENHARIA E CONSTRUCAO LTDA
MAT-1875,GUARDA CORPO P/ FACHADEIRO,un,1.000,estoque,equipamento_locado,FC ENGENHARIA E CONSTRUCAO LTDA
MAT-1876,"DIAGONA IS X 1,50 M",un,1.000,estoque,equipamento_locado,FC ENGENHARIA E CONSTRUCAO LTDA
MAT-1877,"DIAGONA IS X 1,50 M",un,1.000,estoque,equipamento_locado,FC ENGENHARIA E CONSTRUCAO LTDA
MAT-1878,"ANDAIME TUBULAR 1,00 X 1,00 M",un,1.000,estoque,equipamento_locado,FC ENGENHARIA E CONSTRUCAO LTDA
MAT-1879,SAPATAS AJUSTÁVEIS,un,1.000,estoque,equipamento_locado,FC ENGENHARIA E CONSTRUCAO LTDA
MAT-1880,SAPATAS AJUSTÁVEIS,un,1.000,estoque,equipamento_locado,FC ENGENHARIA E CONSTRUCAO LTDA
MAT-1881,"PRANCHAO 1,40X1,65 FACHADEIRO",un,1.000,estoque,equipamento_locado,FC ENGENHARIA E CONSTRUCAO LTDA
MAT-1882,"DIAGONA IS X 1,50 M",un,1.000,estoque,equipamento_locado,FC ENGENHARIA E CONSTRUCAO LTDA
MAT-1883,"DIAGONA IS X 1,50 M",un,1.000,estoque,equipamento_locado,FC ENGENHARIA E CONSTRUCAO LTDA
MAT-1884,"DIAGONA IS X 1,50 M",un,1.000,estoque,equipamento_locado,FC ENGENHARIA E CONSTRUCAO LTDA
MAT-1885,"DIAGONA IS X 1,50 M",un,1.000,estoque,equipamento_locado,FC ENGENHARIA E CONSTRUCAO LTDA
MAT-1886,"DIAGONA IS X 1,00 M",un,1.000,estoque,equipamento_locado,FC ENGENHARIA E CONSTRUCAO LTDA
MAT-1887,"PAINEL NR18 1,5X1,0 COM DEGRAU",un,1.000,estoque,equipamento_locado,FC ENGENHARIA E CONSTRUCAO LTDA
MAT-1888,"DIAGONA IS X 1,50 M",un,1.000,estoque,equipamento_locado,FC ENGENHARIA E CONSTRUCAO LTDA
MAT-1889,"DIAGONA IS X 1,50 M",un,1.000,estoque,equipamento_locado,FC ENGENHARIA E CONSTRUCAO LTDA
MAT-1890,SAPATAS AJUSTÁVEIS,un,1.000,estoque,equipamento_locado,FC ENGENHARIA E CONSTRUCAO LTDA
MAT-1891,"PAINEL NR18 1,5X1,0 COM DEGRAU",un,1.000,estoque,equipamento_locado,FC ENGENHARIA E CONSTRUCAO LTDA
MAT-1892,"DIAGONA IS X 1,50 M",un,1.000,estoque,equipamento_locado,FC ENGENHARIA E CONSTRUCAO LTDA
MAT-1893,"DIAGONA IS X 1,50 M",un,1.000,estoque,equipamento_locado,FC ENGENHARIA E CONSTRUCAO LTDA
MAT-1894,SAPATAS AJUSTÁVEIS,un,1.000,estoque,equipamento_locado,FC ENGENHARIA E CONSTRUCAO LTDA
MAT-1895,GUARDA CORPO P/FACHADEIRO,un,1.000,estoque,equipamento_locado,FC ENGENHARIA E CONSTRUCAO LTDA
MAT-1896,SAPATAS AJUSTÁVEIS,un,1.000,estoque,equipamento_locado,FC ENGENHARIA E CONSTRUCAO LTDA
MAT-1897,"DIAGONA IS X 1,00 M",un,1.000,estoque,equipamento_locado,FC ENGENHARIA E CONSTRUCAO LTDA
MAT-1898,SAPATAS AJUSTÁVEIS,un,1.000,estoque,equipamento_locado,FC ENGENHARIA E CONSTRUCAO LTDA
MAT-1899,SAPATAS AJUSTÁVEIS,un,1.000,estoque,equipamento_locado,FC ENGENHARIA E CONSTRUCAO LTDA
MAT-1900,SAPATAS AJUSTÁVEIS,un,1.000,estoque,equipamento_locado,FC ENGENHARIA E CONSTRUCAO LTDA
MAT-1901,"DIAGONA IS X 1,50 M",un,1.000,estoque,equipamento_locado,FC ENGENHARIA E CONSTRUCAO LTDA
MAT-1902,"DIAGONA IS X 1,50 M",un,1.000,estoque,equipamento_locado,FC ENGENHARIA E CONSTRUCAO LTDA
MAT-1903,"DIAGONA IS X 1,50 M",un,1.000,estoque,equipamento_locado,FC ENGENHARIA E CONSTRUCAO LTDA
MAT-1904,RODAPE P/FACHADEIRO,un,1.000,estoque,equipamento_locado,FC ENGENHARIA E CONSTRUCAO LTDA
MAT-1905,"DIAGONA IS X 1,50 M",un,1.000,estoque,equipamento_locado,FC ENGENHARIA E CONSTRUCAO LTDA
MAT-1906,"DIAGONA IS X 1,50 M",un,1.000,estoque,equipamento_locado,FC ENGENHARIA E CONSTRUCAO LTDA
MAT-1907,SAPATA AJUSTAVEL,un,1.000,estoque,equipamento_locado,FC ENGENHARIA E CONSTRUCAO LTDA
MAT-1908,SAPATAS AJUSTÁVEIS,un,1.000,estoque,equipamento_locado,FC ENGENHARIA E CONSTRUCAO LTDA
MAT-1909,"DIAGONA IS X 1,50 M",un,1.000,estoque,equipamento_locado,FC ENGENHARIA E CONSTRUCAO LTDA
MAT-1910,"DIAGONA IS X 1,50 M",un,1.000,estoque,equipamento_locado,FC ENGENHARIA E CONSTRUCAO LTDA
MAT-1911,"PAINEL NR18 1,5X1,0 COM DEGRAU",un,1.000,estoque,equipamento_locado,FC ENGENHARIA E CONSTRUCAO LTDA
MAT-1912,"DIAGONA IS X 1,50 M",un,1.000,estoque,equipamento_locado,FC ENGENHARIA E CONSTRUCAO LTDA
MAT-1913,"DIAGONA IS X 2,00 FACHADEIRO",un,1.000,estoque,equipamento_locado,FC ENGENHARIA E CONSTRUCAO LTDA
MAT-1914,"PAINEL NR18 1,5X1,0 COM DEGRAU",un,1.000,estoque,equipamento_locado,FC ENGENHARIA E CONSTRUCAO LTDA
MAT-1915,"DIAGONA IS X 1,50 M",un,1.000,estoque,equipamento_locado,FC ENGENHARIA E CONSTRUCAO LTDA
MAT-1916,"PAINEL FACHADEIRO 2,00X2,00",un,1.000,estoque,equipamento_locado,FC ENGENHARIA E CONSTRUCAO LTDA
MAT-1917,SAPATAS AJUSTÁVEIS,un,1.000,estoque,equipamento_locado,FC ENGENHARIA E CONSTRUCAO LTDA
MAT-1918,"DIAGONA IS X 1,50 M",un,1.000,estoque,equipamento_locado,FC ENGENHARIA E CONSTRUCAO LTDA
MAT-1919,GUARDA CORPO P/FACHADEIRO,un,1.000,estoque,equipamento_locado,FC ENGENHARIA E CONSTRUCAO LTDA
MAT-1920,"DIAGONA IS X 1,50 M",un,1.000,estoque,equipamento_locado,FC ENGENHARIA E CONSTRUCAO LTDA
MAT-1921,SAPATAS AJUSTÁVEIS,un,1.000,estoque,equipamento_locado,FC ENGENHARIA E CONSTRUCAO LTDA
MAT-1922,"PAINEL NR18 1,5X1,0 COM DEGRAU",un,1.000,estoque,equipamento_locado,FC ENGENHARIA E CONSTRUCAO LTDA
MAT-1923,"DIAGONA IS X 1,50 M",un,1.000,estoque,equipamento_locado,FC ENGENHARIA E CONSTRUCAO LTDA
MAT-1924,"PRANCHAO METALICO 1,50M X 0,37M",un,1.000,estoque,equipamento_locado,FC ENGENHARIA E CONSTRUCAO LTDA
MAT-1925,"PRANCHAO 1,40X1,65 FACHADEIRO",un,1.000,estoque,equipamento_locado,FC ENGENHARIA E CONSTRUCAO LTDA
MAT-1926,RODAPE P/FACHADEIRO,un,1.000,estoque,equipamento_locado,FC ENGENHARIA E CONSTRUCAO LTDA
MAT-1927,"PAINEL NR18 1,5X1,0 COM DEGRAU",un,1.000,estoque,equipamento_locado,FC ENGENHARIA E CONSTRUCAO LTDA
MAT-1928,"DIAGONA IS X 1,50 M",un,1.000,estoque,equipamento_locado,FC ENGENHARIA E CONSTRUCAO LTDA
MAT-1929,SAPATAS AJUSTÁVEIS,un,1.000,estoque,equipamento_locado,FC ENGENHARIA E CONSTRUCAO LTDA
MAT-1930,"PAINEL FACHADEIRO 2,00X2,00",un,1.000,estoque,equipamento_locado,FC ENGENHARIA E CONSTRUCAO LTDA
MAT-1931,"PRANCHAO 1,40X1,65 FACHADEIRO",un,1.000,estoque,equipamento_locado,FC ENGENHARIA E CONSTRUCAO LTDA
MAT-1932,GUARDA CORPO P/ FACHADEIRO,un,1.000,estoque,equipamento_locado,FC ENGENHARIA E CONSTRUCAO LTDA
MAT-1933,SAPATAS AJUSTÁVEIS,un,1.000,estoque,equipamento_locado,FC ENGENHARIA E CONSTRUCAO LTDA
MAT-1934,"DIAGONA IS X 1,50 M",un,1.000,estoque,equipamento_locado,FC ENGENHARIA E CONSTRUCAO LTDA
MAT-1935,"DIAGONA IS X 2,00 FACHADEIRO",un,1.000,estoque,equipamento_locado,FC ENGENHARIA E CONSTRUCAO LTDA
MAT-1936,GUARDA CORPO P/FACHADEIRO,un,1.000,estoque,equipamento_locado,FC ENGENHARIA E CONSTRUCAO LTDA
MAT-1937,"DIAGONA IS X 1,50 M",un,1.000,estoque,equipamento_locado,FC ENGENHARIA E CONSTRUCAO LTDA
MAT-1938,"DIAGONA IS X 1,50 M",un,1.000,estoque,equipamento_locado,FC ENGENHARIA E CONSTRUCAO LTDA
MAT-1939,"DIAGONA IS X 1,50 M",un,1.000,estoque,equipamento_locado,FC ENGENHARIA E CONSTRUCAO LTDA
MAT-1940,"DIAGONA IS X 1,50 M",un,1.000,estoque,equipamento_locado,FC ENGENHARIA E CONSTRUCAO LTDA
MAT-1941,SAPATAS AJUSTÁVEIS,un,1.000,estoque,equipamento_locado,FC ENGENHARIA E CONSTRUCAO LTDA
MAT-1942,SAPATAS AJUSTÁVEIS,un,1.000,estoque,equipamento_locado,FC ENGENHARIA E CONSTRUCAO LTDA
MAT-1943,SAPATAS AJUSTÁVEIS,un,1.000,estoque,equipamento_locado,FC ENGENHARIA E CONSTRUCAO LTDA
MAT-1944,"DIAGONA IS X 1,50 M",un,1.000,estoque,equipamento_locado,FC ENGENHARIA E CONSTRUCAO LTDA
MAT-1945,SAPATAS AJUSTÁVEIS,un,1.000,estoque,equipamento_locado,FC ENGENHARIA E CONSTRUCAO LTDA
MAT-1946,"PAINEL NR18 1,5X1,0 COM DEGRAU",un,1.000,estoque,equipamento_locado,FC ENGENHARIA E CONSTRUCAO LTDA
MAT-1947,"PAINEL NR18 1,5X1,0 COM DEGRAU",un,1.000,estoque,equipamento_locado,FC ENGENHARIA E CONSTRUCAO LTDA
MAT-1948,"PAINEL NR18 1,5X1,0 COM DEGRAU",un,1.000,estoque,equipamento_locado,FC ENGENHARIA E CONSTRUCAO LTDA
MAT-1949,"DIAGONA IS X 1,50 M",un,1.000,estoque,equipamento_locado,FC ENGENHARIA E CONSTRUCAO LTDA
MAT-1950,SAPATAS AJUSTÁVEIS,un,1.000,estoque,equipamento_locado,FC ENGENHARIA E CONSTRUCAO LTDA
MAT-1951,"DIAGONA IS X 2,00 FACHADEIRO",un,1.000,estoque,equipamento_locado,FC ENGENHARIA E CONSTRUCAO LTDA
MAT-1952,"DIAGONA IS X 1,50 M",un,1.000,estoque,equipamento_locado,FC ENGENHARIA E CONSTRUCAO LTDA
MAT-1953,"DIAGONA IS X 1,50 M",un,1.000,estoque,equipamento_locado,FC ENGENHARIA E CONSTRUCAO LTDA
MAT-1954,RODIZIOS BORRACHA GIRATORIOS,un,1.000,estoque,equipamento_locado,FC ENGENHARIA E CONSTRUCAO LTDA
MAT-1955,"DIAGONA IS X 1,50 M",un,1.000,estoque,equipamento_locado,FC ENGENHARIA E CONSTRUCAO LTDA
MAT-1956,"DIAGONA IS X 1,50 M",un,1.000,estoque,equipamento_locado,FC ENGENHARIA E CONSTRUCAO LTDA
MAT-1957,"PAINEL NR18 1,5X1,0 COM DEGRAU",un,1.000,estoque,equipamento_locado,FC ENGENHARIA E CONSTRUCAO LTDA
MAT-1958,SAPATAS AJUSTÁVEIS,un,1.000,estoque,equipamento_locado,FC ENGENHARIA E CONSTRUCAO LTDA
MAT-1959,SAPATAS AJUSTÁVEIS,un,1.000,estoque,equipamento_locado,FC ENGENHARIA E CONSTRUCAO LTDA
MAT-1960,SAPATA AJUSTAVEL,un,1.000,estoque,equipamento_locado,FC ENGENHARIA E CONSTRUCAO LTDA
MAT-1961,"DIAGONA IS X 1,50 M",un,1.000,estoque,equipamento_locado,FC ENGENHARIA E CONSTRUCAO LTDA
MAT-1962,"GUARDA CORPO 1,50M S/ PORTA",un,1.000,estoque,equipamento_locado,FC ENGENHARIA E CONSTRUCAO LTDA
MAT-1963,"PAINEL FACHADEIRO 2,00X2,00 C/ ESCADA",un,1.000,estoque,equipamento_locado,FC ENGENHARIA E CONSTRUCAO LTDA
MAT-1964,"DIAGONA IS X 1,50 M",un,1.000,estoque,equipamento_locado,FC ENGENHARIA E CONSTRUCAO LTDA
MAT-1965,"PAINEL FACHADEIRO 2,00X2,00",un,1.000,estoque,equipamento_locado,FC ENGENHARIA E CONSTRUCAO LTDA
MAT-1966,PONTEIRA MART 06/10 KG,un,1.000,estoque,equipamento_locado,FC ENGENHARIA E CONSTRUCAO LTDA
MAT-1967,"DIAGONA IS X 1,50 M",un,1.000,estoque,equipamento_locado,FC ENGENHARIA E CONSTRUCAO LTDA
MAT-1968,"DIAGONA IS X 1,50 M",un,1.000,estoque,equipamento_locado,FC ENGENHARIA E CONSTRUCAO LTDA
MAT-1969,"DIAGONA IS X 1,50 M",un,1.000,estoque,equipamento_locado,FC ENGENHARIA E CONSTRUCAO LTDA
MAT-1970,"DIAGONA IS X 1,50 M",un,1.000,estoque,equipamento_locado,FC ENGENHARIA E CONSTRUCAO LTDA
MAT-1971,SAPATAS AJUSTÁVEIS,un,1.000,estoque,equipamento_locado,FC ENGENHARIA E CONSTRUCAO LTDA
MAT-1972,"DIAGONA IS X 1,50 M",un,1.000,estoque,equipamento_locado,FC ENGENHARIA E CONSTRUCAO LTDA
MAT-1973,"DIAGONA IS X 1,50 M",un,1.000,estoque,equipamento_locado,FC ENGENHARIA E CONSTRUCAO LTDA
MAT-1974,"DIAGONA IS 2,12",un,1.000,estoque,equipamento_locado,FC ENGENHARIA E CONSTRUCAO LTDA
MAT-1975,"DIAGONA IS X 2,00 FACHADEIRO",un,1.000,estoque,equipamento_locado,FC ENGENHARIA E CONSTRUCAO LTDA
MAT-1976,"PAINEL NR18 1,5X1,0 COM DEGRAU",un,1.000,estoque,equipamento_locado,FC ENGENHARIA E CONSTRUCAO LTDA
MAT-1977,"DIAGONA IS X 1,50 M",un,1.000,estoque,equipamento_locado,FC ENGENHARIA E CONSTRUCAO LTDA
MAT-1978,SAPATAS AJUSTÁVEIS,un,1.000,estoque,equipamento_locado,FC ENGENHARIA E CONSTRUCAO LTDA
MAT-1979,"PAINEL FACHADEIRO 2,00X2,00",un,1.000,estoque,equipamento_locado,FC ENGENHARIA E CONSTRUCAO LTDA
MAT-1980,"PRANCHAO METALICO 1,50M X 0,37M",un,1.000,estoque,equipamento_locado,FC ENGENHARIA E CONSTRUCAO LTDA
MAT-1981,"PAINEL NR18 1,5X1,0 COM DEGRAU",un,1.000,estoque,equipamento_locado,FC ENGENHARIA E CONSTRUCAO LTDA
MAT-1982,SAPATAS AJUSTÁVEIS,un,1.000,estoque,equipamento_locado,FC ENGENHARIA E CONSTRUCAO LTDA
MAT-1983,"DIAGONA IS X 1,50 M",un,1.000,estoque,equipamento_locado,FC ENGENHARIA E CONSTRUCAO LTDA
MAT-1984,"DIAGONA IS X 2,00 FACHADEIRO",un,1.000,estoque,equipamento_locado,FC ENGENHARIA E CONSTRUCAO LTDA
MAT-1985,"DIAGONA IS X 1,50 M",un,1.000,estoque,equipamento_locado,FC ENGENHARIA E CONSTRUCAO LTDA
MAT-1986,"PAINEL NR18 1,5X1,0 COM DEGRAU",un,1.000,estoque,equipamento_locado,FC ENGENHARIA E CONSTRUCAO LTDA
MAT-1987,"PLATAFORMA P/ ANDAIME 1,00 M",un,1.000,estoque,equipamento_locado,FC ENGENHARIA E CONSTRUCAO LTDA
MAT-1988,"DIAGONA IS X 2,00 FACHADEIRO",un,1.000,estoque,equipamento_locado,FC ENGENHARIA E CONSTRUCAO LTDA
MAT-1989,"DIAGONA IS X 1,50 M",un,1.000,estoque,equipamento_locado,FC ENGENHARIA E CONSTRUCAO LTDA
MAT-1990,"DIAGONAL P/ ANDAIME - TORRES 1,00 x 1,00M (1,41m)",un,1.000,estoque,equipamento_locado,FC ENGENHARIA E CONSTRUCAO LTDA
MAT-1991,"DIAGONA IS X 1,50 M",un,1.000,estoque,equipamento_locado,FC ENGENHARIA E CONSTRUCAO LTDA
MAT-1992,GUARDA CORPO P/FACHADEIRO,un,1.000,estoque,equipamento_locado,FC ENGENHARIA E CONSTRUCAO LTDA
MAT-1993,"PRANCHAO METALICO 1,50M X 0,37M",un,1.000,estoque,equipamento_locado,FC ENGENHARIA E CONSTRUCAO LTDA
MAT-1994,RODIZIOS BORRACHA GIRATORIOS,un,1.000,estoque,equipamento_locado,FC ENGENHARIA E CONSTRUCAO LTDA
MAT-1995,"PRANCHAO 1,40X1,65 FACHADEIRO",un,1.000,estoque,equipamento_locado,FC ENGENHARIA E CONSTRUCAO LTDA
MAT-1996,SAPATAS AJUSTÁVEIS,un,1.000,estoque,equipamento_locado,FC ENGENHARIA E CONSTRUCAO LTDA
MAT-1997,"DIAGONA IS X 1,50 M",un,1.000,estoque,equipamento_locado,FC ENGENHARIA E CONSTRUCAO LTDA
MAT-1998,"DIAGONA IS X 1,50 M",un,1.000,estoque,equipamento_locado,FC ENGENHARIA E CONSTRUCAO LTDA
MAT-1999,SAPATAS AJUSTÁVEIS,un,1.000,estoque,equipamento_locado,FC ENGENHARIA E CONSTRUCAO LTDA
MAT-2000,"DIAGONA IS X 1,00 M",un,1.000,estoque,equipamento_locado,FC ENGENHARIA E CONSTRUCAO LTDA
MAT-2001,"PAINEL NR18 1,5X1,0 COM DEGRAU",un,1.000,estoque,equipamento_locado,FC ENGENHARIA E CONSTRUCAO LTDA
MAT-2002,"PRANCHAO 1,40X1,65 FACHADEIRO",un,1.000,estoque,equipamento_locado,FC ENGENHARIA E CONSTRUCAO LTDA
MAT-2003,SAPATAS AJUSTÁVEIS,un,1.000,estoque,equipamento_locado,FC ENGENHARIA E CONSTRUCAO LTDA
MAT-2004,"DIAGONA IS X 1,50 M",un,1.000,estoque,equipamento_locado,FC ENGENHARIA E CONSTRUCAO LTDA
MAT-2005,"DIAGONA IS X 1,50 M",un,1.000,estoque,equipamento_locado,FC ENGENHARIA E CONSTRUCAO LTDA
MAT-2006,"PAINEL FACHADEIRO 2,00X2,00",un,1.000,estoque,equipamento_locado,FC ENGENHARIA E CONSTRUCAO LTDA
MAT-2007,"ANDAIME TUBULAR 1,00 X 1,00 M",un,1.000,estoque,equipamento_locado,FC ENGENHARIA E CONSTRUCAO LTDA
MAT-2008,"DIAGONA IS X 1,50 M",un,1.000,estoque,equipamento_locado,FC ENGENHARIA E CONSTRUCAO LTDA
MAT-2009,"PRANCHAO 1,40X1,65 FACHADEIRO",un,1.000,estoque,equipamento_locado,FC ENGENHARIA E CONSTRUCAO LTDA
MAT-2010,"PAINEL NR18 1,5X1,0 COM DEGRAU",un,1.000,estoque,equipamento_locado,FC ENGENHARIA E CONSTRUCAO LTDA
MAT-2011,"DIAGONA IS X 1,50 M",un,1.000,estoque,equipamento_locado,FC ENGENHARIA E CONSTRUCAO LTDA
MAT-2012,"PAINEL NR18 1,5X1,0 COM DEGRAU",un,1.000,estoque,equipamento_locado,FC ENGENHARIA E CONSTRUCAO LTDA
MAT-2013,"PRANCHAO METALICO 1,50M X 0,37M",un,1.000,estoque,equipamento_locado,FC ENGENHARIA E CONSTRUCAO LTDA
MAT-2014,SAPATAS AJUSTÁVEIS,un,1.000,estoque,equipamento_locado,FC ENGENHARIA E CONSTRUCAO LTDA
MAT-2015,"DIAGONA IS X 1,50 M",un,1.000,estoque,equipamento_locado,FC ENGENHARIA E CONSTRUCAO LTDA
MAT-2016,"DIAGONA IS X 1,50 M",un,1.000,estoque,equipamento_locado,FC ENGENHARIA E CONSTRUCAO LTDA
MAT-2017,SAPATAS AJUSTÁVEIS,un,1.000,estoque,equipamento_locado,FC ENGENHARIA E CONSTRUCAO LTDA
MAT-2018,"DIAGONA IS X 1,50 M",un,1.000,estoque,equipamento_locado,FC ENGENHARIA E CONSTRUCAO LTDA
MAT-2019,"DIAGONA IS X 1,50 M",un,1.000,estoque,equipamento_locado,FC ENGENHARIA E CONSTRUCAO LTDA
MAT-2020,"PAINEL FACHADEIRO 2,00X2,00",un,1.000,estoque,equipamento_locado,FC ENGENHARIA E CONSTRUCAO LTDA
MAT-2021,"DIAGONA IS X 1,50 M",un,1.000,estoque,equipamento_locado,FC ENGENHARIA E CONSTRUCAO LTDA
MAT-2022,"DIAGONA IS X 1,50 M",un,1.000,estoque,equipamento_locado,FC ENGENHARIA E CONSTRUCAO LTDA
MAT-2023,RODAPE P/FACHADEIRO,un,1.000,estoque,equipamento_locado,FC ENGENHARIA E CONSTRUCAO LTDA
MAT-2024,"ANDAIME TUBULAR 1,00 X 1,00 M",un,1.000,estoque,equipamento_locado,FC ENGENHARIA E CONSTRUCAO LTDA
MAT-2025,"PAINEL NR18 1,5X1,0 COM DEGRAU",un,1.000,estoque,equipamento_locado,FC ENGENHARIA E CONSTRUCAO LTDA
MAT-2026,"DIAGONA IS X 2,00 FACHADEIRO",un,1.000,estoque,equipamento_locado,FC ENGENHARIA E CONSTRUCAO LTDA
MAT-2027,SAPATAS AJUSTÁVEIS,un,1.000,estoque,equipamento_locado,FC ENGENHARIA E CONSTRUCAO LTDA
MAT-2028,"DIAGONA IS X 1,50 M",un,1.000,estoque,equipamento_locado,FC ENGENHARIA E CONSTRUCAO LTDA
MAT-2029,"PAINEL NR18 1,5X1,0 COM DEGRAU",un,1.000,estoque,equipamento_locado,FC ENGENHARIA E CONSTRUCAO LTDA
MAT-2030,"DIAGONA IS X 1,50 M",un,1.000,estoque,equipamento_locado,FC ENGENHARIA E CONSTRUCAO LTDA
MAT-2031,"DIAGONA IS X 1,50 M",un,1.000,estoque,equipamento_locado,FC ENGENHARIA E CONSTRUCAO LTDA
MAT-2032,"DIAGONA IS X 1,50 M",un,1.000,estoque,equipamento_locado,FC ENGENHARIA E CONSTRUCAO LTDA
MAT-2033,SAPATAS AJUSTÁVEIS,un,1.000,estoque,equipamento_locado,FC ENGENHARIA E CONSTRUCAO LTDA
MAT-2034,SAPATAS AJUSTÁVEIS,un,1.000,estoque,equipamento_locado,FC ENGENHARIA E CONSTRUCAO LTDA
MAT-2035,"DIAGONA IS X 1,50 M",un,1.000,estoque,equipamento_locado,FC ENGENHARIA E CONSTRUCAO LTDA
MAT-2036,"DIAGONA IS X 1,50 M",un,1.000,estoque,equipamento_locado,FC ENGENHARIA E CONSTRUCAO LTDA
MAT-2037,"PAINEL NR18 1,5X1,0 COM DEGRAU",un,1.000,estoque,equipamento_locado,FC ENGENHARIA E CONSTRUCAO LTDA
MAT-2038,SAPATAS AJUSTÁVEIS,un,1.000,estoque,equipamento_locado,FC ENGENHARIA E CONSTRUCAO LTDA
MAT-2039,"DIAGONA IS X 1,50 M",un,1.000,estoque,equipamento_locado,FC ENGENHARIA E CONSTRUCAO LTDA
MAT-2040,"PAINEL NR18 1,5X1,0 COM DEGRAU",un,1.000,estoque,equipamento_locado,FC ENGENHARIA E CONSTRUCAO LTDA
MAT-2041,"DIAGONA IS X 1,50 M",un,1.000,estoque,equipamento_locado,FC ENGENHARIA E CONSTRUCAO LTDA
MAT-2042,"DIAGONA IS X 1,50 M",un,1.000,estoque,equipamento_locado,FC ENGENHARIA E CONSTRUCAO LTDA
MAT-2043,"DIAGONA IS X 1,50 M",un,1.000,estoque,equipamento_locado,FC ENGENHARIA E CONSTRUCAO LTDA
MAT-2044,SAPATAS AJUSTÁVEIS,un,1.000,estoque,equipamento_locado,FC ENGENHARIA E CONSTRUCAO LTDA
MAT-2045,"PAINEL NR18 1,5X1,0 COM DEGRAU",un,1.000,estoque,equipamento_locado,FC ENGENHARIA E CONSTRUCAO LTDA
MAT-2046,"DIAGONA IS X 1,50 M",un,1.000,estoque,equipamento_locado,FC ENGENHARIA E CONSTRUCAO LTDA
MAT-2047,PONTEIRA MART 06/10 KG,un,1.000,estoque,equipamento_locado,FC ENGENHARIA E CONSTRUCAO LTDA
MAT-2048,"DIAGONA IS X 2,00 FACHADEIRO",un,1.000,estoque,equipamento_locado,FC ENGENHARIA E CONSTRUCAO LTDA
MAT-2049,GUARDA CORPO P/FACHADEIRO,un,1.000,estoque,equipamento_locado,FC ENGENHARIA E CONSTRUCAO LTDA
MAT-2050,"DIAGONA IS X 1,50 M",un,1.000,estoque,equipamento_locado,FC ENGENHARIA E CONSTRUCAO LTDA
MAT-2051,SAPATAS AJUSTÁVEIS,un,1.000,estoque,equipamento_locado,FC ENGENHARIA E CONSTRUCAO LTDA
MAT-2052,SAPATAS AJUSTÁVEIS,un,1.000,estoque,equipamento_locado,FC ENGENHARIA E CONSTRUCAO LTDA
MAT-2053,"DIAGONA IS X 2,00 FACHADEIRO",un,1.000,estoque,equipamento_locado,FC ENGENHARIA E CONSTRUCAO LTDA
MAT-2054,SAPATAS AJUSTÁVEIS,un,1.000,estoque,equipamento_locado,FC ENGENHARIA E CONSTRUCAO LTDA
MAT-2055,"DIAGONA IS X 1,50 M",un,1.000,estoque,equipamento_locado,FC ENGENHARIA E CONSTRUCAO LTDA
MAT-2056,SAPATAS AJUSTÁVEIS,un,1.000,estoque,equipamento_locado,FC ENGENHARIA E CONSTRUCAO LTDA
MAT-2057,"PAINEL NR18 1,5X1,0 COM DEGRAU",un,1.000,estoque,equipamento_locado,FC ENGENHARIA E CONSTRUCAO LTDA
MAT-2058,"PAINEL FACHADEIRO 2,00X2,00",un,1.000,estoque,equipamento_locado,FC ENGENHARIA E CONSTRUCAO LTDA
MAT-2059,"PAINEL FACHADEIRO 2,00X2,00",un,1.000,estoque,equipamento_locado,FC ENGENHARIA E CONSTRUCAO LTDA
MAT-2060,"PRANCHAO 1,40X1,65 FACHADEIRO",un,1.000,estoque,equipamento_locado,FC ENGENHARIA E CONSTRUCAO LTDA
MAT-2061,"DIAGONA IS X 1,50 M",un,1.000,estoque,equipamento_locado,FC ENGENHARIA E CONSTRUCAO LTDA
MAT-2062,"DIAGONA IS X 1,50 M",un,1.000,estoque,equipamento_locado,FC ENGENHARIA E CONSTRUCAO LTDA
MAT-2063,"DIAGONA IS X 2,00 FACHADEIRO",un,1.000,estoque,equipamento_locado,FC ENGENHARIA E CONSTRUCAO LTDA
MAT-2064,"PAINEL NR18 1,5X1,0 COM DEGRAU",un,1.000,estoque,equipamento_locado,FC ENGENHARIA E CONSTRUCAO LTDA
MAT-2065,RODIZIOS BORRACHA GIRATORIOS,un,1.000,estoque,equipamento_locado,FC ENGENHARIA E CONSTRUCAO LTDA
MAT-2066,"PAINEL FACHADEIRO 2,00X2,00",un,1.000,estoque,equipamento_locado,FC ENGENHARIA E CONSTRUCAO LTDA
MAT-2067,"PAINEL NR18 1,5X1,0 COM DEGRAU",un,1.000,estoque,equipamento_locado,FC ENGENHARIA E CONSTRUCAO LTDA
MAT-2068,RODIZIOS BORRACHA GIRATORIOS,un,1.000,estoque,equipamento_locado,FC ENGENHARIA E CONSTRUCAO LTDA
MAT-2069,SAPATA AJUSTAVEL,un,1.000,estoque,equipamento_locado,FC ENGENHARIA E CONSTRUCAO LTDA
MAT-2070,"DIAGONA IS X 1,50 M",un,1.000,estoque,equipamento_locado,FC ENGENHARIA E CONSTRUCAO LTDA
MAT-2071,"PAINEL FACHADEIRO 2,00X2,00 C/ ESCADA",un,1.000,estoque,equipamento_locado,FC ENGENHARIA E CONSTRUCAO LTDA
MAT-2072,"PLATAFORMA P/ ANDAIME 1,00 M",un,1.000,estoque,equipamento_locado,FC ENGENHARIA E CONSTRUCAO LTDA
MAT-2073,SAPATAS AJUSTÁVEIS,un,1.000,estoque,equipamento_locado,FC ENGENHARIA E CONSTRUCAO LTDA
MAT-2074,"PAINEL NR18 1,5X1,0 COM DEGRAU",un,1.000,estoque,equipamento_locado,FC ENGENHARIA E CONSTRUCAO LTDA
MAT-2075,"DIAGONA IS X 1,50 M",un,1.000,estoque,equipamento_locado,FC ENGENHARIA E CONSTRUCAO LTDA
MAT-2076,"DIAGONA IS X 2,00 FACHADEIRO",un,1.000,estoque,equipamento_locado,FC ENGENHARIA E CONSTRUCAO LTDA
MAT-2077,"DIAGONA IS X 1,50 M",un,1.000,estoque,equipamento_locado,FC ENGENHARIA E CONSTRUCAO LTDA
MAT-2078,SAPATAS AJUSTÁVEIS,un,1.000,estoque,equipamento_locado,FC ENGENHARIA E CONSTRUCAO LTDA
MAT-2079,SAPATAS AJUSTÁVEIS,un,1.000,estoque,equipamento_locado,FC ENGENHARIA E CONSTRUCAO LTDA
MAT-2080,"DIAGONA IS X 1,50 M",un,1.000,estoque,equipamento_locado,FC ENGENHARIA E CONSTRUCAO LTDA
MAT-2081,"PAINEL NR18 1,5X1,0 COM DEGRAU",un,1.000,estoque,equipamento_locado,FC ENGENHARIA E CONSTRUCAO LTDA
MAT-2082,SAPATAS AJUSTÁVEIS,un,1.000,estoque,equipamento_locado,FC ENGENHARIA E CONSTRUCAO LTDA
MAT-2083,"DIAGONA IS X 1,50 M",un,1.000,estoque,equipamento_locado,FC ENGENHARIA E CONSTRUCAO LTDA
MAT-2084,SAPATAS AJUSTÁVEIS,un,1.000,estoque,equipamento_locado,FC ENGENHARIA E CONSTRUCAO LTDA
MAT-2085,"DIAGONA IS X 1,50 M",un,1.000,estoque,equipamento_locado,FC ENGENHARIA E CONSTRUCAO LTDA
MAT-2086,"PAINEL NR18 1,5X1,0 COM DEGRAU",un,1.000,estoque,equipamento_locado,FC ENGENHARIA E CONSTRUCAO LTDA
MAT-2087,SAPATAS AJUSTÁVEIS,un,1.000,estoque,equipamento_locado,FC ENGENHARIA E CONSTRUCAO LTDA
MAT-2088,SAPATAS AJUSTÁVEIS,un,1.000,estoque,equipamento_locado,FC ENGENHARIA E CONSTRUCAO LTDA
MAT-2089,"DIAGONA IS X 1,50 M",un,1.000,estoque,equipamento_locado,FC ENGENHARIA E CONSTRUCAO LTDA
MAT-2090,"PRANCHAO METALICO 1,50M X 0,37M",un,1.000,estoque,equipamento_locado,FC ENGENHARIA E CONSTRUCAO LTDA
MAT-2091,"PRANCHAO METALICO 1,50M X 0,37M",un,1.000,estoque,equipamento_locado,FC ENGENHARIA E CONSTRUCAO LTDA
MAT-2092,"PRANCHAO METALICO 1,50M X 0,37M",un,1.000,estoque,equipamento_locado,FC ENGENHARIA E CONSTRUCAO LTDA
MAT-2093,SAPATAS AJUSTÁVEIS,un,1.000,estoque,equipamento_locado,FC ENGENHARIA E CONSTRUCAO LTDA
MAT-2094,"PAINEL NR18 1,5X1,0 COM DEGRAU",un,1.000,estoque,equipamento_locado,FC ENGENHARIA E CONSTRUCAO LTDA
MAT-2095,SAPATAS AJUSTÁVEIS,un,1.000,estoque,equipamento_locado,FC ENGENHARIA E CONSTRUCAO LTDA
MAT-2096,"PAINEL NR18 1,5X1,0 COM DEGRAU",un,1.000,estoque,equipamento_locado,FC ENGENHARIA E CONSTRUCAO LTDA
MAT-2097,"DIAGONA IS X 1,50 M",un,1.000,estoque,equipamento_locado,FC ENGENHARIA E CONSTRUCAO LTDA
MAT-2098,"DIAGONA IS X 1,50 M",un,1.000,estoque,equipamento_locado,FC ENGENHARIA E CONSTRUCAO LTDA
MAT-2099,"DIAGONA IS X 1,50 M",un,1.000,estoque,equipamento_locado,FC ENGENHARIA E CONSTRUCAO LTDA
MAT-2100,"DIAGONA IS X 1,50 M",un,1.000,estoque,equipamento_locado,FC ENGENHARIA E CONSTRUCAO LTDA
MAT-2101,"DIAGONA IS X 1,50 M",un,1.000,estoque,equipamento_locado,FC ENGENHARIA E CONSTRUCAO LTDA
MAT-2102,"DIAGONA IS X 1,50 M",un,1.000,estoque,equipamento_locado,FC ENGENHARIA E CONSTRUCAO LTDA
MAT-2103,SAPATAS AJUSTÁVEIS,un,1.000,estoque,equipamento_locado,FC ENGENHARIA E CONSTRUCAO LTDA
MAT-2104,"DIAGONA IS X 1,50 M",un,1.000,estoque,equipamento_locado,FC ENGENHARIA E CONSTRUCAO LTDA
MAT-2105,SAPATAS AJUSTÁVEIS,un,1.000,estoque,equipamento_locado,FC ENGENHARIA E CONSTRUCAO LTDA
MAT-2106,"DIAGONA IS X 1,50 M",un,1.000,estoque,equipamento_locado,FC ENGENHARIA E CONSTRUCAO LTDA
MAT-2107,"DIAGONA IS X 1,50 M",un,1.000,estoque,equipamento_locado,FC ENGENHARIA E CONSTRUCAO LTDA
MAT-2108,"DIAGONA IS X 1,50 M",un,1.000,estoque,equipamento_locado,FC ENGENHARIA E CONSTRUCAO LTDA
MAT-2109,SAPATAS AJUSTÁVEIS,un,1.000,estoque,equipamento_locado,FC ENGENHARIA E CONSTRUCAO LTDA
MAT-2110,"DIAGONA IS X 1,50 M",un,1.000,estoque,equipamento_locado,FC ENGENHARIA E CONSTRUCAO LTDA
MAT-2111,"PRANCHAO METALICO 1,50M X 0,37M",un,1.000,estoque,equipamento_locado,FC ENGENHARIA E CONSTRUCAO LTDA
MAT-2112,SAPATAS AJUSTÁVEIS,un,1.000,estoque,equipamento_locado,FC ENGENHARIA E CONSTRUCAO LTDA
MAT-2113,"DIAGONA IS X 2,00 FACHADEIRO",un,1.000,estoque,equipamento_locado,FC ENGENHARIA E CONSTRUCAO LTDA
MAT-2114,RODAPE P/FACHADEIRO,un,1.000,estoque,equipamento_locado,FC ENGENHARIA E CONSTRUCAO LTDA
MAT-2115,"PAINEL NR18 1,5X1,0 COM DEGRAU",un,1.000,estoque,equipamento_locado,FC ENGENHARIA E CONSTRUCAO LTDA
MAT-2116,SAPATAS AJUSTÁVEIS,un,1.000,estoque,equipamento_locado,FC ENGENHARIA E CONSTRUCAO LTDA
MAT-2117,"DIAGONA IS X 1,50 M",un,1.000,estoque,equipamento_locado,FC ENGENHARIA E CONSTRUCAO LTDA
MAT-2118,"DIAGONA IS X 1,50 M",un,1.000,estoque,equipamento_locado,FC ENGENHARIA E CONSTRUCAO LTDA
MAT-2119,"DIAGONA IS X 1,50 M",un,1.000,estoque,equipamento_locado,FC ENGENHARIA E CONSTRUCAO LTDA
MAT-2120,"PAINEL NR18 1,5X1,0 COM DEGRAU",un,1.000,estoque,equipamento_locado,FC ENGENHARIA E CONSTRUCAO LTDA
MAT-2121,"PLATAFORMA P/ ANDAIME 1,00 M",un,1.000,estoque,equipamento_locado,FC ENGENHARIA E CONSTRUCAO LTDA
MAT-2122,"DIAGONA IS X 1,50 M",un,1.000,estoque,equipamento_locado,FC ENGENHARIA E CONSTRUCAO LTDA
MAT-2123,"DIAGONA IS X 1,50 M",un,1.000,estoque,equipamento_locado,FC ENGENHARIA E CONSTRUCAO LTDA
MAT-2124,"DIAGONA IS X 1,50 M",un,1.000,estoque,equipamento_locado,FC ENGENHARIA E CONSTRUCAO LTDA
MAT-2125,"PRANCHAO 1,40X1,65 FACHADEIRO",un,1.000,estoque,equipamento_locado,FC ENGENHARIA E CONSTRUCAO LTDA
MAT-2126,"DIAGONA IS X 1,50 M",un,1.000,estoque,equipamento_locado,FC ENGENHARIA E CONSTRUCAO LTDA
MAT-2127,SAPATAS AJUSTÁVEIS,un,1.000,estoque,equipamento_locado,FC ENGENHARIA E CONSTRUCAO LTDA
MAT-2128,VIGA PARA 3 MTS P/ BALANCINHO,un,1.000,estoque,equipamento_locado,FC ENGENHARIA E CONSTRUCAO LTDA
MAT-2129,"PAINEL NR18 1,5X1,0 COM DEGRAU",un,1.000,estoque,equipamento_locado,FC ENGENHARIA E CONSTRUCAO LTDA
MAT-2130,"DIAGONA IS 2,12",un,1.000,estoque,equipamento_locado,FC ENGENHARIA E CONSTRUCAO LTDA
MAT-2131,"DIAGONA IS X 2,00 FACHADEIRO",un,1.000,estoque,equipamento_locado,FC ENGENHARIA E CONSTRUCAO LTDA
MAT-2132,"PAINEL NR18 1,5X1,0 COM DEGRAU",un,1.000,estoque,equipamento_locado,FC ENGENHARIA E CONSTRUCAO LTDA
MAT-2133,"DIAGONA IS X 1,50 M",un,1.000,estoque,equipamento_locado,FC ENGENHARIA E CONSTRUCAO LTDA
MAT-2134,"DIAGONA IS X 1,50 M",un,1.000,estoque,equipamento_locado,FC ENGENHARIA E CONSTRUCAO LTDA
MAT-2135,"PRANCHAO METALICO 1,50M X 0,37M",un,1.000,estoque,equipamento_locado,FC ENGENHARIA E CONSTRUCAO LTDA
MAT-2136,GUARDA CORPO P/FACHADEIRO,un,1.000,estoque,equipamento_locado,FC ENGENHARIA E CONSTRUCAO LTDA
MAT-2137,"DIAGONA IS X 1,50 M",un,1.000,estoque,equipamento_locado,FC ENGENHARIA E CONSTRUCAO LTDA
MAT-2138,"DIAGONA IS X 1,50 M",un,1.000,estoque,equipamento_locado,FC ENGENHARIA E CONSTRUCAO LTDA
MAT-2139,SAPATAS AJUSTÁVEIS,un,1.000,estoque,equipamento_locado,FC ENGENHARIA E CONSTRUCAO LTDA
MAT-2140,SAPATAS AJUSTÁVEIS,un,1.000,estoque,equipamento_locado,FC ENGENHARIA E CONSTRUCAO LTDA
MAT-2141,SAPATAS AJUSTÁVEIS,un,1.000,estoque,equipamento_locado,FC ENGENHARIA E CONSTRUCAO LTDA
MAT-2142,"PAINEL NR18 1,5X1,0 COM DEGRAU",un,1.000,estoque,equipamento_locado,FC ENGENHARIA E CONSTRUCAO LTDA
MAT-2143,"DIAGONA IS X 2,00 FACHADEIRO",un,1.000,estoque,equipamento_locado,FC ENGENHARIA E CONSTRUCAO LTDA
MAT-2144,"DIAGONA IS X 1,50 M",un,1.000,estoque,equipamento_locado,FC ENGENHARIA E CONSTRUCAO LTDA
MAT-2145,"PRANCHAO METALICO 1,50M X 0,37M",un,1.000,estoque,equipamento_locado,FC ENGENHARIA E CONSTRUCAO LTDA
MAT-2146,"PAINEL FACHADEIRO 2,00X2,00",un,1.000,estoque,equipamento_locado,FC ENGENHARIA E CONSTRUCAO LTDA
MAT-2147,"DIAGONA IS X 1,50 M",un,1.000,estoque,equipamento_locado,FC ENGENHARIA E CONSTRUCAO LTDA
MAT-2148,"PAINEL NR18 1,5X1,0 COM DEGRAU",un,1.000,estoque,equipamento_locado,FC ENGENHARIA E CONSTRUCAO LTDA
MAT-2149,"DIAGONA IS X 1,50 M",un,1.000,estoque,equipamento_locado,FC ENGENHARIA E CONSTRUCAO LTDA
MAT-2150,GUARDA CORPO P/FACHADEIRO,un,1.000,estoque,equipamento_locado,FC ENGENHARIA E CONSTRUCAO LTDA
MAT-2151,"DIAGONA IS X 1,00 M",un,1.000,estoque,equipamento_locado,FC ENGENHARIA E CONSTRUCAO LTDA
MAT-2152,"DIAGONA IS X 2,00 FACHADEIRO",un,1.000,estoque,equipamento_locado,FC ENGENHARIA E CONSTRUCAO LTDA
MAT-2153,"DIAGONA IS X 1,50 M",un,1.000,estoque,equipamento_locado,FC ENGENHARIA E CONSTRUCAO LTDA
MAT-2154,"DIAGONA IS X 1,50 M",un,1.000,estoque,equipamento_locado,FC ENGENHARIA E CONSTRUCAO LTDA
MAT-2155,"PAINEL NR18 1,5X1,0 COM DEGRAU",un,1.000,estoque,equipamento_locado,FC ENGENHARIA E CONSTRUCAO LTDA
MAT-2156,RODAPE P/FACHADEIRO,un,1.000,estoque,equipamento_locado,FC ENGENHARIA E CONSTRUCAO LTDA
MAT-2157,"PAINEL NR18 1,5X1,0 COM DEGRAU",un,1.000,estoque,equipamento_locado,FC ENGENHARIA E CONSTRUCAO LTDA
MAT-2158,SAPATAS AJUSTÁVEIS,un,1.000,estoque,equipamento_locado,FC ENGENHARIA E CONSTRUCAO LTDA
MAT-2159,"PAINEL NR18 1,5X1,0 COM DEGRAU",un,1.000,estoque,equipamento_locado,FC ENGENHARIA E CONSTRUCAO LTDA
MAT-2160,"DIAGONA IS X 1,50 M",un,1.000,estoque,equipamento_locado,FC ENGENHARIA E CONSTRUCAO LTDA
MAT-2161,"PAINEL NR18 1,5X1,0 COM DEGRAU",un,1.000,estoque,equipamento_locado,FC ENGENHARIA E CONSTRUCAO LTDA
MAT-2162,"DIAGONA IS X 1,50 M",un,1.000,estoque,equipamento_locado,FC ENGENHARIA E CONSTRUCAO LTDA
MAT-2163,"PRANCHAO 1,40X1,65 FACHADEIRO",un,1.000,estoque,equipamento_locado,FC ENGENHARIA E CONSTRUCAO LTDA
MAT-2164,"DIAGONA IS X 1,00 M",un,1.000,estoque,equipamento_locado,FC ENGENHARIA E CONSTRUCAO LTDA
MAT-2165,"DIAGONA IS X 2,00 FACHADEIRO",un,1.000,estoque,equipamento_locado,FC ENGENHARIA E CONSTRUCAO LTDA
MAT-2166,"PRANCHAO METALICO 1,50M X 0,37M",un,1.000,estoque,equipamento_locado,FC ENGENHARIA E CONSTRUCAO LTDA
MAT-2167,"DIAGONA IS X 1,50 M",un,1.000,estoque,equipamento_locado,FC ENGENHARIA E CONSTRUCAO LTDA
MAT-2168,GUINCHO COLUNA - 000 A 200KG,un,1.000,estoque,equipamento_locado,FC ENGENHARIA E CONSTRUCAO LTDA
MAT-2169,"DIAGONA IS X 2,00 FACHADEIRO",un,1.000,estoque,equipamento_locado,FC ENGENHARIA E CONSTRUCAO LTDA
MAT-2170,"DIAGONA IS X 1,00 M",un,1.000,estoque,equipamento_locado,FC ENGENHARIA E CONSTRUCAO LTDA
MAT-2171,"DIAGONA IS X 1,50 M",un,1.000,estoque,equipamento_locado,FC ENGENHARIA E CONSTRUCAO LTDA
MAT-2172,"DIAGONA IS X 1,50 M",un,1.000,estoque,equipamento_locado,FC ENGENHARIA E CONSTRUCAO LTDA
MAT-2173,"PRANCHAO METALICO 1,50M X 0,37M",un,1.000,estoque,equipamento_locado,FC ENGENHARIA E CONSTRUCAO LTDA
MAT-2174,"DIAGONA IS X 1,50 M",un,1.000,estoque,equipamento_locado,FC ENGENHARIA E CONSTRUCAO LTDA
MAT-2175,"PAINEL NR18 1,5X1,0 COM DEGRAU",un,1.000,estoque,equipamento_locado,FC ENGENHARIA E CONSTRUCAO LTDA
MAT-2176,SAPATAS AJUSTÁVEIS,un,1.000,estoque,equipamento_locado,FC ENGENHARIA E CONSTRUCAO LTDA
MAT-2177,"DIAGONA IS X 1,50 M",un,1.000,estoque,equipamento_locado,FC ENGENHARIA E CONSTRUCAO LTDA
MAT-2178,"DIAGONA IS X 1,50 M",un,1.000,estoque,equipamento_locado,FC ENGENHARIA E CONSTRUCAO LTDA
MAT-2179,"PAINEL NR18 1,5X1,0 COM DEGRAU",un,1.000,estoque,equipamento_locado,FC ENGENHARIA E CONSTRUCAO LTDA
MAT-2180,"PAINEL NR18 1,5X1,0 COM DEGRAU",un,1.000,estoque,equipamento_locado,FC ENGENHARIA E CONSTRUCAO LTDA
MAT-2181,SAPATAS AJUSTÁVEIS,un,1.000,estoque,equipamento_locado,FC ENGENHARIA E CONSTRUCAO LTDA
MAT-2182,"PAINEL NR18 1,5X1,0 COM DEGRAU",un,1.000,estoque,equipamento_locado,FC ENGENHARIA E CONSTRUCAO LTDA
MAT-2183,"DIAGONA IS X 1,50 M",un,1.000,estoque,equipamento_locado,FC ENGENHARIA E CONSTRUCAO LTDA
MAT-2184,"PRANCHAO 1,40X1,65 FACHADEIRO",un,1.000,estoque,equipamento_locado,FC ENGENHARIA E CONSTRUCAO LTDA
MAT-2185,SAPATAS AJUSTÁVEIS,un,1.000,estoque,equipamento_locado,FC ENGENHARIA E CONSTRUCAO LTDA
MAT-2186,"DIAGONA IS X 1,50 M",un,1.000,estoque,equipamento_locado,FC ENGENHARIA E CONSTRUCAO LTDA
MAT-2187,SAPATAS AJUSTÁVEIS,un,1.000,estoque,equipamento_locado,FC ENGENHARIA E CONSTRUCAO LTDA
MAT-2188,"PAINEL NR18 1,5X1,0 COM DEGRAU",un,1.000,estoque,equipamento_locado,FC ENGENHARIA E CONSTRUCAO LTDA
MAT-2189,"DIAGONA IS X 1,50 M",un,1.000,estoque,equipamento_locado,FC ENGENHARIA E CONSTRUCAO LTDA
MAT-2190,SAPATAS AJUSTÁVEIS,un,1.000,estoque,equipamento_locado,FC ENGENHARIA E CONSTRUCAO LTDA
MAT-2191,"DIAGONA IS X 1,50 M",un,1.000,estoque,equipamento_locado,FC ENGENHARIA E CONSTRUCAO LTDA
MAT-2192,"DIAGONA IS X 2,00 FACHADEIRO",un,1.000,estoque,equipamento_locado,FC ENGENHARIA E CONSTRUCAO LTDA
MAT-2193,"DIAGONA IS X 1,50 M",un,1.000,estoque,equipamento_locado,FC ENGENHARIA E CONSTRUCAO LTDA
MAT-2194,SAPATAS AJUSTÁVEIS,un,1.000,estoque,equipamento_locado,FC ENGENHARIA E CONSTRUCAO LTDA
MAT-2195,SAPATAS AJUSTÁVEIS,un,1.000,estoque,equipamento_locado,FC ENGENHARIA E CONSTRUCAO LTDA
MAT-2196,"PRANCHAO METALICO 1,50M X 0,37M",un,1.000,estoque,equipamento_locado,FC ENGENHARIA E CONSTRUCAO LTDA
MAT-2197,"DIAGONA IS X 1,50 M",un,1.000,estoque,equipamento_locado,FC ENGENHARIA E CONSTRUCAO LTDA
MAT-2198,"DIAGONA IS X 1,50 M",un,1.000,estoque,equipamento_locado,FC ENGENHARIA E CONSTRUCAO LTDA
MAT-2199,"PRANCHAO METALICO 1,50M X 0,37M",un,1.000,estoque,equipamento_locado,FC ENGENHARIA E CONSTRUCAO LTDA
MAT-2200,SAPATAS AJUSTÁVEIS,un,1.000,estoque,equipamento_locado,FC ENGENHARIA E CONSTRUCAO LTDA
MAT-2201,"DIAGONA IS X 1,50 M",un,1.000,estoque,equipamento_locado,FC ENGENHARIA E CONSTRUCAO LTDA
MAT-2202,"PRANCHAO METALICO 1,50M X 0,37M",un,1.000,estoque,equipamento_locado,FC ENGENHARIA E CONSTRUCAO LTDA
MAT-2203,"DIAGONA IS X 2,00 FACHADEIRO",un,1.000,estoque,equipamento_locado,FC ENGENHARIA E CONSTRUCAO LTDA
MAT-2204,"PAINEL NR18 1,5X1,0 COM DEGRAU",un,1.000,estoque,equipamento_locado,FC ENGENHARIA E CONSTRUCAO LTDA
MAT-2205,"DIAGONA IS X 1,50 M",un,1.000,estoque,equipamento_locado,FC ENGENHARIA E CONSTRUCAO LTDA
MAT-2206,"DIAGONA IS X 1,50 M",un,1.000,estoque,equipamento_locado,FC ENGENHARIA E CONSTRUCAO LTDA
MAT-2207,"PRANCHAO METALICO 1,50M X 0,37M",un,1.000,estoque,equipamento_locado,FC ENGENHARIA E CONSTRUCAO LTDA
MAT-2208,"DIAGONA IS X 1,50 M",un,1.000,estoque,equipamento_locado,FC ENGENHARIA E CONSTRUCAO LTDA
MAT-2209,"DIAGONA IS X 1,50 M",un,1.000,estoque,equipamento_locado,FC ENGENHARIA E CONSTRUCAO LTDA
MAT-2210,"DIAGONA IS X 1,50 M",un,1.000,estoque,equipamento_locado,FC ENGENHARIA E CONSTRUCAO LTDA
MAT-2211,SAPATA AJUSTAVEL,un,1.000,estoque,equipamento_locado,FC ENGENHARIA E CONSTRUCAO LTDA
MAT-2212,"PAINEL NR18 1,5X1,0 COM DEGRAU",un,1.000,estoque,equipamento_locado,FC ENGENHARIA E CONSTRUCAO LTDA
MAT-2213,RODIZIOS BORRACHA GIRATORIOS,un,1.000,estoque,equipamento_locado,FC ENGENHARIA E CONSTRUCAO LTDA
MAT-2214,SAPATAS AJUSTÁVEIS,un,1.000,estoque,equipamento_locado,FC ENGENHARIA E CONSTRUCAO LTDA
MAT-2215,"DIAGONA IS X 1,50 M",un,1.000,estoque,equipamento_locado,FC ENGENHARIA E CONSTRUCAO LTDA
MAT-2216,"DIAGONA IS X 1,50 M",un,1.000,estoque,equipamento_locado,FC ENGENHARIA E CONSTRUCAO LTDA
MAT-2217,"DIAGONA IS X 1,50 M",un,1.000,estoque,equipamento_locado,FC ENGENHARIA E CONSTRUCAO LTDA
MAT-2218,SAPATAS AJUSTÁVEIS,un,1.000,estoque,equipamento_locado,FC ENGENHARIA E CONSTRUCAO LTDA
MAT-2219,SAPATAS AJUSTÁVEIS,un,1.000,estoque,equipamento_locado,FC ENGENHARIA E CONSTRUCAO LTDA
MAT-2220,GUARDA CORPO P/FACHADEIRO,un,1.000,estoque,equipamento_locado,FC ENGENHARIA E CONSTRUCAO LTDA
MAT-2221,"ANDAIME TUBULAR 1,00 X 1,00 M",un,1.000,estoque,equipamento_locado,FC ENGENHARIA E CONSTRUCAO LTDA
MAT-2222,"PAINEL NR18 1,5X1,0 COM DEGRAU",un,1.000,estoque,equipamento_locado,FC ENGENHARIA E CONSTRUCAO LTDA
MAT-2223,"PAINEL NR18 1,5X1,0 COM DEGRAU",un,1.000,estoque,equipamento_locado,FC ENGENHARIA E CONSTRUCAO LTDA
MAT-2224,"PAINEL FACHADEIRO 2,00X2,00",un,1.000,estoque,equipamento_locado,FC ENGENHARIA E CONSTRUCAO LTDA
MAT-2225,"DIAGONA IS X 1,50 M",un,1.000,estoque,equipamento_locado,FC ENGENHARIA E CONSTRUCAO LTDA
MAT-2226,"PRANCHAO METALICO 1,50M X 0,37M",un,1.000,estoque,equipamento_locado,FC ENGENHARIA E CONSTRUCAO LTDA
MAT-2227,"DIAGONA IS X 1,50 M",un,1.000,estoque,equipamento_locado,FC ENGENHARIA E CONSTRUCAO LTDA
MAT-2228,"PAINEL NR18 1,5X1,0 COM DEGRAU",un,1.000,estoque,equipamento_locado,FC ENGENHARIA E CONSTRUCAO LTDA
MAT-2229,SAPATAS AJUSTÁVEIS,un,1.000,estoque,equipamento_locado,FC ENGENHARIA E CONSTRUCAO LTDA
MAT-2230,"DIAGONA IS X 1,50 M",un,1.000,estoque,equipamento_locado,FC ENGENHARIA E CONSTRUCAO LTDA
MAT-2231,"DIAGONA IS X 1,50 M",un,1.000,estoque,equipamento_locado,FC ENGENHARIA E CONSTRUCAO LTDA
MAT-2232,"PRANCHAO 1,40X1,65 FACHADEIRO",un,1.000,estoque,equipamento_locado,FC ENGENHARIA E CONSTRUCAO LTDA
MAT-2233,"PAINEL FACHADEIRO 2,00X2,00 C/ ESCADA",un,1.000,estoque,equipamento_locado,FC ENGENHARIA E CONSTRUCAO LTDA
MAT-2234,GUARDA CORPO P/FACHADEIRO,un,1.000,estoque,equipamento_locado,FC ENGENHARIA E CONSTRUCAO LTDA
MAT-2235,"DIAGONA IS X 2,00 FACHADEIRO",un,1.000,estoque,equipamento_locado,FC ENGENHARIA E CONSTRUCAO LTDA
MAT-2236,"DIAGONA IS X 1,50 M",un,1.000,estoque,equipamento_locado,FC ENGENHARIA E CONSTRUCAO LTDA
MAT-2237,"DIAGONA IS X 1,50 M",un,1.000,estoque,equipamento_locado,FC ENGENHARIA E CONSTRUCAO LTDA
MAT-2238,"PRANCHAO METALICO 1,50M X 0,37M",un,1.000,estoque,equipamento_locado,FC ENGENHARIA E CONSTRUCAO LTDA
MAT-2239,SAPATAS AJUSTÁVEIS,un,1.000,estoque,equipamento_locado,FC ENGENHARIA E CONSTRUCAO LTDA
MAT-2240,SAPATAS AJUSTÁVEIS,un,1.000,estoque,equipamento_locado,FC ENGENHARIA E CONSTRUCAO LTDA
MAT-2241,RODIZIOS BORRACHA GIRATORIOS,un,1.000,estoque,equipamento_locado,FC ENGENHARIA E CONSTRUCAO LTDA
MAT-2242,"DIAGONA IS X 1,50 M",un,1.000,estoque,equipamento_locado,FC ENGENHARIA E CONSTRUCAO LTDA
MAT-2243,"DIAGONA IS X 1,50 M",un,1.000,estoque,equipamento_locado,FC ENGENHARIA E CONSTRUCAO LTDA
MAT-2244,"DIAGONA IS X 1,50 M",un,1.000,estoque,equipamento_locado,FC ENGENHARIA E CONSTRUCAO LTDA
MAT-2245,SAPATAS AJUSTÁVEIS,un,1.000,estoque,equipamento_locado,FC ENGENHARIA E CONSTRUCAO LTDA
MAT-2246,"DIAGONA IS X 1,50 M",un,1.000,estoque,equipamento_locado,FC ENGENHARIA E CONSTRUCAO LTDA
MAT-2247,"DIAGONA IS X 1,50 M",un,1.000,estoque,equipamento_locado,FC ENGENHARIA E CONSTRUCAO LTDA
MAT-2248,SAPATA AJUSTAVEL,un,1.000,estoque,equipamento_locado,FC ENGENHARIA E CONSTRUCAO LTDA
MAT-2249,SAPATAS AJUSTÁVEIS,un,1.000,estoque,equipamento_locado,FC ENGENHARIA E CONSTRUCAO LTDA
MAT-2250,"DIAGONA IS X 1,50 M",un,1.000,estoque,equipamento_locado,FC ENGENHARIA E CONSTRUCAO LTDA
MAT-2251,"PAINEL NR18 1,5X1,0 COM DEGRAU",un,1.000,estoque,equipamento_locado,FC ENGENHARIA E CONSTRUCAO LTDA
MAT-2252,"DIAGONA IS X 1,50 M",un,1.000,estoque,equipamento_locado,FC ENGENHARIA E CONSTRUCAO LTDA
MAT-2253,"PAINEL NR18 1,5X1,0 COM DEGRAU",un,1.000,estoque,equipamento_locado,FC ENGENHARIA E CONSTRUCAO LTDA
MAT-2254,"DIAGONA IS X 1,50 M",un,1.000,estoque,equipamento_locado,FC ENGENHARIA E CONSTRUCAO LTDA
MAT-2255,"DIAGONA IS X 1,50 M",un,1.000,estoque,equipamento_locado,FC ENGENHARIA E CONSTRUCAO LTDA
MAT-2256,GUARDA CORPO P/FACHADEIRO,un,1.000,estoque,equipamento_locado,FC ENGENHARIA E CONSTRUCAO LTDA
MAT-2257,SAPATAS AJUSTÁVEIS,un,1.000,estoque,equipamento_locado,FC ENGENHARIA E CONSTRUCAO LTDA
MAT-2258,"DIAGONA IS X 1,50 M",un,1.000,estoque,equipamento_locado,FC ENGENHARIA E CONSTRUCAO LTDA
MAT-2259,"DIAGONA IS X 1,50 M",un,1.000,estoque,equipamento_locado,FC ENGENHARIA E CONSTRUCAO LTDA
MAT-2260,"DIAGONA IS X 1,00 M",un,1.000,estoque,equipamento_locado,FC ENGENHARIA E CONSTRUCAO LTDA
MAT-2261,"DIAGONA IS X 1,50 M",un,1.000,estoque,equipamento_locado,FC ENGENHARIA E CONSTRUCAO LTDA
MAT-2262,"DIAGONA IS X 1,50 M",un,1.000,estoque,equipamento_locado,FC ENGENHARIA E CONSTRUCAO LTDA
MAT-2263,"PRANCHAO METALICO 1,50M X 0,37M",un,1.000,estoque,equipamento_locado,FC ENGENHARIA E CONSTRUCAO LTDA
MAT-2264,SAPATAS AJUSTÁVEIS,un,1.000,estoque,equipamento_locado,FC ENGENHARIA E CONSTRUCAO LTDA
MAT-2265,GUARDA CORPO P/FACHADEIRO,un,1.000,estoque,equipamento_locado,FC ENGENHARIA E CONSTRUCAO LTDA
MAT-2266,"DIAGONA IS X 2,00 FACHADEIRO",un,1.000,estoque,equipamento_locado,FC ENGENHARIA E CONSTRUCAO LTDA
MAT-2267,SAPATAS AJUSTÁVEIS,un,1.000,estoque,equipamento_locado,FC ENGENHARIA E CONSTRUCAO LTDA
MAT-2268,"DIAGONA IS X 1,50 M",un,1.000,estoque,equipamento_locado,FC ENGENHARIA E CONSTRUCAO LTDA
MAT-2269,"DIAGONA IS X 1,50 M",un,1.000,estoque,equipamento_locado,FC ENGENHARIA E CONSTRUCAO LTDA
MAT-2270,"PRANCHAO METALICO 1,50M X 0,37M",un,1.000,estoque,equipamento_locado,FC ENGENHARIA E CONSTRUCAO LTDA
MAT-2271,"DIAGONA IS X 1,50 M",un,1.000,estoque,equipamento_locado,FC ENGENHARIA E CONSTRUCAO LTDA
MAT-2272,"PRANCHAO METALICO 1,50M X 0,37M",un,1.000,estoque,equipamento_locado,FC ENGENHARIA E CONSTRUCAO LTDA
MAT-2273,"PAINEL NR18 1,5X1,0 COM DEGRAU",un,1.000,estoque,equipamento_locado,FC ENGENHARIA E CONSTRUCAO LTDA
MAT-2274,"DIAGONA IS X 1,50 M",un,1.000,estoque,equipamento_locado,FC ENGENHARIA E CONSTRUCAO LTDA
MAT-2275,"PRANCHAO METALICO 1,50M X 0,37M",un,1.000,estoque,equipamento_locado,FC ENGENHARIA E CONSTRUCAO LTDA
MAT-2276,"DIAGONA IS X 1,00 M",un,1.000,estoque,equipamento_locado,FC ENGENHARIA E CONSTRUCAO LTDA
MAT-2277,"DIAGONA IS X 1,50 M",un,1.000,estoque,equipamento_locado,FC ENGENHARIA E CONSTRUCAO LTDA
MAT-2278,"PAINEL NR18 1,5X1,0 COM DEGRAU",un,1.000,estoque,equipamento_locado,FC ENGENHARIA E CONSTRUCAO LTDA
MAT-2279,SAPATA AJUSTAVEL,un,1.000,estoque,equipamento_locado,FC ENGENHARIA E CONSTRUCAO LTDA
MAT-2280,SAPATAS AJUSTÁVEIS,un,1.000,estoque,equipamento_locado,FC ENGENHARIA E CONSTRUCAO LTDA
MAT-2281,"DIAGONA IS X 1,50 M",un,1.000,estoque,equipamento_locado,FC ENGENHARIA E CONSTRUCAO LTDA
MAT-2282,SAPATAS AJUSTÁVEIS,un,1.000,estoque,equipamento_locado,FC ENGENHARIA E CONSTRUCAO LTDA
MAT-2283,"PRANCHAO METALICO 1,50M X 0,37M",un,1.000,estoque,equipamento_locado,FC ENGENHARIA E CONSTRUCAO LTDA
MAT-2284,"DIAGONA IS X 1,50 M",un,1.000,estoque,equipamento_locado,FC ENGENHARIA E CONSTRUCAO LTDA
MAT-2285,"DIAGONA IS X 2,00 FACHADEIRO",un,1.000,estoque,equipamento_locado,FC ENGENHARIA E CONSTRUCAO LTDA
MAT-2286,"PRANCHAO 1,40X1,65 FACHADEIRO",un,1.000,estoque,equipamento_locado,FC ENGENHARIA E CONSTRUCAO LTDA
MAT-2287,"DIAGONA IS X 1,00 M",un,1.000,estoque,equipamento_locado,FC ENGENHARIA E CONSTRUCAO LTDA
MAT-2288,RODIZIOS BORRACHA GIRATORIOS,un,1.000,estoque,equipamento_locado,FC ENGENHARIA E CONSTRUCAO LTDA
MAT-2289,"DIAGONA IS X 1,50 M",un,1.000,estoque,equipamento_locado,FC ENGENHARIA E CONSTRUCAO LTDA
MAT-2290,"DIAGONA IS X 1,50 M",un,1.000,estoque,equipamento_locado,FC ENGENHARIA E CONSTRUCAO LTDA
MAT-2291,"DIAGONA IS X 1,50 M",un,1.000,estoque,equipamento_locado,FC ENGENHARIA E CONSTRUCAO LTDA
MAT-2292,"DIAGONA IS X 1,50 M",un,1.000,estoque,equipamento_locado,FC ENGENHARIA E CONSTRUCAO LTDA
MAT-2293,"DIAGONA IS X 1,50 M",un,1.000,estoque,equipamento_locado,FC ENGENHARIA E CONSTRUCAO LTDA
MAT-2294,SAPATAS AJUSTÁVEIS,un,1.000,estoque,equipamento_locado,FC ENGENHARIA E CONSTRUCAO LTDA
MAT-2295,"DIAGONA IS X 2,00 FACHADEIRO",un,1.000,estoque,equipamento_locado,FC ENGENHARIA E CONSTRUCAO LTDA
MAT-2296,"DIAGONA IS X 2,00 FACHADEIRO",un,1.000,estoque,equipamento_locado,FC ENGENHARIA E CONSTRUCAO LTDA
MAT-2297,"DIAGONA IS X 1,50 M",un,1.000,estoque,equipamento_locado,FC ENGENHARIA E CONSTRUCAO LTDA
MAT-2298,"DIAGONA IS X 1,50 M",un,1.000,estoque,equipamento_locado,FC ENGENHARIA E CONSTRUCAO LTDA
MAT-2299,"PAINEL NR18 1,5X1,0 COM DEGRAU",un,1.000,estoque,equipamento_locado,FC ENGENHARIA E CONSTRUCAO LTDA
MAT-2300,"PRANCHAO METALICO 1,50M X 0,37M",un,1.000,estoque,equipamento_locado,FC ENGENHARIA E CONSTRUCAO LTDA
MAT-2301,SAPATAS AJUSTÁVEIS,un,1.000,estoque,equipamento_locado,FC ENGENHARIA E CONSTRUCAO LTDA
MAT-2302,"PAINEL FACHADEIRO 2,00X2,00",un,1.000,estoque,equipamento_locado,FC ENGENHARIA E CONSTRUCAO LTDA
MAT-2303,"MARTELETE 02,5KG (DE 00,0 A 02,5 KG)",un,1.000,estoque,equipamento_locado,FC ENGENHARIA E CONSTRUCAO LTDA
MAT-2304,"DIAGONA IS X 1,50 M",un,1.000,estoque,equipamento_locado,FC ENGENHARIA E CONSTRUCAO LTDA
MAT-2305,"DIAGONA IS X 1,50 M",un,1.000,estoque,equipamento_locado,FC ENGENHARIA E CONSTRUCAO LTDA
MAT-2306,SAPATA AJUSTAVEL,un,1.000,estoque,equipamento_locado,FC ENGENHARIA E CONSTRUCAO LTDA
MAT-2307,"DIAGONA IS X 2,00 FACHADEIRO",un,1.000,estoque,equipamento_locado,FC ENGENHARIA E CONSTRUCAO LTDA
MAT-2308,"PAINEL NR18 1,5X1,0 COM DEGRAU",un,1.000,estoque,equipamento_locado,FC ENGENHARIA E CONSTRUCAO LTDA
MAT-2309,"DIAGONA IS X 1,50 M",un,1.000,estoque,equipamento_locado,FC ENGENHARIA E CONSTRUCAO LTDA
MAT-2310,"DIAGONA IS X 1,50 M",un,1.000,estoque,equipamento_locado,FC ENGENHARIA E CONSTRUCAO LTDA
MAT-2311,"DIAGONA IS X 1,50 M",un,1.000,estoque,equipamento_locado,FC ENGENHARIA E CONSTRUCAO LTDA
MAT-2312,"PAINEL FACHADEIRO 2,00X2,00",un,1.000,estoque,equipamento_locado,FC ENGENHARIA E CONSTRUCAO LTDA
MAT-2313,"PAINEL NR18 1,5X1,0 COM DEGRAU",un,1.000,estoque,equipamento_locado,FC ENGENHARIA E CONSTRUCAO LTDA
MAT-2314,"PRANCHAO METALICO 1,50M X 0,37M",un,1.000,estoque,equipamento_locado,FC ENGENHARIA E CONSTRUCAO LTDA
MAT-2315,SAPATAS AJUSTÁVEIS,un,1.000,estoque,equipamento_locado,FC ENGENHARIA E CONSTRUCAO LTDA
MAT-2316,SAPATAS AJUSTÁVEIS,un,1.000,estoque,equipamento_locado,FC ENGENHARIA E CONSTRUCAO LTDA
MAT-2317,"DIAGONA IS X 1,00 M",un,1.000,estoque,equipamento_locado,FC ENGENHARIA E CONSTRUCAO LTDA
MAT-2318,"DIAGONA IS X 1,50 M",un,1.000,estoque,equipamento_locado,FC ENGENHARIA E CONSTRUCAO LTDA
MAT-2319,"DIAGONA IS X 2,00 FACHADEIRO",un,1.000,estoque,equipamento_locado,FC ENGENHARIA E CONSTRUCAO LTDA
MAT-2320,"PRANCHAO METALICO 1,50M X 0,37M",un,1.000,estoque,equipamento_locado,FC ENGENHARIA E CONSTRUCAO LTDA
MAT-2321,SAPATAS AJUSTÁVEIS,un,1.000,estoque,equipamento_locado,FC ENGENHARIA E CONSTRUCAO LTDA
MAT-2322,SAPATAS AJUSTÁVEIS,un,1.000,estoque,equipamento_locado,FC ENGENHARIA E CONSTRUCAO LTDA
MAT-2323,"PAINEL NR18 1,5X1,0 COM DEGRAU",un,1.000,estoque,equipamento_locado,FC ENGENHARIA E CONSTRUCAO LTDA
MAT-2324,"PAINEL FACHADEIRO 2,00X2,00 C/ ESCADA",un,1.000,estoque,equipamento_locado,FC ENGENHARIA E CONSTRUCAO LTDA
MAT-2325,"DIAGONA IS X 1,50 M",un,1.000,estoque,equipamento_locado,FC ENGENHARIA E CONSTRUCAO LTDA
MAT-2326,SAPATAS AJUSTÁVEIS,un,1.000,estoque,equipamento_locado,FC ENGENHARIA E CONSTRUCAO LTDA
MAT-2327,"PAINEL NR18 1,5X1,0 COM DEGRAU",un,1.000,estoque,equipamento_locado,FC ENGENHARIA E CONSTRUCAO LTDA
MAT-2328,"DIAGONA IS X 1,50 M",un,1.000,estoque,equipamento_locado,FC ENGENHARIA E CONSTRUCAO LTDA
MAT-2329,"DIAGONA IS X 1,50 M",un,1.000,estoque,equipamento_locado,FC ENGENHARIA E CONSTRUCAO LTDA
MAT-2330,"PRANCHAO METALICO 1,50M X 0,37M",un,1.000,estoque,equipamento_locado,FC ENGENHARIA E CONSTRUCAO LTDA
MAT-2331,"PRANCHAO METALICO 1,50M X 0,37M",un,1.000,estoque,equipamento_locado,FC ENGENHARIA E CONSTRUCAO LTDA
MAT-2332,SAPATAS AJUSTÁVEIS,un,1.000,estoque,equipamento_locado,FC ENGENHARIA E CONSTRUCAO LTDA
MAT-2333,"DIAGONA IS X 1,50 M",un,1.000,estoque,equipamento_locado,FC ENGENHARIA E CONSTRUCAO LTDA
MAT-2334,"DIAGONA IS X 1,50 M",un,1.000,estoque,equipamento_locado,FC ENGENHARIA E CONSTRUCAO LTDA
MAT-2335,"PAINEL FACHADEIRO 2,00X2,00",un,1.000,estoque,equipamento_locado,FC ENGENHARIA E CONSTRUCAO LTDA
MAT-2336,"PAINEL NR18 1,5X1,0 COM DEGRAU",un,1.000,estoque,equipamento_locado,FC ENGENHARIA E CONSTRUCAO LTDA
MAT-2337,"PAINEL NR18 1,5X1,0 COM DEGRAU",un,1.000,estoque,equipamento_locado,FC ENGENHARIA E CONSTRUCAO LTDA
MAT-2338,"DIAGONA IS X 1,50 M",un,1.000,estoque,equipamento_locado,FC ENGENHARIA E CONSTRUCAO LTDA
MAT-2339,SAPATAS AJUSTÁVEIS,un,1.000,estoque,equipamento_locado,FC ENGENHARIA E CONSTRUCAO LTDA
MAT-2340,"DIAGONA IS X 1,50 M",un,1.000,estoque,equipamento_locado,FC ENGENHARIA E CONSTRUCAO LTDA
MAT-2341,"DIAGONA IS X 1,50 M",un,1.000,estoque,equipamento_locado,FC ENGENHARIA E CONSTRUCAO LTDA
MAT-2342,"PAINEL FACHADEIRO 2,00X2,00",un,1.000,estoque,equipamento_locado,FC ENGENHARIA E CONSTRUCAO LTDA
MAT-2343,"DIAGONA IS X 1,50 M",un,1.000,estoque,equipamento_locado,FC ENGENHARIA E CONSTRUCAO LTDA
MAT-2344,"DIAGONA IS X 1,50 M",un,1.000,estoque,equipamento_locado,FC ENGENHARIA E CONSTRUCAO LTDA
MAT-2345,"PLATAFORMA P/ ANDAIME 1,00 M",un,1.000,estoque,equipamento_locado,FC ENGENHARIA E CONSTRUCAO LTDA
MAT-2346,"PAINEL NR18 1,5X1,0 COM DEGRAU",un,1.000,estoque,equipamento_locado,FC ENGENHARIA E CONSTRUCAO LTDA
MAT-2347,"PAINEL NR18 1,5X1,0 COM DEGRAU",un,1.000,estoque,equipamento_locado,FC ENGENHARIA E CONSTRUCAO LTDA
MAT-2348,"PLATAFORMA P/ ANDAIME 1,00 M",un,1.000,estoque,equipamento_locado,FC ENGENHARIA E CONSTRUCAO LTDA
MAT-2349,SAPATAS AJUSTÁVEIS,un,1.000,estoque,equipamento_locado,FC ENGENHARIA E CONSTRUCAO LTDA
MAT-2350,"DIAGONA IS X 1,50 M",un,1.000,estoque,equipamento_locado,FC ENGENHARIA E CONSTRUCAO LTDA
MAT-2351,"DIAGONA IS X 1,50 M",un,1.000,estoque,equipamento_locado,FC ENGENHARIA E CONSTRUCAO LTDA
MAT-2352,"DIAGONA IS X 1,50 M",un,1.000,estoque,equipamento_locado,FC ENGENHARIA E CONSTRUCAO LTDA
MAT-2353,"DIAGONA IS X 1,00 M",un,1.000,estoque,equipamento_locado,FC ENGENHARIA E CONSTRUCAO LTDA
MAT-2354,"PAINEL NR18 1,5X1,0 COM DEGRAU",un,1.000,estoque,equipamento_locado,FC ENGENHARIA E CONSTRUCAO LTDA
MAT-2355,"DIAGONA IS X 1,50 M",un,1.000,estoque,equipamento_locado,FC ENGENHARIA E CONSTRUCAO LTDA
MAT-2356,"DIAGONA IS X 2,00 FACHADEIRO",un,1.000,estoque,equipamento_locado,FC ENGENHARIA E CONSTRUCAO LTDA
MAT-2357,SAPATAS AJUSTÁVEIS,un,1.000,estoque,equipamento_locado,FC ENGENHARIA E CONSTRUCAO LTDA
MAT-2358,"DIAGONA IS X 1,50 M",un,1.000,estoque,equipamento_locado,FC ENGENHARIA E CONSTRUCAO LTDA
MAT-2359,"DIAGONA IS X 1,50 M",un,1.000,estoque,equipamento_locado,FC ENGENHARIA E CONSTRUCAO LTDA
MAT-2360,SAPATAS AJUSTÁVEIS,un,1.000,estoque,equipamento_locado,FC ENGENHARIA E CONSTRUCAO LTDA
MAT-2361,"DIAGONA IS X 1,50 M",un,1.000,estoque,equipamento_locado,FC ENGENHARIA E CONSTRUCAO LTDA
MAT-2362,"DIAGONA IS X 1,50 M",un,1.000,estoque,equipamento_locado,FC ENGENHARIA E CONSTRUCAO LTDA
MAT-2363,"DIAGONA IS X 1,50 M",un,1.000,estoque,equipamento_locado,FC ENGENHARIA E CONSTRUCAO LTDA
MAT-2364,"PRANCHAO METALICO 1,50M X 0,37M",un,1.000,estoque,equipamento_locado,FC ENGENHARIA E CONSTRUCAO LTDA
MAT-2365,GUARDA CORPO P/FACHADEIRO,un,1.000,estoque,equipamento_locado,FC ENGENHARIA E CONSTRUCAO LTDA
MAT-2366,"PRANCHAO 1,40X1,65 FACHADEIRO",un,1.000,estoque,equipamento_locado,FC ENGENHARIA E CONSTRUCAO LTDA
MAT-2367,SAPATAS AJUSTÁVEIS,un,1.000,estoque,equipamento_locado,FC ENGENHARIA E CONSTRUCAO LTDA
MAT-2368,"PAINEL FACHADEIRO 2,00X2,00 C/ ESCADA",un,1.000,estoque,equipamento_locado,FC ENGENHARIA E CONSTRUCAO LTDA
MAT-2369,"DIAGONA IS X 1,50 M",un,1.000,estoque,equipamento_locado,FC ENGENHARIA E CONSTRUCAO LTDA
MAT-2370,"DIAGONA IS X 1,50 M",un,1.000,estoque,equipamento_locado,FC ENGENHARIA E CONSTRUCAO LTDA
MAT-2371,SAPATAS AJUSTÁVEIS,un,1.000,estoque,equipamento_locado,FC ENGENHARIA E CONSTRUCAO LTDA
MAT-2372,"PAINEL FACHADEIRO 2,00X2,00",un,1.000,estoque,equipamento_locado,FC ENGENHARIA E CONSTRUCAO LTDA
MAT-2373,"DIAGONA IS X 1,50 M",un,1.000,estoque,equipamento_locado,FC ENGENHARIA E CONSTRUCAO LTDA
MAT-2374,"DIAGONA IS X 1,50 M",un,1.000,estoque,equipamento_locado,FC ENGENHARIA E CONSTRUCAO LTDA
MAT-2375,"DIAGONA IS X 1,50 M",un,1.000,estoque,equipamento_locado,FC ENGENHARIA E CONSTRUCAO LTDA
MAT-2376,SAPATAS AJUSTÁVEIS,un,1.000,estoque,equipamento_locado,FC ENGENHARIA E CONSTRUCAO LTDA
MAT-2377,RODIZIOS BORRACHA GIRATORIOS,un,1.000,estoque,equipamento_locado,FC ENGENHARIA E CONSTRUCAO LTDA
MAT-2378,"PAINEL FACHADEIRO 2,00X2,00",un,1.000,estoque,equipamento_locado,FC ENGENHARIA E CONSTRUCAO LTDA
MAT-2379,"DIAGONA IS X 1,50 M",un,1.000,estoque,equipamento_locado,FC ENGENHARIA E CONSTRUCAO LTDA
MAT-2380,"PRANCHAO METALICO 1,50M X 0,37M",un,1.000,estoque,equipamento_locado,FC ENGENHARIA E CONSTRUCAO LTDA
MAT-2381,"PAINEL FACHADEIRO 2,00X2,00",un,1.000,estoque,equipamento_locado,FC ENGENHARIA E CONSTRUCAO LTDA
MAT-2382,"MARTELETE 02,5KG (DE 00,0 A 02,5 KG)",un,1.000,estoque,equipamento_locado,FC ENGENHARIA E CONSTRUCAO LTDA
MAT-2383,"PRANCHAO METALICO 1,50M X 0,37M",un,1.000,estoque,equipamento_locado,FC ENGENHARIA E CONSTRUCAO LTDA
MAT-2384,"PAINEL FACHADEIRO 2,00X2,00",un,1.000,estoque,equipamento_locado,FC ENGENHARIA E CONSTRUCAO LTDA
MAT-2385,"DIAGONA IS X 1,50 M",un,1.000,estoque,equipamento_locado,FC ENGENHARIA E CONSTRUCAO LTDA
MAT-2386,"PAINEL FACHADEIRO 2,00X2,00",un,1.000,estoque,equipamento_locado,FC ENGENHARIA E CONSTRUCAO LTDA
MAT-2387,"DIAGONA IS X 1,50 M",un,1.000,estoque,equipamento_locado,FC ENGENHARIA E CONSTRUCAO LTDA
MAT-2388,"PLATAFORMA P/ ANDAIME 1,00 M",un,1.000,estoque,equipamento_locado,FC ENGENHARIA E CONSTRUCAO LTDA
MAT-2389,"DIAGONA IS X 1,50 M",un,1.000,estoque,equipamento_locado,FC ENGENHARIA E CONSTRUCAO LTDA
MAT-2390,SAPATAS AJUSTÁVEIS,un,1.000,estoque,equipamento_locado,FC ENGENHARIA E CONSTRUCAO LTDA
MAT-2391,"PAINEL FACHADEIRO 2,00X2,00",un,1.000,estoque,equipamento_locado,FC ENGENHARIA E CONSTRUCAO LTDA
MAT-2392,VIBRADOR DE CONCRETO C/ MANGOTE,un,1.000,estoque,equipamento_locado,FC ENGENHARIA E CONSTRUCAO LTDA
MAT-2393,"DIAGONA IS X 1,50 M",un,1.000,estoque,equipamento_locado,FC ENGENHARIA E CONSTRUCAO LTDA
MAT-2394,"DIAGONA IS X 1,50 M",un,1.000,estoque,equipamento_locado,FC ENGENHARIA E CONSTRUCAO LTDA
MAT-2395,"PRANCHAO METALICO 1,50M X 0,37M",un,1.000,estoque,equipamento_locado,FC ENGENHARIA E CONSTRUCAO LTDA
MAT-2396,"PRANCHAO METALICO 1,50M X 0,37M",un,1.000,estoque,equipamento_locado,FC ENGENHARIA E CONSTRUCAO LTDA
MAT-2397,"PAINEL NR18 1,5X1,0 COM DEGRAU",un,1.000,estoque,equipamento_locado,FC ENGENHARIA E CONSTRUCAO LTDA
MAT-2398,"DIAGONA IS X 1,50 M",un,1.000,estoque,equipamento_locado,FC ENGENHARIA E CONSTRUCAO LTDA
MAT-2399,"PAINEL NR18 1,5X1,0 COM DEGRAU",un,1.000,estoque,equipamento_locado,FC ENGENHARIA E CONSTRUCAO LTDA
MAT-2400,SAPATA AJUSTAVEL,un,1.000,estoque,equipamento_locado,FC ENGENHARIA E CONSTRUCAO LTDA
MAT-2401,"DIAGONA IS X 1,50 M",un,1.000,estoque,equipamento_locado,FC ENGENHARIA E CONSTRUCAO LTDA
MAT-2402,"DIAGONA IS X 1,50 M",un,1.000,estoque,equipamento_locado,FC ENGENHARIA E CONSTRUCAO LTDA
MAT-2403,"DIAGONA IS X 1,50 M",un,1.000,estoque,equipamento_locado,FC ENGENHARIA E CONSTRUCAO LTDA
MAT-2404,SAPATAS AJUSTÁVEIS,un,1.000,estoque,equipamento_locado,FC ENGENHARIA E CONSTRUCAO LTDA
MAT-2405,"DIAGONA IS X 1,00 M",un,1.000,estoque,equipamento_locado,FC ENGENHARIA E CONSTRUCAO LTDA
MAT-2406,"DIAGONA IS X 1,50 M",un,1.000,estoque,equipamento_locado,FC ENGENHARIA E CONSTRUCAO LTDA
MAT-2407,RODIZIOS BORRACHA GIRATORIOS,un,1.000,estoque,equipamento_locado,FC ENGENHARIA E CONSTRUCAO LTDA
MAT-2408,"DIAGONA IS X 1,50 M",un,1.000,estoque,equipamento_locado,FC ENGENHARIA E CONSTRUCAO LTDA
MAT-2409,"PRANCHAO METALICO 1,50M X 0,37M",un,1.000,estoque,equipamento_locado,FC ENGENHARIA E CONSTRUCAO LTDA
MAT-2410,"DIAGONA IS X 1,50 M",un,1.000,estoque,equipamento_locado,FC ENGENHARIA E CONSTRUCAO LTDA
MAT-2411,PONTEIRA MART 06/10 KG,un,1.000,estoque,equipamento_locado,FC ENGENHARIA E CONSTRUCAO LTDA
MAT-2412,"PRANCHAO METALICO 1,50M X 0,37M",un,1.000,estoque,equipamento_locado,FC ENGENHARIA E CONSTRUCAO LTDA
MAT-2413,GUARDA CORPO P/FACHADEIRO,un,1.000,estoque,equipamento_locado,FC ENGENHARIA E CONSTRUCAO LTDA
MAT-2414,"DIAGONA IS X 1,50 M",un,1.000,estoque,equipamento_locado,FC ENGENHARIA E CONSTRUCAO LTDA
MAT-2415,"PAINEL NR18 1,5X1,0 COM DEGRAU",un,1.000,estoque,equipamento_locado,FC ENGENHARIA E CONSTRUCAO LTDA
MAT-2416,"PAINEL NR18 1,5X1,0 COM DEGRAU",un,1.000,estoque,equipamento_locado,FC ENGENHARIA E CONSTRUCAO LTDA
MAT-2417,"DIAGONA IS X 1,00 M",un,1.000,estoque,equipamento_locado,FC ENGENHARIA E CONSTRUCAO LTDA
MAT-2418,RODIZIOS BORRACHA GIRATORIOS,un,1.000,estoque,equipamento_locado,FC ENGENHARIA E CONSTRUCAO LTDA
MAT-2419,"DIAGONA IS X 1,50 M",un,1.000,estoque,equipamento_locado,FC ENGENHARIA E CONSTRUCAO LTDA
MAT-2420,"DIAGONA IS X 1,50 M",un,1.000,estoque,equipamento_locado,FC ENGENHARIA E CONSTRUCAO LTDA
MAT-2421,"PAINEL FACHADEIRO 2,00X2,00 C/ ESCADA",un,1.000,estoque,equipamento_locado,FC ENGENHARIA E CONSTRUCAO LTDA
MAT-2422,"PAINEL NR18 1,5X1,0 COM DEGRAU",un,1.000,estoque,equipamento_locado,FC ENGENHARIA E CONSTRUCAO LTDA
MAT-2423,SAPATAS AJUSTÁVEIS,un,1.000,estoque,equipamento_locado,FC ENGENHARIA E CONSTRUCAO LTDA
MAT-2424,"DIAGONA IS X 1,50 M",un,1.000,estoque,equipamento_locado,FC ENGENHARIA E CONSTRUCAO LTDA
MAT-2425,RODIZIOS BORRACHA GIRATORIOS,un,1.000,estoque,equipamento_locado,FC ENGENHARIA E CONSTRUCAO LTDA
MAT-2426,"DIAGONA IS X 1,50 M",un,1.000,estoque,equipamento_locado,FC ENGENHARIA E CONSTRUCAO LTDA
MAT-2427,SAPATAS AJUSTÁVEIS,un,1.000,estoque,equipamento_locado,FC ENGENHARIA E CONSTRUCAO LTDA
MAT-2428,"PAINEL NR18 1,5X1,0 COM DEGRAU",un,1.000,estoque,equipamento_locado,FC ENGENHARIA E CONSTRUCAO LTDA
MAT-2429,"DIAGONA IS X 1,50 M",un,1.000,estoque,equipamento_locado,FC ENGENHARIA E CONSTRUCAO LTDA
MAT-2430,"PAINEL NR18 1,5X1,0 COM DEGRAU",un,1.000,estoque,equipamento_locado,FC ENGENHARIA E CONSTRUCAO LTDA
MAT-2431,RODIZIOS BORRACHA GIRATORIOS,un,1.000,estoque,equipamento_locado,FC ENGENHARIA E CONSTRUCAO LTDA
MAT-2432,"DIAGONA IS X 1,50 M",un,1.000,estoque,equipamento_locado,FC ENGENHARIA E CONSTRUCAO LTDA
MAT-2433,"DIAGONA IS X 1,50 M",un,1.000,estoque,equipamento_locado,FC ENGENHARIA E CONSTRUCAO LTDA
MAT-2434,"DIAGONA IS X 1,00 M",un,1.000,estoque,equipamento_locado,FC ENGENHARIA E CONSTRUCAO LTDA
MAT-2435,"DIAGONA IS X 1,50 M",un,1.000,estoque,equipamento_locado,FC ENGENHARIA E CONSTRUCAO LTDA
MAT-2436,"PRANCHAO METALICO 1,50M X 0,37M",un,1.000,estoque,equipamento_locado,FC ENGENHARIA E CONSTRUCAO LTDA
MAT-2437,SAPATAS AJUSTÁVEIS,un,1.000,estoque,equipamento_locado,FC ENGENHARIA E CONSTRUCAO LTDA
MAT-2438,"DIAGONA IS X 1,50 M",un,1.000,estoque,equipamento_locado,FC ENGENHARIA E CONSTRUCAO LTDA
MAT-2439,"PAINEL NR18 1,5X1,0 COM DEGRAU",un,1.000,estoque,equipamento_locado,FC ENGENHARIA E CONSTRUCAO LTDA
MAT-2440,SAPATAS AJUSTÁVEIS,un,1.000,estoque,equipamento_locado,FC ENGENHARIA E CONSTRUCAO LTDA
MAT-2441,SAPATAS AJUSTÁVEIS,un,1.000,estoque,equipamento_locado,FC ENGENHARIA E CONSTRUCAO LTDA
MAT-2442,"ANDAIME TUBULAR 1,00 X 1,00 M",un,1.000,estoque,equipamento_locado,FC ENGENHARIA E CONSTRUCAO LTDA
MAT-2443,"DIAGONA IS X 2,00 FACHADEIRO",un,1.000,estoque,equipamento_locado,FC ENGENHARIA E CONSTRUCAO LTDA
MAT-2444,"DIAGONA IS X 1,50 M",un,1.000,estoque,equipamento_locado,FC ENGENHARIA E CONSTRUCAO LTDA
MAT-2445,"PAINEL NR18 1,5X1,0 COM DEGRAU",un,1.000,estoque,equipamento_locado,FC ENGENHARIA E CONSTRUCAO LTDA
MAT-2446,"PAINEL NR18 1,5X1,0 COM DEGRAU",un,1.000,estoque,equipamento_locado,FC ENGENHARIA E CONSTRUCAO LTDA
MAT-2447,"PAINEL NR18 1,5X1,0 COM DEGRAU",un,1.000,estoque,equipamento_locado,FC ENGENHARIA E CONSTRUCAO LTDA
MAT-2448,"PRANCHAO METALICO 1,50M X 0,37M",un,1.000,estoque,equipamento_locado,FC ENGENHARIA E CONSTRUCAO LTDA
MAT-2449,RODIZIOS BORRACHA GIRATORIOS,un,1.000,estoque,equipamento_locado,FC ENGENHARIA E CONSTRUCAO LTDA
MAT-2450,"DIAGONA IS X 1,50 M",un,1.000,estoque,equipamento_locado,FC ENGENHARIA E CONSTRUCAO LTDA
MAT-2451,"DIAGONA IS X 1,50 M",un,1.000,estoque,equipamento_locado,FC ENGENHARIA E CONSTRUCAO LTDA
MAT-2452,"PRANCHAO 1,40X1,65 FACHADEIRO",un,1.000,estoque,equipamento_locado,FC ENGENHARIA E CONSTRUCAO LTDA
MAT-2453,RODAPE P/FACHADEIRO,un,1.000,estoque,equipamento_locado,FC ENGENHARIA E CONSTRUCAO LTDA
MAT-2454,"DIAGONA IS X 1,50 M",un,1.000,estoque,equipamento_locado,FC ENGENHARIA E CONSTRUCAO LTDA
MAT-2455,RODIZIOS BORRACHA GIRATORIOS,un,1.000,estoque,equipamento_locado,FC ENGENHARIA E CONSTRUCAO LTDA
MAT-2456,"PRANCHAO 1,40X1,65 FACHADEIRO",un,1.000,estoque,equipamento_locado,FC ENGENHARIA E CONSTRUCAO LTDA
MAT-2457,"PAINEL NR18 1,5X1,0 COM DEGRAU",un,1.000,estoque,equipamento_locado,FC ENGENHARIA E CONSTRUCAO LTDA
MAT-2458,"PAINEL NR18 1,5X1,0 COM DEGRAU",un,1.000,estoque,equipamento_locado,FC ENGENHARIA E CONSTRUCAO LTDA
MAT-2459,"DIAGONA IS X 1,50 M",un,1.000,estoque,equipamento_locado,FC ENGENHARIA E CONSTRUCAO LTDA
MAT-2460,"DIAGONA IS X 1,50 M",un,1.000,estoque,equipamento_locado,FC ENGENHARIA E CONSTRUCAO LTDA
MAT-2461,"DIAGONA IS X 1,50 M",un,1.000,estoque,equipamento_locado,FC ENGENHARIA E CONSTRUCAO LTDA
MAT-2462,"PAINEL NR18 1,5X1,0 COM DEGRAU",un,1.000,estoque,equipamento_locado,FC ENGENHARIA E CONSTRUCAO LTDA
MAT-2463,"DIAGONA IS X 1,50 M",un,1.000,estoque,equipamento_locado,FC ENGENHARIA E CONSTRUCAO LTDA
MAT-2464,SAPATA AJUSTAVEL,un,1.000,estoque,equipamento_locado,FC ENGENHARIA E CONSTRUCAO LTDA
MAT-2465,SAPATAS AJUSTÁVEIS,un,1.000,estoque,equipamento_locado,FC ENGENHARIA E CONSTRUCAO LTDA
MAT-2466,"PAINEL NR18 1,5X1,0 COM DEGRAU",un,1.000,estoque,equipamento_locado,FC ENGENHARIA E CONSTRUCAO LTDA
MAT-2467,TALHADEIRA MART 06/10 KG,un,1.000,estoque,equipamento_locado,FC ENGENHARIA E CONSTRUCAO LTDA
MAT-2468,SAPATAS AJUSTÁVEIS,un,1.000,estoque,equipamento_locado,FC ENGENHARIA E CONSTRUCAO LTDA
MAT-2469,"PAINEL NR18 1,5X1,0 COM DEGRAU",un,1.000,estoque,equipamento_locado,FC ENGENHARIA E CONSTRUCAO LTDA
MAT-2470,"DIAGONA IS X 1,50 M",un,1.000,estoque,equipamento_locado,FC ENGENHARIA E CONSTRUCAO LTDA
MAT-2471,SAPATA AJUSTAVEL,un,1.000,estoque,equipamento_locado,FC ENGENHARIA E CONSTRUCAO LTDA
MAT-2472,SAPATAS AJUSTÁVEIS,un,1.000,estoque,equipamento_locado,FC ENGENHARIA E CONSTRUCAO LTDA
MAT-2473,SAPATAS AJUSTÁVEIS,un,1.000,estoque,equipamento_locado,FC ENGENHARIA E CONSTRUCAO LTDA
MAT-2474,SAPATAS AJUSTÁVEIS,un,1.000,estoque,equipamento_locado,FC ENGENHARIA E CONSTRUCAO LTDA
MAT-2475,RODAPE P/FACHADEIRO,un,1.000,estoque,equipamento_locado,FC ENGENHARIA E CONSTRUCAO LTDA
MAT-2476,SAPATAS AJUSTÁVEIS,un,1.000,estoque,equipamento_locado,FC ENGENHARIA E CONSTRUCAO LTDA
MAT-2477,SAPATAS AJUSTÁVEIS,un,1.000,estoque,equipamento_locado,FC ENGENHARIA E CONSTRUCAO LTDA
MAT-2478,"DIAGONA IS X 1,50 M",un,1.000,estoque,equipamento_locado,FC ENGENHARIA E CONSTRUCAO LTDA
MAT-2479,SAPATAS AJUSTÁVEIS,un,1.000,estoque,equipamento_locado,FC ENGENHARIA E CONSTRUCAO LTDA
MAT-2480,"DIAGONA IS X 1,50 M",un,1.000,estoque,equipamento_locado,FC ENGENHARIA E CONSTRUCAO LTDA
MAT-2481,"DIAGONA IS X 1,50 M",un,1.000,estoque,equipamento_locado,FC ENGENHARIA E CONSTRUCAO LTDA
MAT-2482,"DIAGONA IS X 1,50 M",un,1.000,estoque,equipamento_locado,FC ENGENHARIA E CONSTRUCAO LTDA
MAT-2483,"PAINEL NR18 1,5X1,0 COM DEGRAU",un,1.000,estoque,equipamento_locado,FC ENGENHARIA E CONSTRUCAO LTDA
MAT-2484,"PAINEL FACHADEIRO 2,00X2,00 C/ ESCADA",un,1.000,estoque,equipamento_locado,FC ENGENHARIA E CONSTRUCAO LTDA
MAT-2485,"DIAGONA IS X 1,50 M",un,1.000,estoque,equipamento_locado,FC ENGENHARIA E CONSTRUCAO LTDA
MAT-2486,"PRANCHAO METALICO 1,50M X 0,37M",un,1.000,estoque,equipamento_locado,FC ENGENHARIA E CONSTRUCAO LTDA
MAT-2487,SAPATAS AJUSTÁVEIS,un,1.000,estoque,equipamento_locado,FC ENGENHARIA E CONSTRUCAO LTDA
MAT-2488,"PAINEL NR18 1,5X1,0 COM DEGRAU",un,1.000,estoque,equipamento_locado,FC ENGENHARIA E CONSTRUCAO LTDA
MAT-2489,SAPATAS AJUSTÁVEIS,un,1.000,estoque,equipamento_locado,FC ENGENHARIA E CONSTRUCAO LTDA
MAT-2490,"DIAGONA IS X 1,50 M",un,1.000,estoque,equipamento_locado,FC ENGENHARIA E CONSTRUCAO LTDA
MAT-2491,"DIAGONA IS X 1,50 M",un,1.000,estoque,equipamento_locado,FC ENGENHARIA E CONSTRUCAO LTDA
MAT-2492,"PRANCHAO 1,40X1,65 FACHADEIRO",un,1.000,estoque,equipamento_locado,FC ENGENHARIA E CONSTRUCAO LTDA
MAT-2493,GUARDA CORPO P/FACHADEIRO,un,1.000,estoque,equipamento_locado,FC ENGENHARIA E CONSTRUCAO LTDA
MAT-2494,"DIAGONA IS X 1,50 M",un,1.000,estoque,equipamento_locado,FC ENGENHARIA E CONSTRUCAO LTDA
MAT-2495,"DIAGONA IS X 1,50 M",un,1.000,estoque,equipamento_locado,FC ENGENHARIA E CONSTRUCAO LTDA
MAT-2496,"PAINEL NR18 1,5X1,0 COM DEGRAU",un,1.000,estoque,equipamento_locado,FC ENGENHARIA E CONSTRUCAO LTDA
MAT-2497,"PAINEL NR18 1,5X1,0 COM DEGRAU",un,1.000,estoque,equipamento_locado,FC ENGENHARIA E CONSTRUCAO LTDA
MAT-2498,TALHADEIRA MART 16/30 KG,un,1.000,estoque,equipamento_locado,FC ENGENHARIA E CONSTRUCAO LTDA
MAT-2499,"DIAGONA IS X 1,50 M",un,1.000,estoque,equipamento_locado,FC ENGENHARIA E CONSTRUCAO LTDA
MAT-2500,"DIAGONA IS X 1,50 M",un,1.000,estoque,equipamento_locado,FC ENGENHARIA E CONSTRUCAO LTDA
MAT-2501,"DIAGONA IS X 1,50 M",un,1.000,estoque,equipamento_locado,FC ENGENHARIA E CONSTRUCAO LTDA
MAT-2502,"DIAGONA IS X 1,50 M",un,1.000,estoque,equipamento_locado,FC ENGENHARIA E CONSTRUCAO LTDA
MAT-2503,SAPATAS AJUSTÁVEIS,un,1.000,estoque,equipamento_locado,FC ENGENHARIA E CONSTRUCAO LTDA
MAT-2504,PONTEIRA MART 06/10 KG,un,1.000,estoque,equipamento_locado,FC ENGENHARIA E CONSTRUCAO LTDA
MAT-2505,"DIAGONA IS X 1,50 M",un,1.000,estoque,equipamento_locado,FC ENGENHARIA E CONSTRUCAO LTDA
MAT-2506,"PAINEL NR18 1,5X1,0 COM DEGRAU",un,1.000,estoque,equipamento_locado,FC ENGENHARIA E CONSTRUCAO LTDA
MAT-2507,SAPATAS AJUSTÁVEIS,un,1.000,estoque,equipamento_locado,FC ENGENHARIA E CONSTRUCAO LTDA
MAT-2508,"PAINEL NR18 1,5X1,0 COM DEGRAU",un,1.000,estoque,equipamento_locado,FC ENGENHARIA E CONSTRUCAO LTDA
MAT-2509,SAPATAS AJUSTÁVEIS,un,1.000,estoque,equipamento_locado,FC ENGENHARIA E CONSTRUCAO LTDA
MAT-2510,"PAINEL NR18 1,5X1,0 COM DEGRAU",un,1.000,estoque,equipamento_locado,FC ENGENHARIA E CONSTRUCAO LTDA
MAT-2511,RODIZIOS BORRACHA GIRATORIOS,un,1.000,estoque,equipamento_locado,FC ENGENHARIA E CONSTRUCAO LTDA
MAT-2512,"PRANCHAO METALICO 1,50M X 0,37M",un,1.000,estoque,equipamento_locado,FC ENGENHARIA E CONSTRUCAO LTDA
MAT-2513,"PAINEL NR18 1,5X1,0 COM DEGRAU",un,1.000,estoque,equipamento_locado,FC ENGENHARIA E CONSTRUCAO LTDA
MAT-2514,RODAPE P/FACHADEIRO,un,1.000,estoque,equipamento_locado,FC ENGENHARIA E CONSTRUCAO LTDA
MAT-2515,SAPATAS AJUSTÁVEIS,un,1.000,estoque,equipamento_locado,FC ENGENHARIA E CONSTRUCAO LTDA
MAT-2516,"DIAGONA IS X 2,00 FACHADEIRO",un,1.000,estoque,equipamento_locado,FC ENGENHARIA E CONSTRUCAO LTDA
MAT-2517,SAPATA AJUSTAVEL,un,1.000,estoque,equipamento_locado,FC ENGENHARIA E CONSTRUCAO LTDA
MAT-2518,"PRANCHAO 1,40X1,65 FACHADEIRO",un,1.000,estoque,equipamento_locado,FC ENGENHARIA E CONSTRUCAO LTDA
MAT-2519,CHAVE DE APERTO DW 848 P/ ESMERILHA DEIRA,un,1.000,estoque,equipamento_locado,FC ENGENHARIA E CONSTRUCAO LTDA
MAT-2520,"DIAGONA IS X 1,50 M",un,1.000,estoque,equipamento_locado,FC ENGENHARIA E CONSTRUCAO LTDA
MAT-2521,"PAINEL NR18 1,5X1,0 COM DEGRAU",un,1.000,estoque,equipamento_locado,FC ENGENHARIA E CONSTRUCAO LTDA
MAT-2522,"DIAGONA IS X 1,50 M",un,1.000,estoque,equipamento_locado,FC ENGENHARIA E CONSTRUCAO LTDA
MAT-2523,"PAINEL NR18 1,5X1,0 COM DEGRAU",un,1.000,estoque,equipamento_locado,FC ENGENHARIA E CONSTRUCAO LTDA
MAT-2524,"PAINEL NR18 1,5X1,0 COM DEGRAU",un,1.000,estoque,equipamento_locado,FC ENGENHARIA E CONSTRUCAO LTDA
MAT-2525,"DIAGONA IS X 2,00 FACHADEIRO",un,1.000,estoque,equipamento_locado,FC ENGENHARIA E CONSTRUCAO LTDA
MAT-2526,"DIAGONA IS X 1,50 M",un,1.000,estoque,equipamento_locado,FC ENGENHARIA E CONSTRUCAO LTDA
MAT-2527,"PLATAFORMA P/ ANDAIME 1,00 M",un,1.000,estoque,equipamento_locado,FC ENGENHARIA E CONSTRUCAO LTDA
MAT-2528,GUARDA CORPO P/ FACHADEIRO,un,1.000,estoque,equipamento_locado,FC ENGENHARIA E CONSTRUCAO LTDA
MAT-2529,"DIAGONA IS X 1,50 M",un,1.000,estoque,equipamento_locado,FC ENGENHARIA E CONSTRUCAO LTDA
MAT-2530,"DIAGONA IS X 2,00 FACHADEIRO",un,1.000,estoque,equipamento_locado,FC ENGENHARIA E CONSTRUCAO LTDA
MAT-2531,"DIAGONA IS X 1,50 M",un,1.000,estoque,equipamento_locado,FC ENGENHARIA E CONSTRUCAO LTDA
MAT-2532,"PAINEL NR18 1,5X1,0 COM DEGRAU",un,1.000,estoque,equipamento_locado,FC ENGENHARIA E CONSTRUCAO LTDA
MAT-2533,"PAINEL FACHADEIRO 2,00X2,00 C/ ESCADA",un,1.000,estoque,equipamento_locado,FC ENGENHARIA E CONSTRUCAO LTDA
MAT-2534,"DIAGONA IS X 1,50 M",un,1.000,estoque,equipamento_locado,FC ENGENHARIA E CONSTRUCAO LTDA
MAT-2535,"DIAGONA IS X 1,00 M",un,1.000,estoque,equipamento_locado,FC ENGENHARIA E CONSTRUCAO LTDA
MAT-2536,"DIAGONA IS X 1,50 M",un,1.000,estoque,equipamento_locado,FC ENGENHARIA E CONSTRUCAO LTDA
MAT-2537,"PAINEL NR18 1,5X1,0 COM DEGRAU",un,1.000,estoque,equipamento_locado,FC ENGENHARIA E CONSTRUCAO LTDA
MAT-2538,SAPATAS AJUSTÁVEIS,un,1.000,estoque,equipamento_locado,FC ENGENHARIA E CONSTRUCAO LTDA
MAT-2539,"PAINEL FACHADEIRO 2,00X2,00 C/ ESCADA",un,1.000,estoque,equipamento_locado,FC ENGENHARIA E CONSTRUCAO LTDA
MAT-2540,"PRANCHAO 1,40X1,65 FACHADEIRO",un,1.000,estoque,equipamento_locado,FC ENGENHARIA E CONSTRUCAO LTDA
MAT-2541,"DIAGONA IS X 1,50 M",un,1.000,estoque,equipamento_locado,FC ENGENHARIA E CONSTRUCAO LTDA
MAT-2542,RODAPE P/FACHADEIRO,un,1.000,estoque,equipamento_locado,FC ENGENHARIA E CONSTRUCAO LTDA
MAT-2543,"DIAGONA IS X 1,50 M",un,1.000,estoque,equipamento_locado,FC ENGENHARIA E CONSTRUCAO LTDA
MAT-2544,"PRANCHAO 1,40X1,65 FACHADEIRO",un,1.000,estoque,equipamento_locado,FC ENGENHARIA E CONSTRUCAO LTDA
MAT-2545,"DIAGONA IS X 1,50 M",un,1.000,estoque,equipamento_locado,FC ENGENHARIA E CONSTRUCAO LTDA
MAT-2546,PONTEIRA MART 16/30 KG,un,1.000,estoque,equipamento_locado,FC ENGENHARIA E CONSTRUCAO LTDA
MAT-2547,SAPATAS AJUSTÁVEIS,un,1.000,estoque,equipamento_locado,FC ENGENHARIA E CONSTRUCAO LTDA
MAT-2548,"DIAGONA IS X 1,50 M",un,1.000,estoque,equipamento_locado,FC ENGENHARIA E CONSTRUCAO LTDA
MAT-2549,SAPATAS AJUSTÁVEIS,un,1.000,estoque,equipamento_locado,FC ENGENHARIA E CONSTRUCAO LTDA
MAT-2550,SAPATAS AJUSTÁVEIS,un,1.000,estoque,equipamento_locado,FC ENGENHARIA E CONSTRUCAO LTDA
MAT-2551,"DIAGONA IS X 1,50 M",un,1.000,estoque,equipamento_locado,FC ENGENHARIA E CONSTRUCAO LTDA
MAT-2552,"PRANCHAO 1,40X1,65 FACHADEIRO",un,1.000,estoque,equipamento_locado,FC ENGENHARIA E CONSTRUCAO LTDA
MAT-2553,"DIAGONA IS X 1,50 M",un,1.000,estoque,equipamento_locado,FC ENGENHARIA E CONSTRUCAO LTDA
MAT-2554,"DIAGONA IS X 1,50 M",un,1.000,estoque,equipamento_locado,FC ENGENHARIA E CONSTRUCAO LTDA
MAT-2555,"DIAGONA IS X 2,00 FACHADEIRO",un,1.000,estoque,equipamento_locado,FC ENGENHARIA E CONSTRUCAO LTDA
MAT-2556,SAPATAS AJUSTÁVEIS,un,1.000,estoque,equipamento_locado,FC ENGENHARIA E CONSTRUCAO LTDA
MAT-2557,"DIAGONA IS X 1,50 M",un,1.000,estoque,equipamento_locado,FC ENGENHARIA E CONSTRUCAO LTDA
MAT-2558,SAPATAS AJUSTÁVEIS,un,1.000,estoque,equipamento_locado,FC ENGENHARIA E CONSTRUCAO LTDA
MAT-2559,SAPATAS AJUSTÁVEIS,un,1.000,estoque,equipamento_locado,FC ENGENHARIA E CONSTRUCAO LTDA
MAT-2560,"PAINEL FACHADEIRO 2,00X2,00",un,1.000,estoque,equipamento_locado,FC ENGENHARIA E CONSTRUCAO LTDA
MAT-2561,"PAINEL NR18 1,5X1,0 COM DEGRAU",un,1.000,estoque,equipamento_locado,FC ENGENHARIA E CONSTRUCAO LTDA
MAT-2562,GUARDA CORPO P/ FACHADEIRO,un,1.000,estoque,equipamento_locado,FC ENGENHARIA E CONSTRUCAO LTDA
MAT-2563,"PAINEL NR18 1,5X1,0 COM DEGRAU",un,1.000,estoque,equipamento_locado,FC ENGENHARIA E CONSTRUCAO LTDA
MAT-2564,"DIAGONA IS X 1,50 M",un,1.000,estoque,equipamento_locado,FC ENGENHARIA E CONSTRUCAO LTDA
MAT-2565,"PRANCHAO METALICO 1,50M X 0,37M",un,1.000,estoque,equipamento_locado,FC ENGENHARIA E CONSTRUCAO LTDA
MAT-2566,"PRANCHAO METALICO 1,50M X 0,37M",un,1.000,estoque,equipamento_locado,FC ENGENHARIA E CONSTRUCAO LTDA
MAT-2567,"PAINEL NR18 1,5X1,0 COM DEGRAU",un,1.000,estoque,equipamento_locado,FC ENGENHARIA E CONSTRUCAO LTDA
MAT-2568,"PRANCHAO 1,40X1,65 FACHADEIRO",un,1.000,estoque,equipamento_locado,FC ENGENHARIA E CONSTRUCAO LTDA
MAT-2569,"DIAGONA IS X 1,50 M",un,1.000,estoque,equipamento_locado,FC ENGENHARIA E CONSTRUCAO LTDA
MAT-2570,"DIAGONA IS X 1,50 M",un,1.000,estoque,equipamento_locado,FC ENGENHARIA E CONSTRUCAO LTDA
MAT-2571,"PAINEL NR18 1,5X1,0 COM DEGRAU",un,1.000,estoque,equipamento_locado,FC ENGENHARIA E CONSTRUCAO LTDA
MAT-2572,"DIAGONA IS X 1,50 M",un,1.000,estoque,equipamento_locado,FC ENGENHARIA E CONSTRUCAO LTDA
MAT-2573,"DIAGONA IS X 1,50 M",un,1.000,estoque,equipamento_locado,FC ENGENHARIA E CONSTRUCAO LTDA
MAT-2574,SAPATAS AJUSTÁVEIS,un,1.000,estoque,equipamento_locado,FC ENGENHARIA E CONSTRUCAO LTDA
MAT-2575,"DIAGONA IS X 1,50 M",un,1.000,estoque,equipamento_locado,FC ENGENHARIA E CONSTRUCAO LTDA
MAT-2576,SAPATAS AJUSTÁVEIS,un,1.000,estoque,equipamento_locado,FC ENGENHARIA E CONSTRUCAO LTDA
MAT-2577,SAPATAS AJUSTÁVEIS,un,1.000,estoque,equipamento_locado,FC ENGENHARIA E CONSTRUCAO LTDA
MAT-2578,GUARDA CORPO P/FACHADEIRO,un,1.000,estoque,equipamento_locado,FC ENGENHARIA E CONSTRUCAO LTDA
MAT-2579,RODIZIOS BORRACHA GIRATORIOS,un,1.000,estoque,equipamento_locado,FC ENGENHARIA E CONSTRUCAO LTDA
MAT-2580,"DIAGONA IS X 1,50 M",un,1.000,estoque,equipamento_locado,FC ENGENHARIA E CONSTRUCAO LTDA
MAT-2581,SAPATAS AJUSTÁVEIS,un,1.000,estoque,equipamento_locado,FC ENGENHARIA E CONSTRUCAO LTDA
MAT-2582,"PAINEL NR18 1,5X1,0 COM DEGRAU",un,1.000,estoque,equipamento_locado,FC ENGENHARIA E CONSTRUCAO LTDA
MAT-2583,SAPATAS AJUSTÁVEIS,un,1.000,estoque,equipamento_locado,FC ENGENHARIA E CONSTRUCAO LTDA
MAT-2584,SAPATAS AJUSTÁVEIS,un,1.000,estoque,equipamento_locado,FC ENGENHARIA E CONSTRUCAO LTDA
MAT-2585,SAPATAS AJUSTÁVEIS,un,1.000,estoque,equipamento_locado,FC ENGENHARIA E CONSTRUCAO LTDA
MAT-2586,"DIAGONA IS X 2,00 FACHADEIRO",un,1.000,estoque,equipamento_locado,FC ENGENHARIA E CONSTRUCAO LTDA
MAT-2587,"DIAGONA IS X 1,50 M",un,1.000,estoque,equipamento_locado,FC ENGENHARIA E CONSTRUCAO LTDA
MAT-2588,PONTEIRA MART 06/10 KG,un,1.000,estoque,equipamento_locado,FC ENGENHARIA E CONSTRUCAO LTDA
MAT-2589,"DIAGONA IS X 1,50 M",un,1.000,estoque,equipamento_locado,FC ENGENHARIA E CONSTRUCAO LTDA
MAT-2590,"PAINEL NR18 1,5X1,0 COM DEGRAU",un,1.000,estoque,equipamento_locado,FC ENGENHARIA E CONSTRUCAO LTDA
MAT-2591,"DIAGONA IS X 1,50 M",un,1.000,estoque,equipamento_locado,FC ENGENHARIA E CONSTRUCAO LTDA
MAT-2592,"DIAGONA IS X 1,50 M",un,1.000,estoque,equipamento_locado,FC ENGENHARIA E CONSTRUCAO LTDA
MAT-2593,"MARTELETE 02,5KG (DE 00,0 A 02,5 KG)",un,1.000,estoque,equipamento_locado,FC ENGENHARIA E CONSTRUCAO LTDA
MAT-2594,"DIAGONA IS X 1,50 M",un,1.000,estoque,equipamento_locado,FC ENGENHARIA E CONSTRUCAO LTDA
MAT-2595,"DIAGONA IS X 1,50 M",un,1.000,estoque,equipamento_locado,FC ENGENHARIA E CONSTRUCAO LTDA
MAT-2596,"PRANCHAO METALICO 1,50M X 0,37M",un,1.000,estoque,equipamento_locado,FC ENGENHARIA E CONSTRUCAO LTDA
MAT-2597,"DIAGONA IS X 1,50 M",un,1.000,estoque,equipamento_locado,FC ENGENHARIA E CONSTRUCAO LTDA
MAT-2598,SAPATAS AJUSTÁVEIS,un,1.000,estoque,equipamento_locado,FC ENGENHARIA E CONSTRUCAO LTDA
MAT-2599,"PAINEL NR18 1,5X1,0 COM DEGRAU",un,1.000,estoque,equipamento_locado,FC ENGENHARIA E CONSTRUCAO LTDA
MAT-2600,"PAINEL NR18 1,5X1,0 COM DEGRAU",un,1.000,estoque,equipamento_locado,FC ENGENHARIA E CONSTRUCAO LTDA
MAT-2601,"DIAGONA IS X 1,50 M",un,1.000,estoque,equipamento_locado,FC ENGENHARIA E CONSTRUCAO LTDA
MAT-2602,"DIAGONA IS X 1,50 M",un,1.000,estoque,equipamento_locado,FC ENGENHARIA E CONSTRUCAO LTDA
MAT-2603,"PAINEL NR18 1,5X1,0 COM DEGRAU",un,1.000,estoque,equipamento_locado,FC ENGENHARIA E CONSTRUCAO LTDA
MAT-2604,"DIAGONA IS X 1,50 M",un,1.000,estoque,equipamento_locado,FC ENGENHARIA E CONSTRUCAO LTDA
MAT-2605,"DIAGONA IS X 1,50 M",un,1.000,estoque,equipamento_locado,FC ENGENHARIA E CONSTRUCAO LTDA
MAT-2606,"DIAGONA IS X 1,50 M",un,1.000,estoque,equipamento_locado,FC ENGENHARIA E CONSTRUCAO LTDA
MAT-2607,"DIAGONA IS X 1,50 M",un,1.000,estoque,equipamento_locado,FC ENGENHARIA E CONSTRUCAO LTDA
MAT-2608,"DIAGONA IS X 1,50 M",un,1.000,estoque,equipamento_locado,FC ENGENHARIA E CONSTRUCAO LTDA
MAT-2609,"DIAGONA IS X 2,00 FACHADEIRO",un,1.000,estoque,equipamento_locado,FC ENGENHARIA E CONSTRUCAO LTDA
MAT-2610,"PAINEL NR18 1,5X1,0 COM DEGRAU",un,1.000,estoque,equipamento_locado,FC ENGENHARIA E CONSTRUCAO LTDA
MAT-2611,"ANDAIME TUBULAR 1,00 X 1,00 M",un,1.000,estoque,equipamento_locado,FC ENGENHARIA E CONSTRUCAO LTDA
MAT-2612,"PRANCHAO METALICO 1,50M X 0,37M",un,1.000,estoque,equipamento_locado,FC ENGENHARIA E CONSTRUCAO LTDA
MAT-2613,RODAPE P/FACHADEIRO,un,1.000,estoque,equipamento_locado,FC ENGENHARIA E CONSTRUCAO LTDA
MAT-2614,"PAINEL NR18 1,5X1,0 COM DEGRAU",un,1.000,estoque,equipamento_locado,FC ENGENHARIA E CONSTRUCAO LTDA
MAT-2615,"PAINEL FACHADEIRO 2,00X2,00 C/ ESCADA",un,1.000,estoque,equipamento_locado,FC ENGENHARIA E CONSTRUCAO LTDA
MAT-2616,"DIAGONA IS X 1,50 M",un,1.000,estoque,equipamento_locado,FC ENGENHARIA E CONSTRUCAO LTDA
MAT-2617,"PAINEL NR18 1,5X1,0 COM DEGRAU",un,1.000,estoque,equipamento_locado,FC ENGENHARIA E CONSTRUCAO LTDA
MAT-2618,"DIAGONA IS X 1,50 M",un,1.000,estoque,equipamento_locado,FC ENGENHARIA E CONSTRUCAO LTDA
MAT-2619,"PAINEL NR18 1,5X1,0 COM DEGRAU",un,1.000,estoque,equipamento_locado,FC ENGENHARIA E CONSTRUCAO LTDA
MAT-2620,CHAVE DE APERTO P/ SERRA MARMORE,un,1.000,estoque,equipamento_locado,FC ENGENHARIA E CONSTRUCAO LTDA
MAT-2621,"DIAGONA IS 2,12",un,1.000,estoque,equipamento_locado,FC ENGENHARIA E CONSTRUCAO LTDA
MAT-2622,SAPATAS AJUSTÁVEIS,un,1.000,estoque,equipamento_locado,FC ENGENHARIA E CONSTRUCAO LTDA
MAT-2623,"DIAGONA IS X 1,50 M",un,1.000,estoque,equipamento_locado,FC ENGENHARIA E CONSTRUCAO LTDA
MAT-2624,"ANDAIME TUBULAR 1,00 X 1,00 M",un,1.000,estoque,equipamento_locado,FC ENGENHARIA E CONSTRUCAO LTDA
MAT-2625,"ANDAIME TUBULAR 1,00 X 1,00 M",un,1.000,estoque,equipamento_locado,FC ENGENHARIA E CONSTRUCAO LTDA
MAT-2626,"ANDAIME TUBULAR 1,00 X 1,00 M",un,1.000,estoque,equipamento_locado,FC ENGENHARIA E CONSTRUCAO LTDA
MAT-2627,"DIAGONA IS X 1,50 M",un,1.000,estoque,equipamento_locado,FC ENGENHARIA E CONSTRUCAO LTDA
MAT-2628,SAPATAS AJUSTÁVEIS,un,1.000,estoque,equipamento_locado,FC ENGENHARIA E CONSTRUCAO LTDA
MAT-2629,"DIAGONA IS X 1,00 M",un,1.000,estoque,equipamento_locado,FC ENGENHARIA E CONSTRUCAO LTDA
MAT-2630,"PAINEL NR18 1,5X1,0 COM DEGRAU",un,1.000,estoque,equipamento_locado,FC ENGENHARIA E CONSTRUCAO LTDA
MAT-2631,MISTURADOR,un,1.000,estoque,equipamento_proprio,FC ENGENHARIA E CONSTRUCAO LTDA
MAT-2632,"ESMERILHADEIRA 4 ½""",un,1.000,estoque,equipamento_proprio,FC ENGENHARIA E CONSTRUCAO LTDA
MAT-2633,"ESMERILHADEIRA 4 ½""",un,1.000,estoque,equipamento_proprio,FC ENGENHARIA E CONSTRUCAO LTDA
MAT-2634,"ESMERILHADEIRA 4 ½""",un,1.000,estoque,equipamento_proprio,FC ENGENHARIA E CONSTRUCAO LTDA
MAT-2635,MISTURADOR,un,1.000,estoque,equipamento_proprio,FC ENGENHARIA E CONSTRUCAO LTDA
MAT-2636,VENTOSA ELETRICA,un,1.000,estoque,equipamento_proprio,FC ENGENHARIA E CONSTRUCAO LTDA
